03/18/2018,PFM002,UTI RETIREMENT SOLUTIONS LIMITED,SM002013,UTI RETIREMENT SOLUTIONS PENSION FUND SCHEME A - TIER II,10.0000
03/17/2018,PFM002,UTI RETIREMENT SOLUTIONS LIMITED,SM002013,UTI RETIREMENT SOLUTIONS PENSION FUND SCHEME A - TIER II,10.0000
03/13/2018,PFM002,UTI RETIREMENT SOLUTIONS LIMITED,SM002013,UTI RETIREMENT SOLUTIONS PENSION FUND SCHEME A - TIER II,10.0000
03/11/2018,PFM002,UTI RETIREMENT SOLUTIONS LIMITED,SM002013,UTI RETIREMENT SOLUTIONS PENSION FUND SCHEME A - TIER II,10.0000
03/10/2018,PFM002,UTI RETIREMENT SOLUTIONS LIMITED,SM002013,UTI RETIREMENT SOLUTIONS PENSION FUND SCHEME A - TIER II,10.0000
03/04/2018,PFM002,UTI RETIREMENT SOLUTIONS LIMITED,SM002013,UTI RETIREMENT SOLUTIONS PENSION FUND SCHEME A - TIER II,10.0000
03/03/2018,PFM002,UTI RETIREMENT SOLUTIONS LIMITED,SM002013,UTI RETIREMENT SOLUTIONS PENSION FUND SCHEME A - TIER II,10.0000
03/02/2018,PFM002,UTI RETIREMENT SOLUTIONS LIMITED,SM002013,UTI RETIREMENT SOLUTIONS PENSION FUND SCHEME A - TIER II,10.0000
02/25/2018,PFM002,UTI RETIREMENT SOLUTIONS LIMITED,SM002013,UTI RETIREMENT SOLUTIONS PENSION FUND SCHEME A - TIER II,10.0000
02/24/2018,PFM002,UTI RETIREMENT SOLUTIONS LIMITED,SM002013,UTI RETIREMENT SOLUTIONS PENSION FUND SCHEME A - TIER II,10.0000
02/19/2018,PFM002,UTI RETIREMENT SOLUTIONS LIMITED,SM002013,UTI RETIREMENT SOLUTIONS PENSION FUND SCHEME A - TIER II,10.0000
02/18/2018,PFM002,UTI RETIREMENT SOLUTIONS LIMITED,SM002013,UTI RETIREMENT SOLUTIONS PENSION FUND SCHEME A - TIER II,10.0000
02/17/2018,PFM002,UTI RETIREMENT SOLUTIONS LIMITED,SM002013,UTI RETIREMENT SOLUTIONS PENSION FUND SCHEME A - TIER II,10.0000
02/13/2018,PFM002,UTI RETIREMENT SOLUTIONS LIMITED,SM002013,UTI RETIREMENT SOLUTIONS PENSION FUND SCHEME A - TIER II,10.0000
02/11/2018,PFM002,UTI RETIREMENT SOLUTIONS LIMITED,SM002013,UTI RETIREMENT SOLUTIONS PENSION FUND SCHEME A - TIER II,10.0000
02/10/2018,PFM002,UTI RETIREMENT SOLUTIONS LIMITED,SM002013,UTI RETIREMENT SOLUTIONS PENSION FUND SCHEME A - TIER II,10.0000
02/04/2018,PFM002,UTI RETIREMENT SOLUTIONS LIMITED,SM002013,UTI RETIREMENT SOLUTIONS PENSION FUND SCHEME A - TIER II,10.0000
02/03/2018,PFM002,UTI RETIREMENT SOLUTIONS LIMITED,SM002013,UTI RETIREMENT SOLUTIONS PENSION FUND SCHEME A - TIER II,10.0000
01/28/2018,PFM002,UTI RETIREMENT SOLUTIONS LIMITED,SM002013,UTI RETIREMENT SOLUTIONS PENSION FUND SCHEME A - TIER II,10.0000
01/27/2018,PFM002,UTI RETIREMENT SOLUTIONS LIMITED,SM002013,UTI RETIREMENT SOLUTIONS PENSION FUND SCHEME A - TIER II,10.0000
01/26/2018,PFM002,UTI RETIREMENT SOLUTIONS LIMITED,SM002013,UTI RETIREMENT SOLUTIONS PENSION FUND SCHEME A - TIER II,10.0000
01/21/2018,PFM002,UTI RETIREMENT SOLUTIONS LIMITED,SM002013,UTI RETIREMENT SOLUTIONS PENSION FUND SCHEME A - TIER II,10.0000
01/20/2018,PFM002,UTI RETIREMENT SOLUTIONS LIMITED,SM002013,UTI RETIREMENT SOLUTIONS PENSION FUND SCHEME A - TIER II,10.0000
01/14/2018,PFM002,UTI RETIREMENT SOLUTIONS LIMITED,SM002013,UTI RETIREMENT SOLUTIONS PENSION FUND SCHEME A - TIER II,10.0000
01/13/2018,PFM002,UTI RETIREMENT SOLUTIONS LIMITED,SM002013,UTI RETIREMENT SOLUTIONS PENSION FUND SCHEME A - TIER II,10.0000
01/07/2018,PFM002,UTI RETIREMENT SOLUTIONS LIMITED,SM002013,UTI RETIREMENT SOLUTIONS PENSION FUND SCHEME A - TIER II,10.0000
01/06/2018,PFM002,UTI RETIREMENT SOLUTIONS LIMITED,SM002013,UTI RETIREMENT SOLUTIONS PENSION FUND SCHEME A - TIER II,10.0000
12/31/2017,PFM002,UTI RETIREMENT SOLUTIONS LIMITED,SM002013,UTI RETIREMENT SOLUTIONS PENSION FUND SCHEME A - TIER II,10.0000
12/30/2017,PFM002,UTI RETIREMENT SOLUTIONS LIMITED,SM002013,UTI RETIREMENT SOLUTIONS PENSION FUND SCHEME A - TIER II,10.0000
12/25/2017,PFM002,UTI RETIREMENT SOLUTIONS LIMITED,SM002013,UTI RETIREMENT SOLUTIONS PENSION FUND SCHEME A - TIER II,10.0000
12/24/2017,PFM002,UTI RETIREMENT SOLUTIONS LIMITED,SM002013,UTI RETIREMENT SOLUTIONS PENSION FUND SCHEME A - TIER II,10.0000
12/23/2017,PFM002,UTI RETIREMENT SOLUTIONS LIMITED,SM002013,UTI RETIREMENT SOLUTIONS PENSION FUND SCHEME A - TIER II,10.0000
12/17/2017,PFM002,UTI RETIREMENT SOLUTIONS LIMITED,SM002013,UTI RETIREMENT SOLUTIONS PENSION FUND SCHEME A - TIER II,10.0000
12/16/2017,PFM002,UTI RETIREMENT SOLUTIONS LIMITED,SM002013,UTI RETIREMENT SOLUTIONS PENSION FUND SCHEME A - TIER II,10.0000
12/10/2017,PFM002,UTI RETIREMENT SOLUTIONS LIMITED,SM002013,UTI RETIREMENT SOLUTIONS PENSION FUND SCHEME A - TIER II,10.0000
12/09/2017,PFM002,UTI RETIREMENT SOLUTIONS LIMITED,SM002013,UTI RETIREMENT SOLUTIONS PENSION FUND SCHEME A - TIER II,10.0000
12/03/2017,PFM002,UTI RETIREMENT SOLUTIONS LIMITED,SM002013,UTI RETIREMENT SOLUTIONS PENSION FUND SCHEME A - TIER II,10.0000
12/02/2017,PFM002,UTI RETIREMENT SOLUTIONS LIMITED,SM002013,UTI RETIREMENT SOLUTIONS PENSION FUND SCHEME A - TIER II,10.0000
12/01/2017,PFM002,UTI RETIREMENT SOLUTIONS LIMITED,SM002013,UTI RETIREMENT SOLUTIONS PENSION FUND SCHEME A - TIER II,10.0000
11/26/2017,PFM002,UTI RETIREMENT SOLUTIONS LIMITED,SM002013,UTI RETIREMENT SOLUTIONS PENSION FUND SCHEME A - TIER II,10.0000
11/25/2017,PFM002,UTI RETIREMENT SOLUTIONS LIMITED,SM002013,UTI RETIREMENT SOLUTIONS PENSION FUND SCHEME A - TIER II,10.0000
11/19/2017,PFM002,UTI RETIREMENT SOLUTIONS LIMITED,SM002013,UTI RETIREMENT SOLUTIONS PENSION FUND SCHEME A - TIER II,10.0000
11/18/2017,PFM002,UTI RETIREMENT SOLUTIONS LIMITED,SM002013,UTI RETIREMENT SOLUTIONS PENSION FUND SCHEME A - TIER II,10.0000
11/12/2017,PFM002,UTI RETIREMENT SOLUTIONS LIMITED,SM002013,UTI RETIREMENT SOLUTIONS PENSION FUND SCHEME A - TIER II,10.0000
11/11/2017,PFM002,UTI RETIREMENT SOLUTIONS LIMITED,SM002013,UTI RETIREMENT SOLUTIONS PENSION FUND SCHEME A - TIER II,10.0000
11/05/2017,PFM002,UTI RETIREMENT SOLUTIONS LIMITED,SM002013,UTI RETIREMENT SOLUTIONS PENSION FUND SCHEME A - TIER II,10.0000
11/04/2017,PFM002,UTI RETIREMENT SOLUTIONS LIMITED,SM002013,UTI RETIREMENT SOLUTIONS PENSION FUND SCHEME A - TIER II,10.0000
10/29/2017,PFM002,UTI RETIREMENT SOLUTIONS LIMITED,SM002013,UTI RETIREMENT SOLUTIONS PENSION FUND SCHEME A - TIER II,10.0000
10/28/2017,PFM002,UTI RETIREMENT SOLUTIONS LIMITED,SM002013,UTI RETIREMENT SOLUTIONS PENSION FUND SCHEME A - TIER II,10.0000
10/22/2017,PFM002,UTI RETIREMENT SOLUTIONS LIMITED,SM002013,UTI RETIREMENT SOLUTIONS PENSION FUND SCHEME A - TIER II,10.0000
10/21/2017,PFM002,UTI RETIREMENT SOLUTIONS LIMITED,SM002013,UTI RETIREMENT SOLUTIONS PENSION FUND SCHEME A - TIER II,10.0000
10/20/2017,PFM002,UTI RETIREMENT SOLUTIONS LIMITED,SM002013,UTI RETIREMENT SOLUTIONS PENSION FUND SCHEME A - TIER II,10.0000
10/19/2017,PFM002,UTI RETIREMENT SOLUTIONS LIMITED,SM002013,UTI RETIREMENT SOLUTIONS PENSION FUND SCHEME A - TIER II,10.0000
10/15/2017,PFM002,UTI RETIREMENT SOLUTIONS LIMITED,SM002013,UTI RETIREMENT SOLUTIONS PENSION FUND SCHEME A - TIER II,10.0000
10/14/2017,PFM002,UTI RETIREMENT SOLUTIONS LIMITED,SM002013,UTI RETIREMENT SOLUTIONS PENSION FUND SCHEME A - TIER II,10.0000
10/08/2017,PFM002,UTI RETIREMENT SOLUTIONS LIMITED,SM002013,UTI RETIREMENT SOLUTIONS PENSION FUND SCHEME A - TIER II,10.0000
10/07/2017,PFM002,UTI RETIREMENT SOLUTIONS LIMITED,SM002013,UTI RETIREMENT SOLUTIONS PENSION FUND SCHEME A - TIER II,10.0000
10/02/2017,PFM002,UTI RETIREMENT SOLUTIONS LIMITED,SM002013,UTI RETIREMENT SOLUTIONS PENSION FUND SCHEME A - TIER II,10.0000
10/01/2017,PFM002,UTI RETIREMENT SOLUTIONS LIMITED,SM002013,UTI RETIREMENT SOLUTIONS PENSION FUND SCHEME A - TIER II,10.0000
09/30/2017,PFM002,UTI RETIREMENT SOLUTIONS LIMITED,SM002013,UTI RETIREMENT SOLUTIONS PENSION FUND SCHEME A - TIER II,10.0000
09/24/2017,PFM002,UTI RETIREMENT SOLUTIONS LIMITED,SM002013,UTI RETIREMENT SOLUTIONS PENSION FUND SCHEME A - TIER II,10.0000
09/23/2017,PFM002,UTI RETIREMENT SOLUTIONS LIMITED,SM002013,UTI RETIREMENT SOLUTIONS PENSION FUND SCHEME A - TIER II,10.0000
09/17/2017,PFM002,UTI RETIREMENT SOLUTIONS LIMITED,SM002013,UTI RETIREMENT SOLUTIONS PENSION FUND SCHEME A - TIER II,10.0000
09/16/2017,PFM002,UTI RETIREMENT SOLUTIONS LIMITED,SM002013,UTI RETIREMENT SOLUTIONS PENSION FUND SCHEME A - TIER II,10.0000
09/10/2017,PFM002,UTI RETIREMENT SOLUTIONS LIMITED,SM002013,UTI RETIREMENT SOLUTIONS PENSION FUND SCHEME A - TIER II,10.0000
09/09/2017,PFM002,UTI RETIREMENT SOLUTIONS LIMITED,SM002013,UTI RETIREMENT SOLUTIONS PENSION FUND SCHEME A - TIER II,10.0000
09/03/2017,PFM002,UTI RETIREMENT SOLUTIONS LIMITED,SM002013,UTI RETIREMENT SOLUTIONS PENSION FUND SCHEME A - TIER II,10.0000
09/02/2017,PFM002,UTI RETIREMENT SOLUTIONS LIMITED,SM002013,UTI RETIREMENT SOLUTIONS PENSION FUND SCHEME A - TIER II,10.0000
08/29/2017,PFM002,UTI RETIREMENT SOLUTIONS LIMITED,SM002013,UTI RETIREMENT SOLUTIONS PENSION FUND SCHEME A - TIER II,10.0000
08/27/2017,PFM002,UTI RETIREMENT SOLUTIONS LIMITED,SM002013,UTI RETIREMENT SOLUTIONS PENSION FUND SCHEME A - TIER II,10.0000
08/26/2017,PFM002,UTI RETIREMENT SOLUTIONS LIMITED,SM002013,UTI RETIREMENT SOLUTIONS PENSION FUND SCHEME A - TIER II,10.0000
08/25/2017,PFM002,UTI RETIREMENT SOLUTIONS LIMITED,SM002013,UTI RETIREMENT SOLUTIONS PENSION FUND SCHEME A - TIER II,10.0000
08/20/2017,PFM002,UTI RETIREMENT SOLUTIONS LIMITED,SM002013,UTI RETIREMENT SOLUTIONS PENSION FUND SCHEME A - TIER II,10.0000
08/19/2017,PFM002,UTI RETIREMENT SOLUTIONS LIMITED,SM002013,UTI RETIREMENT SOLUTIONS PENSION FUND SCHEME A - TIER II,10.0000
08/17/2017,PFM002,UTI RETIREMENT SOLUTIONS LIMITED,SM002013,UTI RETIREMENT SOLUTIONS PENSION FUND SCHEME A - TIER II,10.0000
08/15/2017,PFM002,UTI RETIREMENT SOLUTIONS LIMITED,SM002013,UTI RETIREMENT SOLUTIONS PENSION FUND SCHEME A - TIER II,10.0000
08/13/2017,PFM002,UTI RETIREMENT SOLUTIONS LIMITED,SM002013,UTI RETIREMENT SOLUTIONS PENSION FUND SCHEME A - TIER II,10.0000
08/12/2017,PFM002,UTI RETIREMENT SOLUTIONS LIMITED,SM002013,UTI RETIREMENT SOLUTIONS PENSION FUND SCHEME A - TIER II,10.0000
08/06/2017,PFM002,UTI RETIREMENT SOLUTIONS LIMITED,SM002013,UTI RETIREMENT SOLUTIONS PENSION FUND SCHEME A - TIER II,10.0000
08/05/2017,PFM002,UTI RETIREMENT SOLUTIONS LIMITED,SM002013,UTI RETIREMENT SOLUTIONS PENSION FUND SCHEME A - TIER II,10.0000
07/30/2017,PFM002,UTI RETIREMENT SOLUTIONS LIMITED,SM002013,UTI RETIREMENT SOLUTIONS PENSION FUND SCHEME A - TIER II,10.0000
07/29/2017,PFM002,UTI RETIREMENT SOLUTIONS LIMITED,SM002013,UTI RETIREMENT SOLUTIONS PENSION FUND SCHEME A - TIER II,10.0000
07/23/2017,PFM002,UTI RETIREMENT SOLUTIONS LIMITED,SM002013,UTI RETIREMENT SOLUTIONS PENSION FUND SCHEME A - TIER II,10.0000
07/22/2017,PFM002,UTI RETIREMENT SOLUTIONS LIMITED,SM002013,UTI RETIREMENT SOLUTIONS PENSION FUND SCHEME A - TIER II,10.0000
07/16/2017,PFM002,UTI RETIREMENT SOLUTIONS LIMITED,SM002013,UTI RETIREMENT SOLUTIONS PENSION FUND SCHEME A - TIER II,10.0000
07/15/2017,PFM002,UTI RETIREMENT SOLUTIONS LIMITED,SM002013,UTI RETIREMENT SOLUTIONS PENSION FUND SCHEME A - TIER II,10.0000
07/09/2017,PFM002,UTI RETIREMENT SOLUTIONS LIMITED,SM002013,UTI RETIREMENT SOLUTIONS PENSION FUND SCHEME A - TIER II,10.0000
07/08/2017,PFM002,UTI RETIREMENT SOLUTIONS LIMITED,SM002013,UTI RETIREMENT SOLUTIONS PENSION FUND SCHEME A - TIER II,10.0000
07/02/2017,PFM002,UTI RETIREMENT SOLUTIONS LIMITED,SM002013,UTI RETIREMENT SOLUTIONS PENSION FUND SCHEME A - TIER II,10.0000
07/01/2017,PFM002,UTI RETIREMENT SOLUTIONS LIMITED,SM002013,UTI RETIREMENT SOLUTIONS PENSION FUND SCHEME A - TIER II,10.0000
06/28/2017,PFM002,UTI RETIREMENT SOLUTIONS LIMITED,SM002013,UTI RETIREMENT SOLUTIONS PENSION FUND SCHEME A - TIER II,10.0000
06/26/2017,PFM002,UTI RETIREMENT SOLUTIONS LIMITED,SM002013,UTI RETIREMENT SOLUTIONS PENSION FUND SCHEME A - TIER II,10.0000
06/25/2017,PFM002,UTI RETIREMENT SOLUTIONS LIMITED,SM002013,UTI RETIREMENT SOLUTIONS PENSION FUND SCHEME A - TIER II,10.0000
06/24/2017,PFM002,UTI RETIREMENT SOLUTIONS LIMITED,SM002013,UTI RETIREMENT SOLUTIONS PENSION FUND SCHEME A - TIER II,10.0000
06/18/2017,PFM002,UTI RETIREMENT SOLUTIONS LIMITED,SM002013,UTI RETIREMENT SOLUTIONS PENSION FUND SCHEME A - TIER II,10.4456
06/17/2017,PFM002,UTI RETIREMENT SOLUTIONS LIMITED,SM002013,UTI RETIREMENT SOLUTIONS PENSION FUND SCHEME A - TIER II,10.4456
06/16/2017,PFM002,UTI RETIREMENT SOLUTIONS LIMITED,SM002013,UTI RETIREMENT SOLUTIONS PENSION FUND SCHEME A - TIER II,10.4456
06/15/2017,PFM002,UTI RETIREMENT SOLUTIONS LIMITED,SM002013,UTI RETIREMENT SOLUTIONS PENSION FUND SCHEME A - TIER II,10.4456
06/14/2017,PFM002,UTI RETIREMENT SOLUTIONS LIMITED,SM002013,UTI RETIREMENT SOLUTIONS PENSION FUND SCHEME A - TIER II,10.4456
06/11/2017,PFM002,UTI RETIREMENT SOLUTIONS LIMITED,SM002013,UTI RETIREMENT SOLUTIONS PENSION FUND SCHEME A - TIER II,10.4246
06/10/2017,PFM002,UTI RETIREMENT SOLUTIONS LIMITED,SM002013,UTI RETIREMENT SOLUTIONS PENSION FUND SCHEME A - TIER II,10.4228
06/04/2017,PFM002,UTI RETIREMENT SOLUTIONS LIMITED,SM002013,UTI RETIREMENT SOLUTIONS PENSION FUND SCHEME A - TIER II,10.4119
06/03/2017,PFM002,UTI RETIREMENT SOLUTIONS LIMITED,SM002013,UTI RETIREMENT SOLUTIONS PENSION FUND SCHEME A - TIER II,10.4101
05/30/2017,PFM002,UTI RETIREMENT SOLUTIONS LIMITED,SM002013,UTI RETIREMENT SOLUTIONS PENSION FUND SCHEME A - TIER II,10.4024
05/28/2017,PFM002,UTI RETIREMENT SOLUTIONS LIMITED,SM002013,UTI RETIREMENT SOLUTIONS PENSION FUND SCHEME A - TIER II,10.3988
05/27/2017,PFM002,UTI RETIREMENT SOLUTIONS LIMITED,SM002013,UTI RETIREMENT SOLUTIONS PENSION FUND SCHEME A - TIER II,10.3970
05/21/2017,PFM002,UTI RETIREMENT SOLUTIONS LIMITED,SM002013,UTI RETIREMENT SOLUTIONS PENSION FUND SCHEME A - TIER II,10.3853
05/20/2017,PFM002,UTI RETIREMENT SOLUTIONS LIMITED,SM002013,UTI RETIREMENT SOLUTIONS PENSION FUND SCHEME A - TIER II,10.3835
05/15/2017,PFM002,UTI RETIREMENT SOLUTIONS LIMITED,SM002013,UTI RETIREMENT SOLUTIONS PENSION FUND SCHEME A - TIER II,10.3737
05/14/2017,PFM002,UTI RETIREMENT SOLUTIONS LIMITED,SM002013,UTI RETIREMENT SOLUTIONS PENSION FUND SCHEME A - TIER II,10.3719
05/13/2017,PFM002,UTI RETIREMENT SOLUTIONS LIMITED,SM002013,UTI RETIREMENT SOLUTIONS PENSION FUND SCHEME A - TIER II,10.3700
05/10/2017,PFM002,UTI RETIREMENT SOLUTIONS LIMITED,SM002013,UTI RETIREMENT SOLUTIONS PENSION FUND SCHEME A - TIER II,10.3643
05/07/2017,PFM002,UTI RETIREMENT SOLUTIONS LIMITED,SM002013,UTI RETIREMENT SOLUTIONS PENSION FUND SCHEME A - TIER II,10.3590
05/06/2017,PFM002,UTI RETIREMENT SOLUTIONS LIMITED,SM002013,UTI RETIREMENT SOLUTIONS PENSION FUND SCHEME A - TIER II,10.3572
05/01/2017,PFM002,UTI RETIREMENT SOLUTIONS LIMITED,SM002013,UTI RETIREMENT SOLUTIONS PENSION FUND SCHEME A - TIER II,10.3474
04/30/2017,PFM002,UTI RETIREMENT SOLUTIONS LIMITED,SM002013,UTI RETIREMENT SOLUTIONS PENSION FUND SCHEME A - TIER II,10.3452
04/29/2017,PFM002,UTI RETIREMENT SOLUTIONS LIMITED,SM002013,UTI RETIREMENT SOLUTIONS PENSION FUND SCHEME A - TIER II,10.3431
04/23/2017,PFM002,UTI RETIREMENT SOLUTIONS LIMITED,SM002013,UTI RETIREMENT SOLUTIONS PENSION FUND SCHEME A - TIER II,10.3311
04/22/2017,PFM002,UTI RETIREMENT SOLUTIONS LIMITED,SM002013,UTI RETIREMENT SOLUTIONS PENSION FUND SCHEME A - TIER II,10.3293
04/16/2017,PFM002,UTI RETIREMENT SOLUTIONS LIMITED,SM002013,UTI RETIREMENT SOLUTIONS PENSION FUND SCHEME A - TIER II,10.3184
04/15/2017,PFM002,UTI RETIREMENT SOLUTIONS LIMITED,SM002013,UTI RETIREMENT SOLUTIONS PENSION FUND SCHEME A - TIER II,10.3166
04/14/2017,PFM002,UTI RETIREMENT SOLUTIONS LIMITED,SM002013,UTI RETIREMENT SOLUTIONS PENSION FUND SCHEME A - TIER II,10.3147
04/09/2017,PFM002,UTI RETIREMENT SOLUTIONS LIMITED,SM002013,UTI RETIREMENT SOLUTIONS PENSION FUND SCHEME A - TIER II,10.3053
04/08/2017,PFM002,UTI RETIREMENT SOLUTIONS LIMITED,SM002013,UTI RETIREMENT SOLUTIONS PENSION FUND SCHEME A - TIER II,10.3035
04/04/2017,PFM002,UTI RETIREMENT SOLUTIONS LIMITED,SM002013,UTI RETIREMENT SOLUTIONS PENSION FUND SCHEME A - TIER II,10.2961
04/02/2017,PFM002,UTI RETIREMENT SOLUTIONS LIMITED,SM002013,UTI RETIREMENT SOLUTIONS PENSION FUND SCHEME A - TIER II,10.2923
04/01/2017,PFM002,UTI RETIREMENT SOLUTIONS LIMITED,SM002013,UTI RETIREMENT SOLUTIONS PENSION FUND SCHEME A - TIER II,10.2903
03/28/2017,PFM002,UTI RETIREMENT SOLUTIONS LIMITED,SM002013,UTI RETIREMENT SOLUTIONS PENSION FUND SCHEME A - TIER II,10.2816
03/26/2017,PFM002,UTI RETIREMENT SOLUTIONS LIMITED,SM002013,UTI RETIREMENT SOLUTIONS PENSION FUND SCHEME A - TIER II,10.2780
03/25/2017,PFM002,UTI RETIREMENT SOLUTIONS LIMITED,SM002013,UTI RETIREMENT SOLUTIONS PENSION FUND SCHEME A - TIER II,10.2762
03/19/2017,PFM002,UTI RETIREMENT SOLUTIONS LIMITED,SM002013,UTI RETIREMENT SOLUTIONS PENSION FUND SCHEME A - TIER II,10.2645
03/18/2017,PFM002,UTI RETIREMENT SOLUTIONS LIMITED,SM002013,UTI RETIREMENT SOLUTIONS PENSION FUND SCHEME A - TIER II,10.2625
03/13/2017,PFM002,UTI RETIREMENT SOLUTIONS LIMITED,SM002013,UTI RETIREMENT SOLUTIONS PENSION FUND SCHEME A - TIER II,10.2530
03/12/2017,PFM002,UTI RETIREMENT SOLUTIONS LIMITED,SM002013,UTI RETIREMENT SOLUTIONS PENSION FUND SCHEME A - TIER II,10.2512
03/11/2017,PFM002,UTI RETIREMENT SOLUTIONS LIMITED,SM002013,UTI RETIREMENT SOLUTIONS PENSION FUND SCHEME A - TIER II,10.2494
03/05/2017,PFM002,UTI RETIREMENT SOLUTIONS LIMITED,SM002013,UTI RETIREMENT SOLUTIONS PENSION FUND SCHEME A - TIER II,10.2386
03/04/2017,PFM002,UTI RETIREMENT SOLUTIONS LIMITED,SM002013,UTI RETIREMENT SOLUTIONS PENSION FUND SCHEME A - TIER II,10.2368
02/26/2017,PFM002,UTI RETIREMENT SOLUTIONS LIMITED,SM002013,UTI RETIREMENT SOLUTIONS PENSION FUND SCHEME A - TIER II,10.2256
02/25/2017,PFM002,UTI RETIREMENT SOLUTIONS LIMITED,SM002013,UTI RETIREMENT SOLUTIONS PENSION FUND SCHEME A - TIER II,10.2238
02/24/2017,PFM002,UTI RETIREMENT SOLUTIONS LIMITED,SM002013,UTI RETIREMENT SOLUTIONS PENSION FUND SCHEME A - TIER II,10.2220
02/21/2017,PFM002,UTI RETIREMENT SOLUTIONS LIMITED,SM002013,UTI RETIREMENT SOLUTIONS PENSION FUND SCHEME A - TIER II,10.2173
02/19/2017,PFM002,UTI RETIREMENT SOLUTIONS LIMITED,SM002013,UTI RETIREMENT SOLUTIONS PENSION FUND SCHEME A - TIER II,10.2133
02/18/2017,PFM002,UTI RETIREMENT SOLUTIONS LIMITED,SM002013,UTI RETIREMENT SOLUTIONS PENSION FUND SCHEME A - TIER II,10.2115
02/12/2017,PFM002,UTI RETIREMENT SOLUTIONS LIMITED,SM002013,UTI RETIREMENT SOLUTIONS PENSION FUND SCHEME A - TIER II,10.2005
02/11/2017,PFM002,UTI RETIREMENT SOLUTIONS LIMITED,SM002013,UTI RETIREMENT SOLUTIONS PENSION FUND SCHEME A - TIER II,10.1987
02/05/2017,PFM002,UTI RETIREMENT SOLUTIONS LIMITED,SM002013,UTI RETIREMENT SOLUTIONS PENSION FUND SCHEME A - TIER II,10.1865
02/04/2017,PFM002,UTI RETIREMENT SOLUTIONS LIMITED,SM002013,UTI RETIREMENT SOLUTIONS PENSION FUND SCHEME A - TIER II,10.1846
01/29/2017,PFM002,UTI RETIREMENT SOLUTIONS LIMITED,SM002013,UTI RETIREMENT SOLUTIONS PENSION FUND SCHEME A - TIER II,10.1722
01/28/2017,PFM002,UTI RETIREMENT SOLUTIONS LIMITED,SM002013,UTI RETIREMENT SOLUTIONS PENSION FUND SCHEME A - TIER II,10.1704
01/26/2017,PFM002,UTI RETIREMENT SOLUTIONS LIMITED,SM002013,UTI RETIREMENT SOLUTIONS PENSION FUND SCHEME A - TIER II,10.1668
01/22/2017,PFM002,UTI RETIREMENT SOLUTIONS LIMITED,SM002013,UTI RETIREMENT SOLUTIONS PENSION FUND SCHEME A - TIER II,10.1593
01/21/2017,PFM002,UTI RETIREMENT SOLUTIONS LIMITED,SM002013,UTI RETIREMENT SOLUTIONS PENSION FUND SCHEME A - TIER II,10.1574
01/15/2017,PFM002,UTI RETIREMENT SOLUTIONS LIMITED,SM002013,UTI RETIREMENT SOLUTIONS PENSION FUND SCHEME A - TIER II,10.1472
01/14/2017,PFM002,UTI RETIREMENT SOLUTIONS LIMITED,SM002013,UTI RETIREMENT SOLUTIONS PENSION FUND SCHEME A - TIER II,10.1454
01/08/2017,PFM002,UTI RETIREMENT SOLUTIONS LIMITED,SM002013,UTI RETIREMENT SOLUTIONS PENSION FUND SCHEME A - TIER II,10.1338
01/07/2017,PFM002,UTI RETIREMENT SOLUTIONS LIMITED,SM002013,UTI RETIREMENT SOLUTIONS PENSION FUND SCHEME A - TIER II,10.1319
01/01/2017,PFM002,UTI RETIREMENT SOLUTIONS LIMITED,SM002013,UTI RETIREMENT SOLUTIONS PENSION FUND SCHEME A - TIER II,10.1209
12/31/2016,PFM002,UTI RETIREMENT SOLUTIONS LIMITED,SM002013,UTI RETIREMENT SOLUTIONS PENSION FUND SCHEME A - TIER II,10.1190
12/25/2016,PFM002,UTI RETIREMENT SOLUTIONS LIMITED,SM002013,UTI RETIREMENT SOLUTIONS PENSION FUND SCHEME A - TIER II,10.1063
12/24/2016,PFM002,UTI RETIREMENT SOLUTIONS LIMITED,SM002013,UTI RETIREMENT SOLUTIONS PENSION FUND SCHEME A - TIER II,10.1045
12/18/2016,PFM002,UTI RETIREMENT SOLUTIONS LIMITED,SM002013,UTI RETIREMENT SOLUTIONS PENSION FUND SCHEME A - TIER II,10.0944
12/17/2016,PFM002,UTI RETIREMENT SOLUTIONS LIMITED,SM002013,UTI RETIREMENT SOLUTIONS PENSION FUND SCHEME A - TIER II,10.0927
12/12/2016,PFM002,UTI RETIREMENT SOLUTIONS LIMITED,SM002013,UTI RETIREMENT SOLUTIONS PENSION FUND SCHEME A - TIER II,10.0833
12/11/2016,PFM002,UTI RETIREMENT SOLUTIONS LIMITED,SM002013,UTI RETIREMENT SOLUTIONS PENSION FUND SCHEME A - TIER II,10.0815
12/10/2016,PFM002,UTI RETIREMENT SOLUTIONS LIMITED,SM002013,UTI RETIREMENT SOLUTIONS PENSION FUND SCHEME A - TIER II,10.0798
12/04/2016,PFM002,UTI RETIREMENT SOLUTIONS LIMITED,SM002013,UTI RETIREMENT SOLUTIONS PENSION FUND SCHEME A - TIER II,10.0702
12/03/2016,PFM002,UTI RETIREMENT SOLUTIONS LIMITED,SM002013,UTI RETIREMENT SOLUTIONS PENSION FUND SCHEME A - TIER II,10.0684
11/27/2016,PFM002,UTI RETIREMENT SOLUTIONS LIMITED,SM002013,UTI RETIREMENT SOLUTIONS PENSION FUND SCHEME A - TIER II,10.0585
11/26/2016,PFM002,UTI RETIREMENT SOLUTIONS LIMITED,SM002013,UTI RETIREMENT SOLUTIONS PENSION FUND SCHEME A - TIER II,10.0568
11/20/2016,PFM002,UTI RETIREMENT SOLUTIONS LIMITED,SM002013,UTI RETIREMENT SOLUTIONS PENSION FUND SCHEME A - TIER II,10.0463
11/19/2016,PFM002,UTI RETIREMENT SOLUTIONS LIMITED,SM002013,UTI RETIREMENT SOLUTIONS PENSION FUND SCHEME A - TIER II,10.0445
11/14/2016,PFM002,UTI RETIREMENT SOLUTIONS LIMITED,SM002013,UTI RETIREMENT SOLUTIONS PENSION FUND SCHEME A - TIER II,10.0354
11/13/2016,PFM002,UTI RETIREMENT SOLUTIONS LIMITED,SM002013,UTI RETIREMENT SOLUTIONS PENSION FUND SCHEME A - TIER II,10.0335
11/12/2016,PFM002,UTI RETIREMENT SOLUTIONS LIMITED,SM002013,UTI RETIREMENT SOLUTIONS PENSION FUND SCHEME A - TIER II,10.0317
11/09/2016,PFM002,UTI RETIREMENT SOLUTIONS LIMITED,SM002013,UTI RETIREMENT SOLUTIONS PENSION FUND SCHEME A - TIER II,10.0256
11/06/2016,PFM002,UTI RETIREMENT SOLUTIONS LIMITED,SM002013,UTI RETIREMENT SOLUTIONS PENSION FUND SCHEME A - TIER II,10.0214
11/05/2016,PFM002,UTI RETIREMENT SOLUTIONS LIMITED,SM002013,UTI RETIREMENT SOLUTIONS PENSION FUND SCHEME A - TIER II,10.0196
11/04/2016,PFM002,UTI RETIREMENT SOLUTIONS LIMITED,SM002013,UTI RETIREMENT SOLUTIONS PENSION FUND SCHEME A - TIER II,10.0177
10/31/2016,PFM002,UTI RETIREMENT SOLUTIONS LIMITED,SM002013,UTI RETIREMENT SOLUTIONS PENSION FUND SCHEME A - TIER II,10.0092
10/30/2016,PFM002,UTI RETIREMENT SOLUTIONS LIMITED,SM002013,UTI RETIREMENT SOLUTIONS PENSION FUND SCHEME A - TIER II,10.0072
10/29/2016,PFM002,UTI RETIREMENT SOLUTIONS LIMITED,SM002013,UTI RETIREMENT SOLUTIONS PENSION FUND SCHEME A - TIER II,10.0053
10/23/2016,PFM002,UTI RETIREMENT SOLUTIONS LIMITED,SM002013,UTI RETIREMENT SOLUTIONS PENSION FUND SCHEME A - TIER II,10.0000
10/22/2016,PFM002,UTI RETIREMENT SOLUTIONS LIMITED,SM002013,UTI RETIREMENT SOLUTIONS PENSION FUND SCHEME A - TIER II,10.0000
10/16/2016,PFM002,UTI RETIREMENT SOLUTIONS LIMITED,SM002013,UTI RETIREMENT SOLUTIONS PENSION FUND SCHEME A - TIER II,10.0000
10/15/2016,PFM002,UTI RETIREMENT SOLUTIONS LIMITED,SM002013,UTI RETIREMENT SOLUTIONS PENSION FUND SCHEME A - TIER II,10.0000
10/12/2016,PFM002,UTI RETIREMENT SOLUTIONS LIMITED,SM002013,UTI RETIREMENT SOLUTIONS PENSION FUND SCHEME A - TIER II,10.0000
10/11/2016,PFM002,UTI RETIREMENT SOLUTIONS LIMITED,SM002013,UTI RETIREMENT SOLUTIONS PENSION FUND SCHEME A - TIER II,10.0000
