06/26/2020,PFM008,HDFC PENSION MANAGEMENT COMPANY LIMITED,SM008002,HDFC PENSION MANAGEMENT COMPANY LIMITED SCHEME C - TIER I,20.1747
04/20/2018,PFM008,HDFC PENSION MANAGEMENT COMPANY LIMITED,SM008002,HDFC PENSION MANAGEMENT COMPANY LIMITED SCHEME C - TIER I,15.9050
03/13/2018,PFM008,HDFC PENSION MANAGEMENT COMPANY LIMITED,SM008002,HDFC PENSION MANAGEMENT COMPANY LIMITED SCHEME C - TIER I,15.7959
08/29/2017,PFM008,HDFC PENSION MANAGEMENT COMPANY LIMITED,SM008002,HDFC PENSION MANAGEMENT COMPANY LIMITED SCHEME C - TIER I,15.7966
06/28/2017,PFM008,HDFC PENSION MANAGEMENT COMPANY LIMITED,SM008002,HDFC PENSION MANAGEMENT COMPANY LIMITED SCHEME C - TIER I,15.5409
05/30/2017,PFM008,HDFC PENSION MANAGEMENT COMPANY LIMITED,SM008002,HDFC PENSION MANAGEMENT COMPANY LIMITED SCHEME C - TIER I,15.2805
05/15/2017,PFM008,HDFC PENSION MANAGEMENT COMPANY LIMITED,SM008002,HDFC PENSION MANAGEMENT COMPANY LIMITED SCHEME C - TIER I,15.2176
11/04/2016,PFM008,HDFC PENSION MANAGEMENT COMPANY LIMITED,SM008002,HDFC PENSION MANAGEMENT COMPANY LIMITED SCHEME C - TIER I,14.6958
04/25/2016,PFM008,HDFC PENSION MANAGEMENT COMPANY LIMITED,SM008002,HDFC PENSION MANAGEMENT COMPANY LIMITED SCHEME C - TIER I,13.6517
04/18/2016,PFM008,HDFC PENSION MANAGEMENT COMPANY LIMITED,SM008002,HDFC PENSION MANAGEMENT COMPANY LIMITED SCHEME C - TIER I,13.6573
04/13/2016,PFM008,HDFC PENSION MANAGEMENT COMPANY LIMITED,SM008002,HDFC PENSION MANAGEMENT COMPANY LIMITED SCHEME C - TIER I,13.6356
03/15/2016,PFM008,HDFC PENSION MANAGEMENT COMPANY LIMITED,SM008002,HDFC PENSION MANAGEMENT COMPANY LIMITED SCHEME C - TIER I,13.2982
01/06/2016,PFM008,HDFC PENSION MANAGEMENT COMPANY LIMITED,SM008002,HDFC PENSION MANAGEMENT COMPANY LIMITED SCHEME C - TIER I,13.1810
12/23/2015,PFM008,HDFC PENSION MANAGEMENT COMPANY LIMITED,SM008002,HDFC PENSION MANAGEMENT COMPANY LIMITED SCHEME C - TIER I,13.0924
08/21/2015,PFM008,HDFC PENSION MANAGEMENT COMPANY LIMITED,SM008002,HDFC PENSION MANAGEMENT COMPANY LIMITED SCHEME C - TIER I,12.7461
06/19/2015,PFM008,HDFC PENSION MANAGEMENT COMPANY LIMITED,SM008002,HDFC PENSION MANAGEMENT COMPANY LIMITED SCHEME C - TIER I,12.5029
04/06/2015,PFM008,HDFC PENSION MANAGEMENT COMPANY LIMITED,SM008002,HDFC PENSION MANAGEMENT COMPANY LIMITED SCHEME C - TIER I,12.3888
01/30/2015,PFM008,HDFC PENSION MANAGEMENT COMPANY LIMITED,SM008002,HDFC PENSION MANAGEMENT COMPANY LIMITED SCHEME C - TIER I,12.2130
12/16/2014,PFM008,HDFC PENSION MANAGEMENT COMPANY LIMITED,SM008002,HDFC PENSION MANAGEMENT COMPANY LIMITED SCHEME C - TIER I,11.8936
10/17/2014,PFM008,HDFC PENSION MANAGEMENT COMPANY LIMITED,SM008002,HDFC PENSION MANAGEMENT COMPANY LIMITED SCHEME C - TIER I,11.5180
08/14/2014,PFM008,HDFC PENSION MANAGEMENT COMPANY LIMITED,SM008002,HDFC PENSION MANAGEMENT COMPANY LIMITED SCHEME C - TIER I,11.1629
07/03/2014,PFM008,HDFC PENSION MANAGEMENT COMPANY LIMITED,SM008002,HDFC PENSION MANAGEMENT COMPANY LIMITED SCHEME C - TIER I,11.1319
06/26/2014,PFM008,HDFC PENSION MANAGEMENT COMPANY LIMITED,SM008002,HDFC PENSION MANAGEMENT COMPANY LIMITED SCHEME C - TIER I,11.1092
06/25/2014,PFM008,HDFC PENSION MANAGEMENT COMPANY LIMITED,SM008002,HDFC PENSION MANAGEMENT COMPANY LIMITED SCHEME C - TIER I,11.1055
06/23/2014,PFM008,HDFC PENSION MANAGEMENT COMPANY LIMITED,SM008002,HDFC PENSION MANAGEMENT COMPANY LIMITED SCHEME C - TIER I,11.0984
06/20/2014,PFM008,HDFC PENSION MANAGEMENT COMPANY LIMITED,SM008002,HDFC PENSION MANAGEMENT COMPANY LIMITED SCHEME C - TIER I,11.1004
06/18/2014,PFM008,HDFC PENSION MANAGEMENT COMPANY LIMITED,SM008002,HDFC PENSION MANAGEMENT COMPANY LIMITED SCHEME C - TIER I,11.1289
06/17/2014,PFM008,HDFC PENSION MANAGEMENT COMPANY LIMITED,SM008002,HDFC PENSION MANAGEMENT COMPANY LIMITED SCHEME C - TIER I,11.1291
06/16/2014,PFM008,HDFC PENSION MANAGEMENT COMPANY LIMITED,SM008002,HDFC PENSION MANAGEMENT COMPANY LIMITED SCHEME C - TIER I,11.1309
06/13/2014,PFM008,HDFC PENSION MANAGEMENT COMPANY LIMITED,SM008002,HDFC PENSION MANAGEMENT COMPANY LIMITED SCHEME C - TIER I,11.1489
06/12/2014,PFM008,HDFC PENSION MANAGEMENT COMPANY LIMITED,SM008002,HDFC PENSION MANAGEMENT COMPANY LIMITED SCHEME C - TIER I,11.1282
06/11/2014,PFM008,HDFC PENSION MANAGEMENT COMPANY LIMITED,SM008002,HDFC PENSION MANAGEMENT COMPANY LIMITED SCHEME C - TIER I,11.1361
06/10/2014,PFM008,HDFC PENSION MANAGEMENT COMPANY LIMITED,SM008002,HDFC PENSION MANAGEMENT COMPANY LIMITED SCHEME C - TIER I,11.1375
06/09/2014,PFM008,HDFC PENSION MANAGEMENT COMPANY LIMITED,SM008002,HDFC PENSION MANAGEMENT COMPANY LIMITED SCHEME C - TIER I,11.1234
06/06/2014,PFM008,HDFC PENSION MANAGEMENT COMPANY LIMITED,SM008002,HDFC PENSION MANAGEMENT COMPANY LIMITED SCHEME C - TIER I,11.1176
06/05/2014,PFM008,HDFC PENSION MANAGEMENT COMPANY LIMITED,SM008002,HDFC PENSION MANAGEMENT COMPANY LIMITED SCHEME C - TIER I,11.0826
06/03/2014,PFM008,HDFC PENSION MANAGEMENT COMPANY LIMITED,SM008002,HDFC PENSION MANAGEMENT COMPANY LIMITED SCHEME C - TIER I,11.0569
06/02/2014,PFM008,HDFC PENSION MANAGEMENT COMPANY LIMITED,SM008002,HDFC PENSION MANAGEMENT COMPANY LIMITED SCHEME C - TIER I,11.0208
05/30/2014,PFM008,HDFC PENSION MANAGEMENT COMPANY LIMITED,SM008002,HDFC PENSION MANAGEMENT COMPANY LIMITED SCHEME C - TIER I,10.9912
05/27/2014,PFM008,HDFC PENSION MANAGEMENT COMPANY LIMITED,SM008002,HDFC PENSION MANAGEMENT COMPANY LIMITED SCHEME C - TIER I,10.9866
05/26/2014,PFM008,HDFC PENSION MANAGEMENT COMPANY LIMITED,SM008002,HDFC PENSION MANAGEMENT COMPANY LIMITED SCHEME C - TIER I,10.9703
05/23/2014,PFM008,HDFC PENSION MANAGEMENT COMPANY LIMITED,SM008002,HDFC PENSION MANAGEMENT COMPANY LIMITED SCHEME C - TIER I,10.9721
05/22/2014,PFM008,HDFC PENSION MANAGEMENT COMPANY LIMITED,SM008002,HDFC PENSION MANAGEMENT COMPANY LIMITED SCHEME C - TIER I,10.9198
05/20/2014,PFM008,HDFC PENSION MANAGEMENT COMPANY LIMITED,SM008002,HDFC PENSION MANAGEMENT COMPANY LIMITED SCHEME C - TIER I,10.9121
05/19/2014,PFM008,HDFC PENSION MANAGEMENT COMPANY LIMITED,SM008002,HDFC PENSION MANAGEMENT COMPANY LIMITED SCHEME C - TIER I,10.9064
05/16/2014,PFM008,HDFC PENSION MANAGEMENT COMPANY LIMITED,SM008002,HDFC PENSION MANAGEMENT COMPANY LIMITED SCHEME C - TIER I,10.9036
05/15/2014,PFM008,HDFC PENSION MANAGEMENT COMPANY LIMITED,SM008002,HDFC PENSION MANAGEMENT COMPANY LIMITED SCHEME C - TIER I,10.8881
05/13/2014,PFM008,HDFC PENSION MANAGEMENT COMPANY LIMITED,SM008002,HDFC PENSION MANAGEMENT COMPANY LIMITED SCHEME C - TIER I,10.8854
05/12/2014,PFM008,HDFC PENSION MANAGEMENT COMPANY LIMITED,SM008002,HDFC PENSION MANAGEMENT COMPANY LIMITED SCHEME C - TIER I,10.8634
05/09/2014,PFM008,HDFC PENSION MANAGEMENT COMPANY LIMITED,SM008002,HDFC PENSION MANAGEMENT COMPANY LIMITED SCHEME C - TIER I,10.8655
05/08/2014,PFM008,HDFC PENSION MANAGEMENT COMPANY LIMITED,SM008002,HDFC PENSION MANAGEMENT COMPANY LIMITED SCHEME C - TIER I,10.8774
05/07/2014,PFM008,HDFC PENSION MANAGEMENT COMPANY LIMITED,SM008002,HDFC PENSION MANAGEMENT COMPANY LIMITED SCHEME C - TIER I,10.8315
05/06/2014,PFM008,HDFC PENSION MANAGEMENT COMPANY LIMITED,SM008002,HDFC PENSION MANAGEMENT COMPANY LIMITED SCHEME C - TIER I,10.8347
05/05/2014,PFM008,HDFC PENSION MANAGEMENT COMPANY LIMITED,SM008002,HDFC PENSION MANAGEMENT COMPANY LIMITED SCHEME C - TIER I,10.8497
05/02/2014,PFM008,HDFC PENSION MANAGEMENT COMPANY LIMITED,SM008002,HDFC PENSION MANAGEMENT COMPANY LIMITED SCHEME C - TIER I,10.8186
04/30/2014,PFM008,HDFC PENSION MANAGEMENT COMPANY LIMITED,SM008002,HDFC PENSION MANAGEMENT COMPANY LIMITED SCHEME C - TIER I,10.8035
04/28/2014,PFM008,HDFC PENSION MANAGEMENT COMPANY LIMITED,SM008002,HDFC PENSION MANAGEMENT COMPANY LIMITED SCHEME C - TIER I,10.7985
04/25/2014,PFM008,HDFC PENSION MANAGEMENT COMPANY LIMITED,SM008002,HDFC PENSION MANAGEMENT COMPANY LIMITED SCHEME C - TIER I,10.7739
04/23/2014,PFM008,HDFC PENSION MANAGEMENT COMPANY LIMITED,SM008002,HDFC PENSION MANAGEMENT COMPANY LIMITED SCHEME C - TIER I,10.7977
04/22/2014,PFM008,HDFC PENSION MANAGEMENT COMPANY LIMITED,SM008002,HDFC PENSION MANAGEMENT COMPANY LIMITED SCHEME C - TIER I,10.7254
04/21/2014,PFM008,HDFC PENSION MANAGEMENT COMPANY LIMITED,SM008002,HDFC PENSION MANAGEMENT COMPANY LIMITED SCHEME C - TIER I,10.7713
04/17/2014,PFM008,HDFC PENSION MANAGEMENT COMPANY LIMITED,SM008002,HDFC PENSION MANAGEMENT COMPANY LIMITED SCHEME C - TIER I,10.6871
04/16/2014,PFM008,HDFC PENSION MANAGEMENT COMPANY LIMITED,SM008002,HDFC PENSION MANAGEMENT COMPANY LIMITED SCHEME C - TIER I,10.6730
04/15/2014,PFM008,HDFC PENSION MANAGEMENT COMPANY LIMITED,SM008002,HDFC PENSION MANAGEMENT COMPANY LIMITED SCHEME C - TIER I,10.6643
04/11/2014,PFM008,HDFC PENSION MANAGEMENT COMPANY LIMITED,SM008002,HDFC PENSION MANAGEMENT COMPANY LIMITED SCHEME C - TIER I,10.6530
04/10/2014,PFM008,HDFC PENSION MANAGEMENT COMPANY LIMITED,SM008002,HDFC PENSION MANAGEMENT COMPANY LIMITED SCHEME C - TIER I,10.6242
04/09/2014,PFM008,HDFC PENSION MANAGEMENT COMPANY LIMITED,SM008002,HDFC PENSION MANAGEMENT COMPANY LIMITED SCHEME C - TIER I,10.6310
04/07/2014,PFM008,HDFC PENSION MANAGEMENT COMPANY LIMITED,SM008002,HDFC PENSION MANAGEMENT COMPANY LIMITED SCHEME C - TIER I,10.6348
04/04/2014,PFM008,HDFC PENSION MANAGEMENT COMPANY LIMITED,SM008002,HDFC PENSION MANAGEMENT COMPANY LIMITED SCHEME C - TIER I,10.6463
04/03/2014,PFM008,HDFC PENSION MANAGEMENT COMPANY LIMITED,SM008002,HDFC PENSION MANAGEMENT COMPANY LIMITED SCHEME C - TIER I,10.6913
04/02/2014,PFM008,HDFC PENSION MANAGEMENT COMPANY LIMITED,SM008002,HDFC PENSION MANAGEMENT COMPANY LIMITED SCHEME C - TIER I,10.6755
03/28/2014,PFM008,HDFC PENSION MANAGEMENT COMPANY LIMITED,SM008002,HDFC PENSION MANAGEMENT COMPANY LIMITED SCHEME C - TIER I,10.7002
03/27/2014,PFM008,HDFC PENSION MANAGEMENT COMPANY LIMITED,SM008002,HDFC PENSION MANAGEMENT COMPANY LIMITED SCHEME C - TIER I,10.6817
03/26/2014,PFM008,HDFC PENSION MANAGEMENT COMPANY LIMITED,SM008002,HDFC PENSION MANAGEMENT COMPANY LIMITED SCHEME C - TIER I,10.6989
03/25/2014,PFM008,HDFC PENSION MANAGEMENT COMPANY LIMITED,SM008002,HDFC PENSION MANAGEMENT COMPANY LIMITED SCHEME C - TIER I,10.6739
03/24/2014,PFM008,HDFC PENSION MANAGEMENT COMPANY LIMITED,SM008002,HDFC PENSION MANAGEMENT COMPANY LIMITED SCHEME C - TIER I,10.6615
03/21/2014,PFM008,HDFC PENSION MANAGEMENT COMPANY LIMITED,SM008002,HDFC PENSION MANAGEMENT COMPANY LIMITED SCHEME C - TIER I,10.6368
03/20/2014,PFM008,HDFC PENSION MANAGEMENT COMPANY LIMITED,SM008002,HDFC PENSION MANAGEMENT COMPANY LIMITED SCHEME C - TIER I,10.6031
03/19/2014,PFM008,HDFC PENSION MANAGEMENT COMPANY LIMITED,SM008002,HDFC PENSION MANAGEMENT COMPANY LIMITED SCHEME C - TIER I,10.6077
03/18/2014,PFM008,HDFC PENSION MANAGEMENT COMPANY LIMITED,SM008002,HDFC PENSION MANAGEMENT COMPANY LIMITED SCHEME C - TIER I,10.5907
03/14/2014,PFM008,HDFC PENSION MANAGEMENT COMPANY LIMITED,SM008002,HDFC PENSION MANAGEMENT COMPANY LIMITED SCHEME C - TIER I,10.5806
03/13/2014,PFM008,HDFC PENSION MANAGEMENT COMPANY LIMITED,SM008002,HDFC PENSION MANAGEMENT COMPANY LIMITED SCHEME C - TIER I,10.5984
03/12/2014,PFM008,HDFC PENSION MANAGEMENT COMPANY LIMITED,SM008002,HDFC PENSION MANAGEMENT COMPANY LIMITED SCHEME C - TIER I,10.5941
03/11/2014,PFM008,HDFC PENSION MANAGEMENT COMPANY LIMITED,SM008002,HDFC PENSION MANAGEMENT COMPANY LIMITED SCHEME C - TIER I,10.5832
03/10/2014,PFM008,HDFC PENSION MANAGEMENT COMPANY LIMITED,SM008002,HDFC PENSION MANAGEMENT COMPANY LIMITED SCHEME C - TIER I,10.5731
03/07/2014,PFM008,HDFC PENSION MANAGEMENT COMPANY LIMITED,SM008002,HDFC PENSION MANAGEMENT COMPANY LIMITED SCHEME C - TIER I,10.5636
03/06/2014,PFM008,HDFC PENSION MANAGEMENT COMPANY LIMITED,SM008002,HDFC PENSION MANAGEMENT COMPANY LIMITED SCHEME C - TIER I,10.5699
03/05/2014,PFM008,HDFC PENSION MANAGEMENT COMPANY LIMITED,SM008002,HDFC PENSION MANAGEMENT COMPANY LIMITED SCHEME C - TIER I,10.5438
03/04/2014,PFM008,HDFC PENSION MANAGEMENT COMPANY LIMITED,SM008002,HDFC PENSION MANAGEMENT COMPANY LIMITED SCHEME C - TIER I,10.5361
03/03/2014,PFM008,HDFC PENSION MANAGEMENT COMPANY LIMITED,SM008002,HDFC PENSION MANAGEMENT COMPANY LIMITED SCHEME C - TIER I,10.5368
02/28/2014,PFM008,HDFC PENSION MANAGEMENT COMPANY LIMITED,SM008002,HDFC PENSION MANAGEMENT COMPANY LIMITED SCHEME C - TIER I,10.5493
02/26/2014,PFM008,HDFC PENSION MANAGEMENT COMPANY LIMITED,SM008002,HDFC PENSION MANAGEMENT COMPANY LIMITED SCHEME C - TIER I,10.5306
02/25/2014,PFM008,HDFC PENSION MANAGEMENT COMPANY LIMITED,SM008002,HDFC PENSION MANAGEMENT COMPANY LIMITED SCHEME C - TIER I,10.5243
02/24/2014,PFM008,HDFC PENSION MANAGEMENT COMPANY LIMITED,SM008002,HDFC PENSION MANAGEMENT COMPANY LIMITED SCHEME C - TIER I,10.5340
02/21/2014,PFM008,HDFC PENSION MANAGEMENT COMPANY LIMITED,SM008002,HDFC PENSION MANAGEMENT COMPANY LIMITED SCHEME C - TIER I,10.5299
02/20/2014,PFM008,HDFC PENSION MANAGEMENT COMPANY LIMITED,SM008002,HDFC PENSION MANAGEMENT COMPANY LIMITED SCHEME C - TIER I,10.5293
02/18/2014,PFM008,HDFC PENSION MANAGEMENT COMPANY LIMITED,SM008002,HDFC PENSION MANAGEMENT COMPANY LIMITED SCHEME C - TIER I,10.5528
02/17/2014,PFM008,HDFC PENSION MANAGEMENT COMPANY LIMITED,SM008002,HDFC PENSION MANAGEMENT COMPANY LIMITED SCHEME C - TIER I,10.5527
02/14/2014,PFM008,HDFC PENSION MANAGEMENT COMPANY LIMITED,SM008002,HDFC PENSION MANAGEMENT COMPANY LIMITED SCHEME C - TIER I,10.5211
02/13/2014,PFM008,HDFC PENSION MANAGEMENT COMPANY LIMITED,SM008002,HDFC PENSION MANAGEMENT COMPANY LIMITED SCHEME C - TIER I,10.5354
02/12/2014,PFM008,HDFC PENSION MANAGEMENT COMPANY LIMITED,SM008002,HDFC PENSION MANAGEMENT COMPANY LIMITED SCHEME C - TIER I,10.5383
02/11/2014,PFM008,HDFC PENSION MANAGEMENT COMPANY LIMITED,SM008002,HDFC PENSION MANAGEMENT COMPANY LIMITED SCHEME C - TIER I,10.5503
02/10/2014,PFM008,HDFC PENSION MANAGEMENT COMPANY LIMITED,SM008002,HDFC PENSION MANAGEMENT COMPANY LIMITED SCHEME C - TIER I,10.5586
02/07/2014,PFM008,HDFC PENSION MANAGEMENT COMPANY LIMITED,SM008002,HDFC PENSION MANAGEMENT COMPANY LIMITED SCHEME C - TIER I,10.5490
02/06/2014,PFM008,HDFC PENSION MANAGEMENT COMPANY LIMITED,SM008002,HDFC PENSION MANAGEMENT COMPANY LIMITED SCHEME C - TIER I,10.5471
02/05/2014,PFM008,HDFC PENSION MANAGEMENT COMPANY LIMITED,SM008002,HDFC PENSION MANAGEMENT COMPANY LIMITED SCHEME C - TIER I,10.5564
02/04/2014,PFM008,HDFC PENSION MANAGEMENT COMPANY LIMITED,SM008002,HDFC PENSION MANAGEMENT COMPANY LIMITED SCHEME C - TIER I,10.5265
02/03/2014,PFM008,HDFC PENSION MANAGEMENT COMPANY LIMITED,SM008002,HDFC PENSION MANAGEMENT COMPANY LIMITED SCHEME C - TIER I,10.5135
01/31/2014,PFM008,HDFC PENSION MANAGEMENT COMPANY LIMITED,SM008002,HDFC PENSION MANAGEMENT COMPANY LIMITED SCHEME C - TIER I,10.5083
01/30/2014,PFM008,HDFC PENSION MANAGEMENT COMPANY LIMITED,SM008002,HDFC PENSION MANAGEMENT COMPANY LIMITED SCHEME C - TIER I,10.5221
01/29/2014,PFM008,HDFC PENSION MANAGEMENT COMPANY LIMITED,SM008002,HDFC PENSION MANAGEMENT COMPANY LIMITED SCHEME C - TIER I,10.5467
01/28/2014,PFM008,HDFC PENSION MANAGEMENT COMPANY LIMITED,SM008002,HDFC PENSION MANAGEMENT COMPANY LIMITED SCHEME C - TIER I,10.5407
01/27/2014,PFM008,HDFC PENSION MANAGEMENT COMPANY LIMITED,SM008002,HDFC PENSION MANAGEMENT COMPANY LIMITED SCHEME C - TIER I,10.5609
01/24/2014,PFM008,HDFC PENSION MANAGEMENT COMPANY LIMITED,SM008002,HDFC PENSION MANAGEMENT COMPANY LIMITED SCHEME C - TIER I,10.5702
01/23/2014,PFM008,HDFC PENSION MANAGEMENT COMPANY LIMITED,SM008002,HDFC PENSION MANAGEMENT COMPANY LIMITED SCHEME C - TIER I,10.5770
01/22/2014,PFM008,HDFC PENSION MANAGEMENT COMPANY LIMITED,SM008002,HDFC PENSION MANAGEMENT COMPANY LIMITED SCHEME C - TIER I,10.5712
01/21/2014,PFM008,HDFC PENSION MANAGEMENT COMPANY LIMITED,SM008002,HDFC PENSION MANAGEMENT COMPANY LIMITED SCHEME C - TIER I,10.5910
01/20/2014,PFM008,HDFC PENSION MANAGEMENT COMPANY LIMITED,SM008002,HDFC PENSION MANAGEMENT COMPANY LIMITED SCHEME C - TIER I,10.5726
01/17/2014,PFM008,HDFC PENSION MANAGEMENT COMPANY LIMITED,SM008002,HDFC PENSION MANAGEMENT COMPANY LIMITED SCHEME C - TIER I,10.5113
01/16/2014,PFM008,HDFC PENSION MANAGEMENT COMPANY LIMITED,SM008002,HDFC PENSION MANAGEMENT COMPANY LIMITED SCHEME C - TIER I,10.5406
01/15/2014,PFM008,HDFC PENSION MANAGEMENT COMPANY LIMITED,SM008002,HDFC PENSION MANAGEMENT COMPANY LIMITED SCHEME C - TIER I,10.5304
01/13/2014,PFM008,HDFC PENSION MANAGEMENT COMPANY LIMITED,SM008002,HDFC PENSION MANAGEMENT COMPANY LIMITED SCHEME C - TIER I,10.5149
01/10/2014,PFM008,HDFC PENSION MANAGEMENT COMPANY LIMITED,SM008002,HDFC PENSION MANAGEMENT COMPANY LIMITED SCHEME C - TIER I,10.4903
01/09/2014,PFM008,HDFC PENSION MANAGEMENT COMPANY LIMITED,SM008002,HDFC PENSION MANAGEMENT COMPANY LIMITED SCHEME C - TIER I,10.4841
01/08/2014,PFM008,HDFC PENSION MANAGEMENT COMPANY LIMITED,SM008002,HDFC PENSION MANAGEMENT COMPANY LIMITED SCHEME C - TIER I,10.4831
01/07/2014,PFM008,HDFC PENSION MANAGEMENT COMPANY LIMITED,SM008002,HDFC PENSION MANAGEMENT COMPANY LIMITED SCHEME C - TIER I,10.4912
01/06/2014,PFM008,HDFC PENSION MANAGEMENT COMPANY LIMITED,SM008002,HDFC PENSION MANAGEMENT COMPANY LIMITED SCHEME C - TIER I,10.4744
01/03/2014,PFM008,HDFC PENSION MANAGEMENT COMPANY LIMITED,SM008002,HDFC PENSION MANAGEMENT COMPANY LIMITED SCHEME C - TIER I,10.4704
01/02/2014,PFM008,HDFC PENSION MANAGEMENT COMPANY LIMITED,SM008002,HDFC PENSION MANAGEMENT COMPANY LIMITED SCHEME C - TIER I,10.4739
01/01/2014,PFM008,HDFC PENSION MANAGEMENT COMPANY LIMITED,SM008002,HDFC PENSION MANAGEMENT COMPANY LIMITED SCHEME C - TIER I,10.4495
12/31/2013,PFM008,HDFC PENSION MANAGEMENT COMPANY LIMITED,SM008002,HDFC PENSION MANAGEMENT COMPANY LIMITED SCHEME C - TIER I,10.4703
12/30/2013,PFM008,HDFC PENSION MANAGEMENT COMPANY LIMITED,SM008002,HDFC PENSION MANAGEMENT COMPANY LIMITED SCHEME C - TIER I,10.4424
12/27/2013,PFM008,HDFC PENSION MANAGEMENT COMPANY LIMITED,SM008002,HDFC PENSION MANAGEMENT COMPANY LIMITED SCHEME C - TIER I,10.4047
12/26/2013,PFM008,HDFC PENSION MANAGEMENT COMPANY LIMITED,SM008002,HDFC PENSION MANAGEMENT COMPANY LIMITED SCHEME C - TIER I,10.4139
12/24/2013,PFM008,HDFC PENSION MANAGEMENT COMPANY LIMITED,SM008002,HDFC PENSION MANAGEMENT COMPANY LIMITED SCHEME C - TIER I,10.4495
12/23/2013,PFM008,HDFC PENSION MANAGEMENT COMPANY LIMITED,SM008002,HDFC PENSION MANAGEMENT COMPANY LIMITED SCHEME C - TIER I,10.4413
12/20/2013,PFM008,HDFC PENSION MANAGEMENT COMPANY LIMITED,SM008002,HDFC PENSION MANAGEMENT COMPANY LIMITED SCHEME C - TIER I,10.4407
12/19/2013,PFM008,HDFC PENSION MANAGEMENT COMPANY LIMITED,SM008002,HDFC PENSION MANAGEMENT COMPANY LIMITED SCHEME C - TIER I,10.4236
12/18/2013,PFM008,HDFC PENSION MANAGEMENT COMPANY LIMITED,SM008002,HDFC PENSION MANAGEMENT COMPANY LIMITED SCHEME C - TIER I,10.4126
12/17/2013,PFM008,HDFC PENSION MANAGEMENT COMPANY LIMITED,SM008002,HDFC PENSION MANAGEMENT COMPANY LIMITED SCHEME C - TIER I,10.4094
12/16/2013,PFM008,HDFC PENSION MANAGEMENT COMPANY LIMITED,SM008002,HDFC PENSION MANAGEMENT COMPANY LIMITED SCHEME C - TIER I,10.4061
12/13/2013,PFM008,HDFC PENSION MANAGEMENT COMPANY LIMITED,SM008002,HDFC PENSION MANAGEMENT COMPANY LIMITED SCHEME C - TIER I,10.4025
12/12/2013,PFM008,HDFC PENSION MANAGEMENT COMPANY LIMITED,SM008002,HDFC PENSION MANAGEMENT COMPANY LIMITED SCHEME C - TIER I,10.4144
12/11/2013,PFM008,HDFC PENSION MANAGEMENT COMPANY LIMITED,SM008002,HDFC PENSION MANAGEMENT COMPANY LIMITED SCHEME C - TIER I,10.4065
12/10/2013,PFM008,HDFC PENSION MANAGEMENT COMPANY LIMITED,SM008002,HDFC PENSION MANAGEMENT COMPANY LIMITED SCHEME C - TIER I,10.3428
12/09/2013,PFM008,HDFC PENSION MANAGEMENT COMPANY LIMITED,SM008002,HDFC PENSION MANAGEMENT COMPANY LIMITED SCHEME C - TIER I,10.3420
12/06/2013,PFM008,HDFC PENSION MANAGEMENT COMPANY LIMITED,SM008002,HDFC PENSION MANAGEMENT COMPANY LIMITED SCHEME C - TIER I,10.3516
12/05/2013,PFM008,HDFC PENSION MANAGEMENT COMPANY LIMITED,SM008002,HDFC PENSION MANAGEMENT COMPANY LIMITED SCHEME C - TIER I,10.3470
12/04/2013,PFM008,HDFC PENSION MANAGEMENT COMPANY LIMITED,SM008002,HDFC PENSION MANAGEMENT COMPANY LIMITED SCHEME C - TIER I,10.3413
12/03/2013,PFM008,HDFC PENSION MANAGEMENT COMPANY LIMITED,SM008002,HDFC PENSION MANAGEMENT COMPANY LIMITED SCHEME C - TIER I,10.3403
12/02/2013,PFM008,HDFC PENSION MANAGEMENT COMPANY LIMITED,SM008002,HDFC PENSION MANAGEMENT COMPANY LIMITED SCHEME C - TIER I,10.3393
11/29/2013,PFM008,HDFC PENSION MANAGEMENT COMPANY LIMITED,SM008002,HDFC PENSION MANAGEMENT COMPANY LIMITED SCHEME C - TIER I,10.3391
11/28/2013,PFM008,HDFC PENSION MANAGEMENT COMPANY LIMITED,SM008002,HDFC PENSION MANAGEMENT COMPANY LIMITED SCHEME C - TIER I,10.3365
11/27/2013,PFM008,HDFC PENSION MANAGEMENT COMPANY LIMITED,SM008002,HDFC PENSION MANAGEMENT COMPANY LIMITED SCHEME C - TIER I,10.3332
11/26/2013,PFM008,HDFC PENSION MANAGEMENT COMPANY LIMITED,SM008002,HDFC PENSION MANAGEMENT COMPANY LIMITED SCHEME C - TIER I,10.3314
11/25/2013,PFM008,HDFC PENSION MANAGEMENT COMPANY LIMITED,SM008002,HDFC PENSION MANAGEMENT COMPANY LIMITED SCHEME C - TIER I,10.3282
11/22/2013,PFM008,HDFC PENSION MANAGEMENT COMPANY LIMITED,SM008002,HDFC PENSION MANAGEMENT COMPANY LIMITED SCHEME C - TIER I,10.3190
11/21/2013,PFM008,HDFC PENSION MANAGEMENT COMPANY LIMITED,SM008002,HDFC PENSION MANAGEMENT COMPANY LIMITED SCHEME C - TIER I,10.3157
11/20/2013,PFM008,HDFC PENSION MANAGEMENT COMPANY LIMITED,SM008002,HDFC PENSION MANAGEMENT COMPANY LIMITED SCHEME C - TIER I,10.3137
11/19/2013,PFM008,HDFC PENSION MANAGEMENT COMPANY LIMITED,SM008002,HDFC PENSION MANAGEMENT COMPANY LIMITED SCHEME C - TIER I,10.3110
11/18/2013,PFM008,HDFC PENSION MANAGEMENT COMPANY LIMITED,SM008002,HDFC PENSION MANAGEMENT COMPANY LIMITED SCHEME C - TIER I,10.3066
11/14/2013,PFM008,HDFC PENSION MANAGEMENT COMPANY LIMITED,SM008002,HDFC PENSION MANAGEMENT COMPANY LIMITED SCHEME C - TIER I,10.2948
11/13/2013,PFM008,HDFC PENSION MANAGEMENT COMPANY LIMITED,SM008002,HDFC PENSION MANAGEMENT COMPANY LIMITED SCHEME C - TIER I,10.2974
11/12/2013,PFM008,HDFC PENSION MANAGEMENT COMPANY LIMITED,SM008002,HDFC PENSION MANAGEMENT COMPANY LIMITED SCHEME C - TIER I,10.2898
11/11/2013,PFM008,HDFC PENSION MANAGEMENT COMPANY LIMITED,SM008002,HDFC PENSION MANAGEMENT COMPANY LIMITED SCHEME C - TIER I,10.2915
11/08/2013,PFM008,HDFC PENSION MANAGEMENT COMPANY LIMITED,SM008002,HDFC PENSION MANAGEMENT COMPANY LIMITED SCHEME C - TIER I,10.2906
11/07/2013,PFM008,HDFC PENSION MANAGEMENT COMPANY LIMITED,SM008002,HDFC PENSION MANAGEMENT COMPANY LIMITED SCHEME C - TIER I,10.2929
11/06/2013,PFM008,HDFC PENSION MANAGEMENT COMPANY LIMITED,SM008002,HDFC PENSION MANAGEMENT COMPANY LIMITED SCHEME C - TIER I,10.2928
11/05/2013,PFM008,HDFC PENSION MANAGEMENT COMPANY LIMITED,SM008002,HDFC PENSION MANAGEMENT COMPANY LIMITED SCHEME C - TIER I,10.2943
11/01/2013,PFM008,HDFC PENSION MANAGEMENT COMPANY LIMITED,SM008002,HDFC PENSION MANAGEMENT COMPANY LIMITED SCHEME C - TIER I,10.2857
10/31/2013,PFM008,HDFC PENSION MANAGEMENT COMPANY LIMITED,SM008002,HDFC PENSION MANAGEMENT COMPANY LIMITED SCHEME C - TIER I,10.2823
10/30/2013,PFM008,HDFC PENSION MANAGEMENT COMPANY LIMITED,SM008002,HDFC PENSION MANAGEMENT COMPANY LIMITED SCHEME C - TIER I,10.2800
10/29/2013,PFM008,HDFC PENSION MANAGEMENT COMPANY LIMITED,SM008002,HDFC PENSION MANAGEMENT COMPANY LIMITED SCHEME C - TIER I,10.2782
10/28/2013,PFM008,HDFC PENSION MANAGEMENT COMPANY LIMITED,SM008002,HDFC PENSION MANAGEMENT COMPANY LIMITED SCHEME C - TIER I,10.2707
10/25/2013,PFM008,HDFC PENSION MANAGEMENT COMPANY LIMITED,SM008002,HDFC PENSION MANAGEMENT COMPANY LIMITED SCHEME C - TIER I,10.2634
10/24/2013,PFM008,HDFC PENSION MANAGEMENT COMPANY LIMITED,SM008002,HDFC PENSION MANAGEMENT COMPANY LIMITED SCHEME C - TIER I,10.2569
10/23/2013,PFM008,HDFC PENSION MANAGEMENT COMPANY LIMITED,SM008002,HDFC PENSION MANAGEMENT COMPANY LIMITED SCHEME C - TIER I,10.2564
10/22/2013,PFM008,HDFC PENSION MANAGEMENT COMPANY LIMITED,SM008002,HDFC PENSION MANAGEMENT COMPANY LIMITED SCHEME C - TIER I,10.2539
10/21/2013,PFM008,HDFC PENSION MANAGEMENT COMPANY LIMITED,SM008002,HDFC PENSION MANAGEMENT COMPANY LIMITED SCHEME C - TIER I,10.2529
10/18/2013,PFM008,HDFC PENSION MANAGEMENT COMPANY LIMITED,SM008002,HDFC PENSION MANAGEMENT COMPANY LIMITED SCHEME C - TIER I,10.2469
10/17/2013,PFM008,HDFC PENSION MANAGEMENT COMPANY LIMITED,SM008002,HDFC PENSION MANAGEMENT COMPANY LIMITED SCHEME C - TIER I,10.2390
10/15/2013,PFM008,HDFC PENSION MANAGEMENT COMPANY LIMITED,SM008002,HDFC PENSION MANAGEMENT COMPANY LIMITED SCHEME C - TIER I,10.2299
10/14/2013,PFM008,HDFC PENSION MANAGEMENT COMPANY LIMITED,SM008002,HDFC PENSION MANAGEMENT COMPANY LIMITED SCHEME C - TIER I,10.2326
10/11/2013,PFM008,HDFC PENSION MANAGEMENT COMPANY LIMITED,SM008002,HDFC PENSION MANAGEMENT COMPANY LIMITED SCHEME C - TIER I,10.2294
10/10/2013,PFM008,HDFC PENSION MANAGEMENT COMPANY LIMITED,SM008002,HDFC PENSION MANAGEMENT COMPANY LIMITED SCHEME C - TIER I,10.2298
10/09/2013,PFM008,HDFC PENSION MANAGEMENT COMPANY LIMITED,SM008002,HDFC PENSION MANAGEMENT COMPANY LIMITED SCHEME C - TIER I,10.2242
10/08/2013,PFM008,HDFC PENSION MANAGEMENT COMPANY LIMITED,SM008002,HDFC PENSION MANAGEMENT COMPANY LIMITED SCHEME C - TIER I,10.2232
10/07/2013,PFM008,HDFC PENSION MANAGEMENT COMPANY LIMITED,SM008002,HDFC PENSION MANAGEMENT COMPANY LIMITED SCHEME C - TIER I,10.2033
10/04/2013,PFM008,HDFC PENSION MANAGEMENT COMPANY LIMITED,SM008002,HDFC PENSION MANAGEMENT COMPANY LIMITED SCHEME C - TIER I,10.1947
10/03/2013,PFM008,HDFC PENSION MANAGEMENT COMPANY LIMITED,SM008002,HDFC PENSION MANAGEMENT COMPANY LIMITED SCHEME C - TIER I,10.1865
10/01/2013,PFM008,HDFC PENSION MANAGEMENT COMPANY LIMITED,SM008002,HDFC PENSION MANAGEMENT COMPANY LIMITED SCHEME C - TIER I,10.1767
09/30/2013,PFM008,HDFC PENSION MANAGEMENT COMPANY LIMITED,SM008002,HDFC PENSION MANAGEMENT COMPANY LIMITED SCHEME C - TIER I,10.1793
09/27/2013,PFM008,HDFC PENSION MANAGEMENT COMPANY LIMITED,SM008002,HDFC PENSION MANAGEMENT COMPANY LIMITED SCHEME C - TIER I,10.1700
09/26/2013,PFM008,HDFC PENSION MANAGEMENT COMPANY LIMITED,SM008002,HDFC PENSION MANAGEMENT COMPANY LIMITED SCHEME C - TIER I,10.1656
09/25/2013,PFM008,HDFC PENSION MANAGEMENT COMPANY LIMITED,SM008002,HDFC PENSION MANAGEMENT COMPANY LIMITED SCHEME C - TIER I,10.1599
09/24/2013,PFM008,HDFC PENSION MANAGEMENT COMPANY LIMITED,SM008002,HDFC PENSION MANAGEMENT COMPANY LIMITED SCHEME C - TIER I,10.1522
09/23/2013,PFM008,HDFC PENSION MANAGEMENT COMPANY LIMITED,SM008002,HDFC PENSION MANAGEMENT COMPANY LIMITED SCHEME C - TIER I,10.1558
09/20/2013,PFM008,HDFC PENSION MANAGEMENT COMPANY LIMITED,SM008002,HDFC PENSION MANAGEMENT COMPANY LIMITED SCHEME C - TIER I,10.1665
09/19/2013,PFM008,HDFC PENSION MANAGEMENT COMPANY LIMITED,SM008002,HDFC PENSION MANAGEMENT COMPANY LIMITED SCHEME C - TIER I,10.1749
09/18/2013,PFM008,HDFC PENSION MANAGEMENT COMPANY LIMITED,SM008002,HDFC PENSION MANAGEMENT COMPANY LIMITED SCHEME C - TIER I,10.1504
09/17/2013,PFM008,HDFC PENSION MANAGEMENT COMPANY LIMITED,SM008002,HDFC PENSION MANAGEMENT COMPANY LIMITED SCHEME C - TIER I,10.1378
09/16/2013,PFM008,HDFC PENSION MANAGEMENT COMPANY LIMITED,SM008002,HDFC PENSION MANAGEMENT COMPANY LIMITED SCHEME C - TIER I,10.2061
09/13/2013,PFM008,HDFC PENSION MANAGEMENT COMPANY LIMITED,SM008002,HDFC PENSION MANAGEMENT COMPANY LIMITED SCHEME C - TIER I,10.0977
09/12/2013,PFM008,HDFC PENSION MANAGEMENT COMPANY LIMITED,SM008002,HDFC PENSION MANAGEMENT COMPANY LIMITED SCHEME C - TIER I,10.0994
09/11/2013,PFM008,HDFC PENSION MANAGEMENT COMPANY LIMITED,SM008002,HDFC PENSION MANAGEMENT COMPANY LIMITED SCHEME C - TIER I,10.0999
09/10/2013,PFM008,HDFC PENSION MANAGEMENT COMPANY LIMITED,SM008002,HDFC PENSION MANAGEMENT COMPANY LIMITED SCHEME C - TIER I,10.0902
09/06/2013,PFM008,HDFC PENSION MANAGEMENT COMPANY LIMITED,SM008002,HDFC PENSION MANAGEMENT COMPANY LIMITED SCHEME C - TIER I,10.0792
09/05/2013,PFM008,HDFC PENSION MANAGEMENT COMPANY LIMITED,SM008002,HDFC PENSION MANAGEMENT COMPANY LIMITED SCHEME C - TIER I,10.0971
09/04/2013,PFM008,HDFC PENSION MANAGEMENT COMPANY LIMITED,SM008002,HDFC PENSION MANAGEMENT COMPANY LIMITED SCHEME C - TIER I,10.0938
09/03/2013,PFM008,HDFC PENSION MANAGEMENT COMPANY LIMITED,SM008002,HDFC PENSION MANAGEMENT COMPANY LIMITED SCHEME C - TIER I,10.0908
09/02/2013,PFM008,HDFC PENSION MANAGEMENT COMPANY LIMITED,SM008002,HDFC PENSION MANAGEMENT COMPANY LIMITED SCHEME C - TIER I,10.0884
08/30/2013,PFM008,HDFC PENSION MANAGEMENT COMPANY LIMITED,SM008002,HDFC PENSION MANAGEMENT COMPANY LIMITED SCHEME C - TIER I,10.0799
08/29/2013,PFM008,HDFC PENSION MANAGEMENT COMPANY LIMITED,SM008002,HDFC PENSION MANAGEMENT COMPANY LIMITED SCHEME C - TIER I,10.0768
08/28/2013,PFM008,HDFC PENSION MANAGEMENT COMPANY LIMITED,SM008002,HDFC PENSION MANAGEMENT COMPANY LIMITED SCHEME C - TIER I,10.0740
08/27/2013,PFM008,HDFC PENSION MANAGEMENT COMPANY LIMITED,SM008002,HDFC PENSION MANAGEMENT COMPANY LIMITED SCHEME C - TIER I,10.0715
08/26/2013,PFM008,HDFC PENSION MANAGEMENT COMPANY LIMITED,SM008002,HDFC PENSION MANAGEMENT COMPANY LIMITED SCHEME C - TIER I,10.0688
08/23/2013,PFM008,HDFC PENSION MANAGEMENT COMPANY LIMITED,SM008002,HDFC PENSION MANAGEMENT COMPANY LIMITED SCHEME C - TIER I,10.0604
08/22/2013,PFM008,HDFC PENSION MANAGEMENT COMPANY LIMITED,SM008002,HDFC PENSION MANAGEMENT COMPANY LIMITED SCHEME C - TIER I,10.0575
08/21/2013,PFM008,HDFC PENSION MANAGEMENT COMPANY LIMITED,SM008002,HDFC PENSION MANAGEMENT COMPANY LIMITED SCHEME C - TIER I,10.0538
08/20/2013,PFM008,HDFC PENSION MANAGEMENT COMPANY LIMITED,SM008002,HDFC PENSION MANAGEMENT COMPANY LIMITED SCHEME C - TIER I,10.0508
08/19/2013,PFM008,HDFC PENSION MANAGEMENT COMPANY LIMITED,SM008002,HDFC PENSION MANAGEMENT COMPANY LIMITED SCHEME C - TIER I,10.0483
08/16/2013,PFM008,HDFC PENSION MANAGEMENT COMPANY LIMITED,SM008002,HDFC PENSION MANAGEMENT COMPANY LIMITED SCHEME C - TIER I,10.0405
08/14/2013,PFM008,HDFC PENSION MANAGEMENT COMPANY LIMITED,SM008002,HDFC PENSION MANAGEMENT COMPANY LIMITED SCHEME C - TIER I,10.0348
08/13/2013,PFM008,HDFC PENSION MANAGEMENT COMPANY LIMITED,SM008002,HDFC PENSION MANAGEMENT COMPANY LIMITED SCHEME C - TIER I,10.0318
08/12/2013,PFM008,HDFC PENSION MANAGEMENT COMPANY LIMITED,SM008002,HDFC PENSION MANAGEMENT COMPANY LIMITED SCHEME C - TIER I,10.0310
08/09/2013,PFM008,HDFC PENSION MANAGEMENT COMPANY LIMITED,SM008002,HDFC PENSION MANAGEMENT COMPANY LIMITED SCHEME C - TIER I,10.0310
08/08/2013,PFM008,HDFC PENSION MANAGEMENT COMPANY LIMITED,SM008002,HDFC PENSION MANAGEMENT COMPANY LIMITED SCHEME C - TIER I,10.0204
08/07/2013,PFM008,HDFC PENSION MANAGEMENT COMPANY LIMITED,SM008002,HDFC PENSION MANAGEMENT COMPANY LIMITED SCHEME C - TIER I,10.0176
08/06/2013,PFM008,HDFC PENSION MANAGEMENT COMPANY LIMITED,SM008002,HDFC PENSION MANAGEMENT COMPANY LIMITED SCHEME C - TIER I,10.0150
08/05/2013,PFM008,HDFC PENSION MANAGEMENT COMPANY LIMITED,SM008002,HDFC PENSION MANAGEMENT COMPANY LIMITED SCHEME C - TIER I,10.0113
08/02/2013,PFM008,HDFC PENSION MANAGEMENT COMPANY LIMITED,SM008002,HDFC PENSION MANAGEMENT COMPANY LIMITED SCHEME C - TIER I,10.0028
08/01/2013,PFM008,HDFC PENSION MANAGEMENT COMPANY LIMITED,SM008002,HDFC PENSION MANAGEMENT COMPANY LIMITED SCHEME C - TIER I,9.9999
