05/01/2009,PFM004,IDFC PENSION FUND MANAGEMENT COMPANY LIMITED,SM004001,IDFC PENSION FUND SCHEME E - TIER I,10
05/05/2009,PFM004,IDFC PENSION FUND MANAGEMENT COMPANY LIMITED,SM004001,IDFC PENSION FUND SCHEME E - TIER I,10
05/06/2009,PFM004,IDFC PENSION FUND MANAGEMENT COMPANY LIMITED,SM004001,IDFC PENSION FUND SCHEME E - TIER I,10
05/07/2009,PFM004,IDFC PENSION FUND MANAGEMENT COMPANY LIMITED,SM004001,IDFC PENSION FUND SCHEME E - TIER I,10
05/08/2009,PFM004,IDFC PENSION FUND MANAGEMENT COMPANY LIMITED,SM004001,IDFC PENSION FUND SCHEME E - TIER I,10
05/11/2009,PFM004,IDFC PENSION FUND MANAGEMENT COMPANY LIMITED,SM004001,IDFC PENSION FUND SCHEME E - TIER I,10
05/12/2009,PFM004,IDFC PENSION FUND MANAGEMENT COMPANY LIMITED,SM004001,IDFC PENSION FUND SCHEME E - TIER I,10
05/13/2009,PFM004,IDFC PENSION FUND MANAGEMENT COMPANY LIMITED,SM004001,IDFC PENSION FUND SCHEME E - TIER I,10
05/14/2009,PFM004,IDFC PENSION FUND MANAGEMENT COMPANY LIMITED,SM004001,IDFC PENSION FUND SCHEME E - TIER I,10
05/15/2009,PFM004,IDFC PENSION FUND MANAGEMENT COMPANY LIMITED,SM004001,IDFC PENSION FUND SCHEME E - TIER I,10
05/18/2009,PFM004,IDFC PENSION FUND MANAGEMENT COMPANY LIMITED,SM004001,IDFC PENSION FUND SCHEME E - TIER I,10
05/19/2009,PFM004,IDFC PENSION FUND MANAGEMENT COMPANY LIMITED,SM004001,IDFC PENSION FUND SCHEME E - TIER I,10
05/20/2009,PFM004,IDFC PENSION FUND MANAGEMENT COMPANY LIMITED,SM004001,IDFC PENSION FUND SCHEME E - TIER I,10
05/21/2009,PFM004,IDFC PENSION FUND MANAGEMENT COMPANY LIMITED,SM004001,IDFC PENSION FUND SCHEME E - TIER I,10
05/22/2009,PFM004,IDFC PENSION FUND MANAGEMENT COMPANY LIMITED,SM004001,IDFC PENSION FUND SCHEME E - TIER I,10
05/25/2009,PFM004,IDFC PENSION FUND MANAGEMENT COMPANY LIMITED,SM004001,IDFC PENSION FUND SCHEME E - TIER I,10
05/26/2009,PFM004,IDFC PENSION FUND MANAGEMENT COMPANY LIMITED,SM004001,IDFC PENSION FUND SCHEME E - TIER I,10
05/27/2009,PFM004,IDFC PENSION FUND MANAGEMENT COMPANY LIMITED,SM004001,IDFC PENSION FUND SCHEME E - TIER I,10
05/28/2009,PFM004,IDFC PENSION FUND MANAGEMENT COMPANY LIMITED,SM004001,IDFC PENSION FUND SCHEME E - TIER I,10
05/29/2009,PFM004,IDFC PENSION FUND MANAGEMENT COMPANY LIMITED,SM004001,IDFC PENSION FUND SCHEME E - TIER I,10.1419
06/01/2009,PFM004,IDFC PENSION FUND MANAGEMENT COMPANY LIMITED,SM004001,IDFC PENSION FUND SCHEME E - TIER I,10.3073
06/02/2009,PFM004,IDFC PENSION FUND MANAGEMENT COMPANY LIMITED,SM004001,IDFC PENSION FUND SCHEME E - TIER I,10.4903
06/03/2009,PFM004,IDFC PENSION FUND MANAGEMENT COMPANY LIMITED,SM004001,IDFC PENSION FUND SCHEME E - TIER I,10.4818
06/04/2009,PFM004,IDFC PENSION FUND MANAGEMENT COMPANY LIMITED,SM004001,IDFC PENSION FUND SCHEME E - TIER I,10.493
06/05/2009,PFM004,IDFC PENSION FUND MANAGEMENT COMPANY LIMITED,SM004001,IDFC PENSION FUND SCHEME E - TIER I,10.5924
06/08/2009,PFM004,IDFC PENSION FUND MANAGEMENT COMPANY LIMITED,SM004001,IDFC PENSION FUND SCHEME E - TIER I,10.6044
06/09/2009,PFM004,IDFC PENSION FUND MANAGEMENT COMPANY LIMITED,SM004001,IDFC PENSION FUND SCHEME E - TIER I,10.3743
06/10/2009,PFM004,IDFC PENSION FUND MANAGEMENT COMPANY LIMITED,SM004001,IDFC PENSION FUND SCHEME E - TIER I,10.6458
06/11/2009,PFM004,IDFC PENSION FUND MANAGEMENT COMPANY LIMITED,SM004001,IDFC PENSION FUND SCHEME E - TIER I,10.8859
06/12/2009,PFM004,IDFC PENSION FUND MANAGEMENT COMPANY LIMITED,SM004001,IDFC PENSION FUND SCHEME E - TIER I,10.8549
06/15/2009,PFM004,IDFC PENSION FUND MANAGEMENT COMPANY LIMITED,SM004001,IDFC PENSION FUND SCHEME E - TIER I,10.7314
06/16/2009,PFM004,IDFC PENSION FUND MANAGEMENT COMPANY LIMITED,SM004001,IDFC PENSION FUND SCHEME E - TIER I,10.5038
06/17/2009,PFM004,IDFC PENSION FUND MANAGEMENT COMPANY LIMITED,SM004001,IDFC PENSION FUND SCHEME E - TIER I,10.5668
06/18/2009,PFM004,IDFC PENSION FUND MANAGEMENT COMPANY LIMITED,SM004001,IDFC PENSION FUND SCHEME E - TIER I,10.2817
06/19/2009,PFM004,IDFC PENSION FUND MANAGEMENT COMPANY LIMITED,SM004001,IDFC PENSION FUND SCHEME E - TIER I,10.0923
06/22/2009,PFM004,IDFC PENSION FUND MANAGEMENT COMPANY LIMITED,SM004001,IDFC PENSION FUND SCHEME E - TIER I,10.2044
06/23/2009,PFM004,IDFC PENSION FUND MANAGEMENT COMPANY LIMITED,SM004001,IDFC PENSION FUND SCHEME E - TIER I,10.108
06/24/2009,PFM004,IDFC PENSION FUND MANAGEMENT COMPANY LIMITED,SM004001,IDFC PENSION FUND SCHEME E - TIER I,10.1317
06/25/2009,PFM004,IDFC PENSION FUND MANAGEMENT COMPANY LIMITED,SM004001,IDFC PENSION FUND SCHEME E - TIER I,10.2243
06/26/2009,PFM004,IDFC PENSION FUND MANAGEMENT COMPANY LIMITED,SM004001,IDFC PENSION FUND SCHEME E - TIER I,10.1031
06/29/2009,PFM004,IDFC PENSION FUND MANAGEMENT COMPANY LIMITED,SM004001,IDFC PENSION FUND SCHEME E - TIER I,10.3916
06/30/2009,PFM004,IDFC PENSION FUND MANAGEMENT COMPANY LIMITED,SM004001,IDFC PENSION FUND SCHEME E - TIER I,10.428
07/01/2009,PFM004,IDFC PENSION FUND MANAGEMENT COMPANY LIMITED,SM004001,IDFC PENSION FUND SCHEME E - TIER I,10.428
07/02/2009,PFM004,IDFC PENSION FUND MANAGEMENT COMPANY LIMITED,SM004001,IDFC PENSION FUND SCHEME E - TIER I,10.3212
07/03/2009,PFM004,IDFC PENSION FUND MANAGEMENT COMPANY LIMITED,SM004001,IDFC PENSION FUND SCHEME E - TIER I,10.3406
07/06/2009,PFM004,IDFC PENSION FUND MANAGEMENT COMPANY LIMITED,SM004001,IDFC PENSION FUND SCHEME E - TIER I,10.5124
07/07/2009,PFM004,IDFC PENSION FUND MANAGEMENT COMPANY LIMITED,SM004001,IDFC PENSION FUND SCHEME E - TIER I,9.938
07/08/2009,PFM004,IDFC PENSION FUND MANAGEMENT COMPANY LIMITED,SM004001,IDFC PENSION FUND SCHEME E - TIER I,10.0192
07/09/2009,PFM004,IDFC PENSION FUND MANAGEMENT COMPANY LIMITED,SM004001,IDFC PENSION FUND SCHEME E - TIER I,9.7427
07/10/2009,PFM004,IDFC PENSION FUND MANAGEMENT COMPANY LIMITED,SM004001,IDFC PENSION FUND SCHEME E - TIER I,9.7498
07/13/2009,PFM004,IDFC PENSION FUND MANAGEMENT COMPANY LIMITED,SM004001,IDFC PENSION FUND SCHEME E - TIER I,9.5761
07/14/2009,PFM004,IDFC PENSION FUND MANAGEMENT COMPANY LIMITED,SM004001,IDFC PENSION FUND SCHEME E - TIER I,9.5171
07/15/2009,PFM004,IDFC PENSION FUND MANAGEMENT COMPANY LIMITED,SM004001,IDFC PENSION FUND SCHEME E - TIER I,9.8218
07/16/2009,PFM004,IDFC PENSION FUND MANAGEMENT COMPANY LIMITED,SM004001,IDFC PENSION FUND SCHEME E - TIER I,10.0926
07/17/2009,PFM004,IDFC PENSION FUND MANAGEMENT COMPANY LIMITED,SM004001,IDFC PENSION FUND SCHEME E - TIER I,10.087
07/20/2009,PFM004,IDFC PENSION FUND MANAGEMENT COMPANY LIMITED,SM004001,IDFC PENSION FUND SCHEME E - TIER I,10.4266
07/21/2009,PFM004,IDFC PENSION FUND MANAGEMENT COMPANY LIMITED,SM004001,IDFC PENSION FUND SCHEME E - TIER I,10.7268
07/22/2009,PFM004,IDFC PENSION FUND MANAGEMENT COMPANY LIMITED,SM004001,IDFC PENSION FUND SCHEME E - TIER I,10.649
07/23/2009,PFM004,IDFC PENSION FUND MANAGEMENT COMPANY LIMITED,SM004001,IDFC PENSION FUND SCHEME E - TIER I,10.487
07/24/2009,PFM004,IDFC PENSION FUND MANAGEMENT COMPANY LIMITED,SM004001,IDFC PENSION FUND SCHEME E - TIER I,10.7707
07/27/2009,PFM004,IDFC PENSION FUND MANAGEMENT COMPANY LIMITED,SM004001,IDFC PENSION FUND SCHEME E - TIER I,10.8795
07/28/2009,PFM004,IDFC PENSION FUND MANAGEMENT COMPANY LIMITED,SM004001,IDFC PENSION FUND SCHEME E - TIER I,10.8883
07/29/2009,PFM004,IDFC PENSION FUND MANAGEMENT COMPANY LIMITED,SM004001,IDFC PENSION FUND SCHEME E - TIER I,10.8666
07/30/2009,PFM004,IDFC PENSION FUND MANAGEMENT COMPANY LIMITED,SM004001,IDFC PENSION FUND SCHEME E - TIER I,10.7484
07/31/2009,PFM004,IDFC PENSION FUND MANAGEMENT COMPANY LIMITED,SM004001,IDFC PENSION FUND SCHEME E - TIER I,10.8831
08/03/2009,PFM004,IDFC PENSION FUND MANAGEMENT COMPANY LIMITED,SM004001,IDFC PENSION FUND SCHEME E - TIER I,11.0367
08/04/2009,PFM004,IDFC PENSION FUND MANAGEMENT COMPANY LIMITED,SM004001,IDFC PENSION FUND SCHEME E - TIER I,11.1703
08/05/2009,PFM004,IDFC PENSION FUND MANAGEMENT COMPANY LIMITED,SM004001,IDFC PENSION FUND SCHEME E - TIER I,11.0987
08/06/2009,PFM004,IDFC PENSION FUND MANAGEMENT COMPANY LIMITED,SM004001,IDFC PENSION FUND SCHEME E - TIER I,11.1305
08/07/2009,PFM004,IDFC PENSION FUND MANAGEMENT COMPANY LIMITED,SM004001,IDFC PENSION FUND SCHEME E - TIER I,10.8742
08/10/2009,PFM004,IDFC PENSION FUND MANAGEMENT COMPANY LIMITED,SM004001,IDFC PENSION FUND SCHEME E - TIER I,10.6276
08/11/2009,PFM004,IDFC PENSION FUND MANAGEMENT COMPANY LIMITED,SM004001,IDFC PENSION FUND SCHEME E - TIER I,10.5493
08/12/2009,PFM004,IDFC PENSION FUND MANAGEMENT COMPANY LIMITED,SM004001,IDFC PENSION FUND SCHEME E - TIER I,10.6278
08/13/2009,PFM004,IDFC PENSION FUND MANAGEMENT COMPANY LIMITED,SM004001,IDFC PENSION FUND SCHEME E - TIER I,10.6002
08/14/2009,PFM004,IDFC PENSION FUND MANAGEMENT COMPANY LIMITED,SM004001,IDFC PENSION FUND SCHEME E - TIER I,10.9432
08/17/2009,PFM004,IDFC PENSION FUND MANAGEMENT COMPANY LIMITED,SM004001,IDFC PENSION FUND SCHEME E - TIER I,10.8938
08/18/2009,PFM004,IDFC PENSION FUND MANAGEMENT COMPANY LIMITED,SM004001,IDFC PENSION FUND SCHEME E - TIER I,10.438
08/20/2009,PFM004,IDFC PENSION FUND MANAGEMENT COMPANY LIMITED,SM004001,IDFC PENSION FUND SCHEME E - TIER I,10.4581
08/21/2009,PFM004,IDFC PENSION FUND MANAGEMENT COMPANY LIMITED,SM004001,IDFC PENSION FUND SCHEME E - TIER I,10.5991
08/24/2009,PFM004,IDFC PENSION FUND MANAGEMENT COMPANY LIMITED,SM004001,IDFC PENSION FUND SCHEME E - TIER I,10.771
08/25/2009,PFM004,IDFC PENSION FUND MANAGEMENT COMPANY LIMITED,SM004001,IDFC PENSION FUND SCHEME E - TIER I,11.0415
08/26/2009,PFM004,IDFC PENSION FUND MANAGEMENT COMPANY LIMITED,SM004001,IDFC PENSION FUND SCHEME E - TIER I,11.0797
08/27/2009,PFM004,IDFC PENSION FUND MANAGEMENT COMPANY LIMITED,SM004001,IDFC PENSION FUND SCHEME E - TIER I,11.1302
08/28/2009,PFM004,IDFC PENSION FUND MANAGEMENT COMPANY LIMITED,SM004001,IDFC PENSION FUND SCHEME E - TIER I,11.1482
08/31/2009,PFM004,IDFC PENSION FUND MANAGEMENT COMPANY LIMITED,SM004001,IDFC PENSION FUND SCHEME E - TIER I,11.2544
09/01/2009,PFM004,IDFC PENSION FUND MANAGEMENT COMPANY LIMITED,SM004001,IDFC PENSION FUND SCHEME E - TIER I,11.1119
09/02/2009,PFM004,IDFC PENSION FUND MANAGEMENT COMPANY LIMITED,SM004001,IDFC PENSION FUND SCHEME E - TIER I,11.0265
09/03/2009,PFM004,IDFC PENSION FUND MANAGEMENT COMPANY LIMITED,SM004001,IDFC PENSION FUND SCHEME E - TIER I,10.9859
09/04/2009,PFM004,IDFC PENSION FUND MANAGEMENT COMPANY LIMITED,SM004001,IDFC PENSION FUND SCHEME E - TIER I,10.9511
09/07/2009,PFM004,IDFC PENSION FUND MANAGEMENT COMPANY LIMITED,SM004001,IDFC PENSION FUND SCHEME E - TIER I,11.0722
09/08/2009,PFM004,IDFC PENSION FUND MANAGEMENT COMPANY LIMITED,SM004001,IDFC PENSION FUND SCHEME E - TIER I,11.3111
09/09/2009,PFM004,IDFC PENSION FUND MANAGEMENT COMPANY LIMITED,SM004001,IDFC PENSION FUND SCHEME E - TIER I,11.363
09/10/2009,PFM004,IDFC PENSION FUND MANAGEMENT COMPANY LIMITED,SM004001,IDFC PENSION FUND SCHEME E - TIER I,11.3838
09/11/2009,PFM004,IDFC PENSION FUND MANAGEMENT COMPANY LIMITED,SM004001,IDFC PENSION FUND SCHEME E - TIER I,11.3972
09/14/2009,PFM004,IDFC PENSION FUND MANAGEMENT COMPANY LIMITED,SM004001,IDFC PENSION FUND SCHEME E - TIER I,11.4245
09/15/2009,PFM004,IDFC PENSION FUND MANAGEMENT COMPANY LIMITED,SM004001,IDFC PENSION FUND SCHEME E - TIER I,11.3763
09/16/2009,PFM004,IDFC PENSION FUND MANAGEMENT COMPANY LIMITED,SM004001,IDFC PENSION FUND SCHEME E - TIER I,11.5727
09/17/2009,PFM004,IDFC PENSION FUND MANAGEMENT COMPANY LIMITED,SM004001,IDFC PENSION FUND SCHEME E - TIER I,11.727
09/18/2009,PFM004,IDFC PENSION FUND MANAGEMENT COMPANY LIMITED,SM004001,IDFC PENSION FUND SCHEME E - TIER I,11.744
09/22/2009,PFM004,IDFC PENSION FUND MANAGEMENT COMPANY LIMITED,SM004001,IDFC PENSION FUND SCHEME E - TIER I,11.7686
09/23/2009,PFM004,IDFC PENSION FUND MANAGEMENT COMPANY LIMITED,SM004001,IDFC PENSION FUND SCHEME E - TIER I,11.8706
09/24/2009,PFM004,IDFC PENSION FUND MANAGEMENT COMPANY LIMITED,SM004001,IDFC PENSION FUND SCHEME E - TIER I,11.8227
09/25/2009,PFM004,IDFC PENSION FUND MANAGEMENT COMPANY LIMITED,SM004001,IDFC PENSION FUND SCHEME E - TIER I,11.8624
09/29/2009,PFM004,IDFC PENSION FUND MANAGEMENT COMPANY LIMITED,SM004001,IDFC PENSION FUND SCHEME E - TIER I,11.7982
09/30/2009,PFM004,IDFC PENSION FUND MANAGEMENT COMPANY LIMITED,SM004001,IDFC PENSION FUND SCHEME E - TIER I,11.909
10/01/2009,PFM004,IDFC PENSION FUND MANAGEMENT COMPANY LIMITED,SM004001,IDFC PENSION FUND SCHEME E - TIER I,12.089
10/03/2009,PFM004,IDFC PENSION FUND MANAGEMENT COMPANY LIMITED,SM004001,IDFC PENSION FUND SCHEME E - TIER I,12.0874
10/05/2009,PFM004,IDFC PENSION FUND MANAGEMENT COMPANY LIMITED,SM004001,IDFC PENSION FUND SCHEME E - TIER I,12.0874
10/06/2009,PFM004,IDFC PENSION FUND MANAGEMENT COMPANY LIMITED,SM004001,IDFC PENSION FUND SCHEME E - TIER I,11.8983
10/07/2009,PFM004,IDFC PENSION FUND MANAGEMENT COMPANY LIMITED,SM004001,IDFC PENSION FUND SCHEME E - TIER I,11.951
10/08/2009,PFM004,IDFC PENSION FUND MANAGEMENT COMPANY LIMITED,SM004001,IDFC PENSION FUND SCHEME E - TIER I,11.853
10/09/2009,PFM004,IDFC PENSION FUND MANAGEMENT COMPANY LIMITED,SM004001,IDFC PENSION FUND SCHEME E - TIER I,11.8907
10/12/2009,PFM004,IDFC PENSION FUND MANAGEMENT COMPANY LIMITED,SM004001,IDFC PENSION FUND SCHEME E - TIER I,11.7565
10/14/2009,PFM004,IDFC PENSION FUND MANAGEMENT COMPANY LIMITED,SM004001,IDFC PENSION FUND SCHEME E - TIER I,12.0121
10/15/2009,PFM004,IDFC PENSION FUND MANAGEMENT COMPANY LIMITED,SM004001,IDFC PENSION FUND SCHEME E - TIER I,12.1616
10/16/2009,PFM004,IDFC PENSION FUND MANAGEMENT COMPANY LIMITED,SM004001,IDFC PENSION FUND SCHEME E - TIER I,12.1438
10/20/2009,PFM004,IDFC PENSION FUND MANAGEMENT COMPANY LIMITED,SM004001,IDFC PENSION FUND SCHEME E - TIER I,12.2285
10/21/2009,PFM004,IDFC PENSION FUND MANAGEMENT COMPANY LIMITED,SM004001,IDFC PENSION FUND SCHEME E - TIER I,12.1625
10/22/2009,PFM004,IDFC PENSION FUND MANAGEMENT COMPANY LIMITED,SM004001,IDFC PENSION FUND SCHEME E - TIER I,12.0433
10/23/2009,PFM004,IDFC PENSION FUND MANAGEMENT COMPANY LIMITED,SM004001,IDFC PENSION FUND SCHEME E - TIER I,11.8723
10/26/2009,PFM004,IDFC PENSION FUND MANAGEMENT COMPANY LIMITED,SM004001,IDFC PENSION FUND SCHEME E - TIER I,11.8917
10/27/2009,PFM004,IDFC PENSION FUND MANAGEMENT COMPANY LIMITED,SM004001,IDFC PENSION FUND SCHEME E - TIER I,11.8334
10/28/2009,PFM004,IDFC PENSION FUND MANAGEMENT COMPANY LIMITED,SM004001,IDFC PENSION FUND SCHEME E - TIER I,11.5407
10/29/2009,PFM004,IDFC PENSION FUND MANAGEMENT COMPANY LIMITED,SM004001,IDFC PENSION FUND SCHEME E - TIER I,11.4927
10/30/2009,PFM004,IDFC PENSION FUND MANAGEMENT COMPANY LIMITED,SM004001,IDFC PENSION FUND SCHEME E - TIER I,11.3162
11/03/2009,PFM004,IDFC PENSION FUND MANAGEMENT COMPANY LIMITED,SM004001,IDFC PENSION FUND SCHEME E - TIER I,11.2239
11/04/2009,PFM004,IDFC PENSION FUND MANAGEMENT COMPANY LIMITED,SM004001,IDFC PENSION FUND SCHEME E - TIER I,10.8754
11/05/2009,PFM004,IDFC PENSION FUND MANAGEMENT COMPANY LIMITED,SM004001,IDFC PENSION FUND SCHEME E - TIER I,11.2198
11/06/2009,PFM004,IDFC PENSION FUND MANAGEMENT COMPANY LIMITED,SM004001,IDFC PENSION FUND SCHEME E - TIER I,11.3103
11/09/2009,PFM004,IDFC PENSION FUND MANAGEMENT COMPANY LIMITED,SM004001,IDFC PENSION FUND SCHEME E - TIER I,11.3847
11/10/2009,PFM004,IDFC PENSION FUND MANAGEMENT COMPANY LIMITED,SM004001,IDFC PENSION FUND SCHEME E - TIER I,11.6222
11/11/2009,PFM004,IDFC PENSION FUND MANAGEMENT COMPANY LIMITED,SM004001,IDFC PENSION FUND SCHEME E - TIER I,11.5821
11/12/2009,PFM004,IDFC PENSION FUND MANAGEMENT COMPANY LIMITED,SM004001,IDFC PENSION FUND SCHEME E - TIER I,11.8651
11/13/2009,PFM004,IDFC PENSION FUND MANAGEMENT COMPANY LIMITED,SM004001,IDFC PENSION FUND SCHEME E - TIER I,11.7448
11/16/2009,PFM004,IDFC PENSION FUND MANAGEMENT COMPANY LIMITED,SM004001,IDFC PENSION FUND SCHEME E - TIER I,11.8508
11/17/2009,PFM004,IDFC PENSION FUND MANAGEMENT COMPANY LIMITED,SM004001,IDFC PENSION FUND SCHEME E - TIER I,11.9824
11/18/2009,PFM004,IDFC PENSION FUND MANAGEMENT COMPANY LIMITED,SM004001,IDFC PENSION FUND SCHEME E - TIER I,11.9918
11/19/2009,PFM004,IDFC PENSION FUND MANAGEMENT COMPANY LIMITED,SM004001,IDFC PENSION FUND SCHEME E - TIER I,11.9725
11/20/2009,PFM004,IDFC PENSION FUND MANAGEMENT COMPANY LIMITED,SM004001,IDFC PENSION FUND SCHEME E - TIER I,11.8181
11/23/2009,PFM004,IDFC PENSION FUND MANAGEMENT COMPANY LIMITED,SM004001,IDFC PENSION FUND SCHEME E - TIER I,11.8181
11/24/2009,PFM004,IDFC PENSION FUND MANAGEMENT COMPANY LIMITED,SM004001,IDFC PENSION FUND SCHEME E - TIER I,12.085
11/25/2009,PFM004,IDFC PENSION FUND MANAGEMENT COMPANY LIMITED,SM004001,IDFC PENSION FUND SCHEME E - TIER I,12.054
11/26/2009,PFM004,IDFC PENSION FUND MANAGEMENT COMPANY LIMITED,SM004001,IDFC PENSION FUND SCHEME E - TIER I,12.0944
11/27/2009,PFM004,IDFC PENSION FUND MANAGEMENT COMPANY LIMITED,SM004001,IDFC PENSION FUND SCHEME E - TIER I,11.8537
11/30/2009,PFM004,IDFC PENSION FUND MANAGEMENT COMPANY LIMITED,SM004001,IDFC PENSION FUND SCHEME E - TIER I,11.7013
12/01/2009,PFM004,IDFC PENSION FUND MANAGEMENT COMPANY LIMITED,SM004001,IDFC PENSION FUND SCHEME E - TIER I,11.9128
12/02/2009,PFM004,IDFC PENSION FUND MANAGEMENT COMPANY LIMITED,SM004001,IDFC PENSION FUND SCHEME E - TIER I,12.1213
12/03/2009,PFM004,IDFC PENSION FUND MANAGEMENT COMPANY LIMITED,SM004001,IDFC PENSION FUND SCHEME E - TIER I,12.1241
12/04/2009,PFM004,IDFC PENSION FUND MANAGEMENT COMPANY LIMITED,SM004001,IDFC PENSION FUND SCHEME E - TIER I,12.1437
12/07/2009,PFM004,IDFC PENSION FUND MANAGEMENT COMPANY LIMITED,SM004001,IDFC PENSION FUND SCHEME E - TIER I,12.0898
12/08/2009,PFM004,IDFC PENSION FUND MANAGEMENT COMPANY LIMITED,SM004001,IDFC PENSION FUND SCHEME E - TIER I,11.9899
12/09/2009,PFM004,IDFC PENSION FUND MANAGEMENT COMPANY LIMITED,SM004001,IDFC PENSION FUND SCHEME E - TIER I,12.1795
12/10/2009,PFM004,IDFC PENSION FUND MANAGEMENT COMPANY LIMITED,SM004001,IDFC PENSION FUND SCHEME E - TIER I,12.0953
12/11/2009,PFM004,IDFC PENSION FUND MANAGEMENT COMPANY LIMITED,SM004001,IDFC PENSION FUND SCHEME E - TIER I,12.1475
12/14/2009,PFM004,IDFC PENSION FUND MANAGEMENT COMPANY LIMITED,SM004001,IDFC PENSION FUND SCHEME E - TIER I,12.1067
12/15/2009,PFM004,IDFC PENSION FUND MANAGEMENT COMPANY LIMITED,SM004001,IDFC PENSION FUND SCHEME E - TIER I,12.0788
12/16/2009,PFM004,IDFC PENSION FUND MANAGEMENT COMPANY LIMITED,SM004001,IDFC PENSION FUND SCHEME E - TIER I,11.908
12/17/2009,PFM004,IDFC PENSION FUND MANAGEMENT COMPANY LIMITED,SM004001,IDFC PENSION FUND SCHEME E - TIER I,11.9287
12/18/2009,PFM004,IDFC PENSION FUND MANAGEMENT COMPANY LIMITED,SM004001,IDFC PENSION FUND SCHEME E - TIER I,11.9276
12/21/2009,PFM004,IDFC PENSION FUND MANAGEMENT COMPANY LIMITED,SM004001,IDFC PENSION FUND SCHEME E - TIER I,11.8001
12/22/2009,PFM004,IDFC PENSION FUND MANAGEMENT COMPANY LIMITED,SM004001,IDFC PENSION FUND SCHEME E - TIER I,11.7172
12/23/2009,PFM004,IDFC PENSION FUND MANAGEMENT COMPANY LIMITED,SM004001,IDFC PENSION FUND SCHEME E - TIER I,11.799
12/24/2009,PFM004,IDFC PENSION FUND MANAGEMENT COMPANY LIMITED,SM004001,IDFC PENSION FUND SCHEME E - TIER I,12.1046
12/29/2009,PFM004,IDFC PENSION FUND MANAGEMENT COMPANY LIMITED,SM004001,IDFC PENSION FUND SCHEME E - TIER I,12.1833
12/30/2009,PFM004,IDFC PENSION FUND MANAGEMENT COMPANY LIMITED,SM004001,IDFC PENSION FUND SCHEME E - TIER I,12.2033
12/31/2009,PFM004,IDFC PENSION FUND MANAGEMENT COMPANY LIMITED,SM004001,IDFC PENSION FUND SCHEME E - TIER I,12.1605
01/04/2010,PFM004,IDFC PENSION FUND MANAGEMENT COMPANY LIMITED,SM004001,IDFC PENSION FUND SCHEME E - TIER I,12.2334
01/05/2010,PFM004,IDFC PENSION FUND MANAGEMENT COMPANY LIMITED,SM004001,IDFC PENSION FUND SCHEME E - TIER I,12.3039
01/06/2010,PFM004,IDFC PENSION FUND MANAGEMENT COMPANY LIMITED,SM004001,IDFC PENSION FUND SCHEME E - TIER I,12.41
01/07/2010,PFM004,IDFC PENSION FUND MANAGEMENT COMPANY LIMITED,SM004001,IDFC PENSION FUND SCHEME E - TIER I,12.4188
01/08/2010,PFM004,IDFC PENSION FUND MANAGEMENT COMPANY LIMITED,SM004001,IDFC PENSION FUND SCHEME E - TIER I,12.3743
01/11/2010,PFM004,IDFC PENSION FUND MANAGEMENT COMPANY LIMITED,SM004001,IDFC PENSION FUND SCHEME E - TIER I,12.331
01/12/2010,PFM004,IDFC PENSION FUND MANAGEMENT COMPANY LIMITED,SM004001,IDFC PENSION FUND SCHEME E - TIER I,12.3409
01/13/2010,PFM004,IDFC PENSION FUND MANAGEMENT COMPANY LIMITED,SM004001,IDFC PENSION FUND SCHEME E - TIER I,12.2497
01/14/2010,PFM004,IDFC PENSION FUND MANAGEMENT COMPANY LIMITED,SM004001,IDFC PENSION FUND SCHEME E - TIER I,12.3045
01/15/2010,PFM004,IDFC PENSION FUND MANAGEMENT COMPANY LIMITED,SM004001,IDFC PENSION FUND SCHEME E - TIER I,12.3647
01/18/2010,PFM004,IDFC PENSION FUND MANAGEMENT COMPANY LIMITED,SM004001,IDFC PENSION FUND SCHEME E - TIER I,12.3454
01/19/2010,PFM004,IDFC PENSION FUND MANAGEMENT COMPANY LIMITED,SM004001,IDFC PENSION FUND SCHEME E - TIER I,12.396
01/20/2010,PFM004,IDFC PENSION FUND MANAGEMENT COMPANY LIMITED,SM004001,IDFC PENSION FUND SCHEME E - TIER I,12.281
01/21/2010,PFM004,IDFC PENSION FUND MANAGEMENT COMPANY LIMITED,SM004001,IDFC PENSION FUND SCHEME E - TIER I,12.272
01/22/2010,PFM004,IDFC PENSION FUND MANAGEMENT COMPANY LIMITED,SM004001,IDFC PENSION FUND SCHEME E - TIER I,11.9747
01/25/2010,PFM004,IDFC PENSION FUND MANAGEMENT COMPANY LIMITED,SM004001,IDFC PENSION FUND SCHEME E - TIER I,11.841
01/27/2010,PFM004,IDFC PENSION FUND MANAGEMENT COMPANY LIMITED,SM004001,IDFC PENSION FUND SCHEME E - TIER I,11.7752
01/28/2010,PFM004,IDFC PENSION FUND MANAGEMENT COMPANY LIMITED,SM004001,IDFC PENSION FUND SCHEME E - TIER I,11.4159
01/29/2010,PFM004,IDFC PENSION FUND MANAGEMENT COMPANY LIMITED,SM004001,IDFC PENSION FUND SCHEME E - TIER I,11.448
02/01/2010,PFM004,IDFC PENSION FUND MANAGEMENT COMPANY LIMITED,SM004001,IDFC PENSION FUND SCHEME E - TIER I,11.4824
02/02/2010,PFM004,IDFC PENSION FUND MANAGEMENT COMPANY LIMITED,SM004001,IDFC PENSION FUND SCHEME E - TIER I,11.5238
02/03/2010,PFM004,IDFC PENSION FUND MANAGEMENT COMPANY LIMITED,SM004001,IDFC PENSION FUND SCHEME E - TIER I,11.3605
02/04/2010,PFM004,IDFC PENSION FUND MANAGEMENT COMPANY LIMITED,SM004001,IDFC PENSION FUND SCHEME E - TIER I,11.5977
02/05/2010,PFM004,IDFC PENSION FUND MANAGEMENT COMPANY LIMITED,SM004001,IDFC PENSION FUND SCHEME E - TIER I,11.3958
02/08/2010,PFM004,IDFC PENSION FUND MANAGEMENT COMPANY LIMITED,SM004001,IDFC PENSION FUND SCHEME E - TIER I,11.1023
02/09/2010,PFM004,IDFC PENSION FUND MANAGEMENT COMPANY LIMITED,SM004001,IDFC PENSION FUND SCHEME E - TIER I,11.199
02/10/2010,PFM004,IDFC PENSION FUND MANAGEMENT COMPANY LIMITED,SM004001,IDFC PENSION FUND SCHEME E - TIER I,11.2748
02/11/2010,PFM004,IDFC PENSION FUND MANAGEMENT COMPANY LIMITED,SM004001,IDFC PENSION FUND SCHEME E - TIER I,11.1912
02/15/2010,PFM004,IDFC PENSION FUND MANAGEMENT COMPANY LIMITED,SM004001,IDFC PENSION FUND SCHEME E - TIER I,11.3542
02/16/2010,PFM004,IDFC PENSION FUND MANAGEMENT COMPANY LIMITED,SM004001,IDFC PENSION FUND SCHEME E - TIER I,11.2957
02/17/2010,PFM004,IDFC PENSION FUND MANAGEMENT COMPANY LIMITED,SM004001,IDFC PENSION FUND SCHEME E - TIER I,11.4204
02/18/2010,PFM004,IDFC PENSION FUND MANAGEMENT COMPANY LIMITED,SM004001,IDFC PENSION FUND SCHEME E - TIER I,11.5552
02/19/2010,PFM004,IDFC PENSION FUND MANAGEMENT COMPANY LIMITED,SM004001,IDFC PENSION FUND SCHEME E - TIER I,11.4936
02/22/2010,PFM004,IDFC PENSION FUND MANAGEMENT COMPANY LIMITED,SM004001,IDFC PENSION FUND SCHEME E - TIER I,11.3935
02/23/2010,PFM004,IDFC PENSION FUND MANAGEMENT COMPANY LIMITED,SM004001,IDFC PENSION FUND SCHEME E - TIER I,11.4183
02/24/2010,PFM004,IDFC PENSION FUND MANAGEMENT COMPANY LIMITED,SM004001,IDFC PENSION FUND SCHEME E - TIER I,11.4498
02/25/2010,PFM004,IDFC PENSION FUND MANAGEMENT COMPANY LIMITED,SM004001,IDFC PENSION FUND SCHEME E - TIER I,11.4227
02/26/2010,PFM004,IDFC PENSION FUND MANAGEMENT COMPANY LIMITED,SM004001,IDFC PENSION FUND SCHEME E - TIER I,11.4251
03/02/2010,PFM004,IDFC PENSION FUND MANAGEMENT COMPANY LIMITED,SM004001,IDFC PENSION FUND SCHEME E - TIER I,11.5695
03/03/2010,PFM004,IDFC PENSION FUND MANAGEMENT COMPANY LIMITED,SM004001,IDFC PENSION FUND SCHEME E - TIER I,11.7868
03/04/2010,PFM004,IDFC PENSION FUND MANAGEMENT COMPANY LIMITED,SM004001,IDFC PENSION FUND SCHEME E - TIER I,11.9514
03/05/2010,PFM004,IDFC PENSION FUND MANAGEMENT COMPANY LIMITED,SM004001,IDFC PENSION FUND SCHEME E - TIER I,11.9327
03/08/2010,PFM004,IDFC PENSION FUND MANAGEMENT COMPANY LIMITED,SM004001,IDFC PENSION FUND SCHEME E - TIER I,11.952
03/09/2010,PFM004,IDFC PENSION FUND MANAGEMENT COMPANY LIMITED,SM004001,IDFC PENSION FUND SCHEME E - TIER I,12.0332
03/10/2010,PFM004,IDFC PENSION FUND MANAGEMENT COMPANY LIMITED,SM004001,IDFC PENSION FUND SCHEME E - TIER I,11.9806
03/11/2010,PFM004,IDFC PENSION FUND MANAGEMENT COMPANY LIMITED,SM004001,IDFC PENSION FUND SCHEME E - TIER I,12.0145
03/12/2010,PFM004,IDFC PENSION FUND MANAGEMENT COMPANY LIMITED,SM004001,IDFC PENSION FUND SCHEME E - TIER I,12.0542
03/15/2010,PFM004,IDFC PENSION FUND MANAGEMENT COMPANY LIMITED,SM004001,IDFC PENSION FUND SCHEME E - TIER I,12.0624
03/17/2010,PFM004,IDFC PENSION FUND MANAGEMENT COMPANY LIMITED,SM004001,IDFC PENSION FUND SCHEME E - TIER I,12.2037
03/18/2010,PFM004,IDFC PENSION FUND MANAGEMENT COMPANY LIMITED,SM004001,IDFC PENSION FUND SCHEME E - TIER I,12.2824
03/19/2010,PFM004,IDFC PENSION FUND MANAGEMENT COMPANY LIMITED,SM004001,IDFC PENSION FUND SCHEME E - TIER I,12.3168
03/22/2010,PFM004,IDFC PENSION FUND MANAGEMENT COMPANY LIMITED,SM004001,IDFC PENSION FUND SCHEME E - TIER I,12.3556
03/23/2010,PFM004,IDFC PENSION FUND MANAGEMENT COMPANY LIMITED,SM004001,IDFC PENSION FUND SCHEME E - TIER I,12.2201
03/25/2010,PFM004,IDFC PENSION FUND MANAGEMENT COMPANY LIMITED,SM004001,IDFC PENSION FUND SCHEME E - TIER I,12.2677
03/26/2010,PFM004,IDFC PENSION FUND MANAGEMENT COMPANY LIMITED,SM004001,IDFC PENSION FUND SCHEME E - TIER I,12.349
03/29/2010,PFM004,IDFC PENSION FUND MANAGEMENT COMPANY LIMITED,SM004001,IDFC PENSION FUND SCHEME E - TIER I,12.3989
03/30/2010,PFM004,IDFC PENSION FUND MANAGEMENT COMPANY LIMITED,SM004001,IDFC PENSION FUND SCHEME E - TIER I,12.4458
03/31/2010,PFM004,IDFC PENSION FUND MANAGEMENT COMPANY LIMITED,SM004001,IDFC PENSION FUND SCHEME E - TIER I,12.351
04/05/2010,PFM004,IDFC PENSION FUND MANAGEMENT COMPANY LIMITED,SM004001,IDFC PENSION FUND SCHEME E - TIER I,12.4161
04/06/2010,PFM004,IDFC PENSION FUND MANAGEMENT COMPANY LIMITED,SM004001,IDFC PENSION FUND SCHEME E - TIER I,12.5948
04/07/2010,PFM004,IDFC PENSION FUND MANAGEMENT COMPANY LIMITED,SM004001,IDFC PENSION FUND SCHEME E - TIER I,12.5886
04/08/2010,PFM004,IDFC PENSION FUND MANAGEMENT COMPANY LIMITED,SM004001,IDFC PENSION FUND SCHEME E - TIER I,12.6051
04/09/2010,PFM004,IDFC PENSION FUND MANAGEMENT COMPANY LIMITED,SM004001,IDFC PENSION FUND SCHEME E - TIER I,12.4465
04/12/2010,PFM004,IDFC PENSION FUND MANAGEMENT COMPANY LIMITED,SM004001,IDFC PENSION FUND SCHEME E - TIER I,12.5762
04/13/2010,PFM004,IDFC PENSION FUND MANAGEMENT COMPANY LIMITED,SM004001,IDFC PENSION FUND SCHEME E - TIER I,12.5239
04/15/2010,PFM004,IDFC PENSION FUND MANAGEMENT COMPANY LIMITED,SM004001,IDFC PENSION FUND SCHEME E - TIER I,12.4907
04/16/2010,PFM004,IDFC PENSION FUND MANAGEMENT COMPANY LIMITED,SM004001,IDFC PENSION FUND SCHEME E - TIER I,12.3758
04/19/2010,PFM004,IDFC PENSION FUND MANAGEMENT COMPANY LIMITED,SM004001,IDFC PENSION FUND SCHEME E - TIER I,12.3499
04/20/2010,PFM004,IDFC PENSION FUND MANAGEMENT COMPANY LIMITED,SM004001,IDFC PENSION FUND SCHEME E - TIER I,12.2138
04/21/2010,PFM004,IDFC PENSION FUND MANAGEMENT COMPANY LIMITED,SM004001,IDFC PENSION FUND SCHEME E - TIER I,12.2748
04/22/2010,PFM004,IDFC PENSION FUND MANAGEMENT COMPANY LIMITED,SM004001,IDFC PENSION FUND SCHEME E - TIER I,12.3088
04/23/2010,PFM004,IDFC PENSION FUND MANAGEMENT COMPANY LIMITED,SM004001,IDFC PENSION FUND SCHEME E - TIER I,12.3647
04/26/2010,PFM004,IDFC PENSION FUND MANAGEMENT COMPANY LIMITED,SM004001,IDFC PENSION FUND SCHEME E - TIER I,12.4451
04/27/2010,PFM004,IDFC PENSION FUND MANAGEMENT COMPANY LIMITED,SM004001,IDFC PENSION FUND SCHEME E - TIER I,12.4866
04/28/2010,PFM004,IDFC PENSION FUND MANAGEMENT COMPANY LIMITED,SM004001,IDFC PENSION FUND SCHEME E - TIER I,12.4537
04/29/2010,PFM004,IDFC PENSION FUND MANAGEMENT COMPANY LIMITED,SM004001,IDFC PENSION FUND SCHEME E - TIER I,12.2371
04/30/2010,PFM004,IDFC PENSION FUND MANAGEMENT COMPANY LIMITED,SM004001,IDFC PENSION FUND SCHEME E - TIER I,12.3258
05/03/2010,PFM004,IDFC PENSION FUND MANAGEMENT COMPANY LIMITED,SM004001,IDFC PENSION FUND SCHEME E - TIER I,12.3804
05/04/2010,PFM004,IDFC PENSION FUND MANAGEMENT COMPANY LIMITED,SM004001,IDFC PENSION FUND SCHEME E - TIER I,12.2517
05/05/2010,PFM004,IDFC PENSION FUND MANAGEMENT COMPANY LIMITED,SM004001,IDFC PENSION FUND SCHEME E - TIER I,12.0783
05/06/2010,PFM004,IDFC PENSION FUND MANAGEMENT COMPANY LIMITED,SM004001,IDFC PENSION FUND SCHEME E - TIER I,12.0355
05/07/2010,PFM004,IDFC PENSION FUND MANAGEMENT COMPANY LIMITED,SM004001,IDFC PENSION FUND SCHEME E - TIER I,11.9742
05/10/2010,PFM004,IDFC PENSION FUND MANAGEMENT COMPANY LIMITED,SM004001,IDFC PENSION FUND SCHEME E - TIER I,11.8434
05/11/2010,PFM004,IDFC PENSION FUND MANAGEMENT COMPANY LIMITED,SM004001,IDFC PENSION FUND SCHEME E - TIER I,12.162
05/12/2010,PFM004,IDFC PENSION FUND MANAGEMENT COMPANY LIMITED,SM004001,IDFC PENSION FUND SCHEME E - TIER I,12.0578
05/13/2010,PFM004,IDFC PENSION FUND MANAGEMENT COMPANY LIMITED,SM004001,IDFC PENSION FUND SCHEME E - TIER I,12.0817
05/14/2010,PFM004,IDFC PENSION FUND MANAGEMENT COMPANY LIMITED,SM004001,IDFC PENSION FUND SCHEME E - TIER I,12.1202
05/17/2010,PFM004,IDFC PENSION FUND MANAGEMENT COMPANY LIMITED,SM004001,IDFC PENSION FUND SCHEME E - TIER I,11.969
05/18/2010,PFM004,IDFC PENSION FUND MANAGEMENT COMPANY LIMITED,SM004001,IDFC PENSION FUND SCHEME E - TIER I,11.897
05/19/2010,PFM004,IDFC PENSION FUND MANAGEMENT COMPANY LIMITED,SM004001,IDFC PENSION FUND SCHEME E - TIER I,11.9151
05/20/2010,PFM004,IDFC PENSION FUND MANAGEMENT COMPANY LIMITED,SM004001,IDFC PENSION FUND SCHEME E - TIER I,11.5762
05/21/2010,PFM004,IDFC PENSION FUND MANAGEMENT COMPANY LIMITED,SM004001,IDFC PENSION FUND SCHEME E - TIER I,11.6431
05/24/2010,PFM004,IDFC PENSION FUND MANAGEMENT COMPANY LIMITED,SM004001,IDFC PENSION FUND SCHEME E - TIER I,11.6055
05/25/2010,PFM004,IDFC PENSION FUND MANAGEMENT COMPANY LIMITED,SM004001,IDFC PENSION FUND SCHEME E - TIER I,11.6357
05/26/2010,PFM004,IDFC PENSION FUND MANAGEMENT COMPANY LIMITED,SM004001,IDFC PENSION FUND SCHEME E - TIER I,11.3186
05/28/2010,PFM004,IDFC PENSION FUND MANAGEMENT COMPANY LIMITED,SM004001,IDFC PENSION FUND SCHEME E - TIER I,11.7665
05/31/2010,PFM004,IDFC PENSION FUND MANAGEMENT COMPANY LIMITED,SM004001,IDFC PENSION FUND SCHEME E - TIER I,11.9094
06/01/2010,PFM004,IDFC PENSION FUND MANAGEMENT COMPANY LIMITED,SM004001,IDFC PENSION FUND SCHEME E - TIER I,11.9537
06/02/2010,PFM004,IDFC PENSION FUND MANAGEMENT COMPANY LIMITED,SM004001,IDFC PENSION FUND SCHEME E - TIER I,11.687
06/03/2010,PFM004,IDFC PENSION FUND MANAGEMENT COMPANY LIMITED,SM004001,IDFC PENSION FUND SCHEME E - TIER I,11.766
06/04/2010,PFM004,IDFC PENSION FUND MANAGEMENT COMPANY LIMITED,SM004001,IDFC PENSION FUND SCHEME E - TIER I,11.9718
06/07/2010,PFM004,IDFC PENSION FUND MANAGEMENT COMPANY LIMITED,SM004001,IDFC PENSION FUND SCHEME E - TIER I,12.0281
06/08/2010,PFM004,IDFC PENSION FUND MANAGEMENT COMPANY LIMITED,SM004001,IDFC PENSION FUND SCHEME E - TIER I,11.7996
06/09/2010,PFM004,IDFC PENSION FUND MANAGEMENT COMPANY LIMITED,SM004001,IDFC PENSION FUND SCHEME E - TIER I,11.6902
06/10/2010,PFM004,IDFC PENSION FUND MANAGEMENT COMPANY LIMITED,SM004001,IDFC PENSION FUND SCHEME E - TIER I,11.7466
06/11/2010,PFM004,IDFC PENSION FUND MANAGEMENT COMPANY LIMITED,SM004001,IDFC PENSION FUND SCHEME E - TIER I,11.9415
06/14/2010,PFM004,IDFC PENSION FUND MANAGEMENT COMPANY LIMITED,SM004001,IDFC PENSION FUND SCHEME E - TIER I,12.0342
06/15/2010,PFM004,IDFC PENSION FUND MANAGEMENT COMPANY LIMITED,SM004001,IDFC PENSION FUND SCHEME E - TIER I,12.213
06/16/2010,PFM004,IDFC PENSION FUND MANAGEMENT COMPANY LIMITED,SM004001,IDFC PENSION FUND SCHEME E - TIER I,12.2651
06/17/2010,PFM004,IDFC PENSION FUND MANAGEMENT COMPANY LIMITED,SM004001,IDFC PENSION FUND SCHEME E - TIER I,12.2858
06/18/2010,PFM004,IDFC PENSION FUND MANAGEMENT COMPANY LIMITED,SM004001,IDFC PENSION FUND SCHEME E - TIER I,12.366
06/21/2010,PFM004,IDFC PENSION FUND MANAGEMENT COMPANY LIMITED,SM004001,IDFC PENSION FUND SCHEME E - TIER I,12.338
06/22/2010,PFM004,IDFC PENSION FUND MANAGEMENT COMPANY LIMITED,SM004001,IDFC PENSION FUND SCHEME E - TIER I,12.5469
06/23/2010,PFM004,IDFC PENSION FUND MANAGEMENT COMPANY LIMITED,SM004001,IDFC PENSION FUND SCHEME E - TIER I,12.4627
06/24/2010,PFM004,IDFC PENSION FUND MANAGEMENT COMPANY LIMITED,SM004001,IDFC PENSION FUND SCHEME E - TIER I,12.4757
06/25/2010,PFM004,IDFC PENSION FUND MANAGEMENT COMPANY LIMITED,SM004001,IDFC PENSION FUND SCHEME E - TIER I,12.4719
06/28/2010,PFM004,IDFC PENSION FUND MANAGEMENT COMPANY LIMITED,SM004001,IDFC PENSION FUND SCHEME E - TIER I,12.3459
06/29/2010,PFM004,IDFC PENSION FUND MANAGEMENT COMPANY LIMITED,SM004001,IDFC PENSION FUND SCHEME E - TIER I,12.4945
06/30/2010,PFM004,IDFC PENSION FUND MANAGEMENT COMPANY LIMITED,SM004001,IDFC PENSION FUND SCHEME E - TIER I,12.3251
07/02/2010,PFM004,IDFC PENSION FUND MANAGEMENT COMPANY LIMITED,SM004001,IDFC PENSION FUND SCHEME E - TIER I,12.3156
07/05/2010,PFM004,IDFC PENSION FUND MANAGEMENT COMPANY LIMITED,SM004001,IDFC PENSION FUND SCHEME E - TIER I,12.3156
07/06/2010,PFM004,IDFC PENSION FUND MANAGEMENT COMPANY LIMITED,SM004001,IDFC PENSION FUND SCHEME E - TIER I,12.2726
07/07/2010,PFM004,IDFC PENSION FUND MANAGEMENT COMPANY LIMITED,SM004001,IDFC PENSION FUND SCHEME E - TIER I,12.3936
07/08/2010,PFM004,IDFC PENSION FUND MANAGEMENT COMPANY LIMITED,SM004001,IDFC PENSION FUND SCHEME E - TIER I,12.2847
07/09/2010,PFM004,IDFC PENSION FUND MANAGEMENT COMPANY LIMITED,SM004001,IDFC PENSION FUND SCHEME E - TIER I,12.4194
07/12/2010,PFM004,IDFC PENSION FUND MANAGEMENT COMPANY LIMITED,SM004001,IDFC PENSION FUND SCHEME E - TIER I,12.5506
07/13/2010,PFM004,IDFC PENSION FUND MANAGEMENT COMPANY LIMITED,SM004001,IDFC PENSION FUND SCHEME E - TIER I,12.6253
07/14/2010,PFM004,IDFC PENSION FUND MANAGEMENT COMPANY LIMITED,SM004001,IDFC PENSION FUND SCHEME E - TIER I,12.6607
07/15/2010,PFM004,IDFC PENSION FUND MANAGEMENT COMPANY LIMITED,SM004001,IDFC PENSION FUND SCHEME E - TIER I,12.6273
07/16/2010,PFM004,IDFC PENSION FUND MANAGEMENT COMPANY LIMITED,SM004001,IDFC PENSION FUND SCHEME E - TIER I,12.6093
07/19/2010,PFM004,IDFC PENSION FUND MANAGEMENT COMPANY LIMITED,SM004001,IDFC PENSION FUND SCHEME E - TIER I,12.6436
07/20/2010,PFM004,IDFC PENSION FUND MANAGEMENT COMPANY LIMITED,SM004001,IDFC PENSION FUND SCHEME E - TIER I,12.628
07/21/2010,PFM004,IDFC PENSION FUND MANAGEMENT COMPANY LIMITED,SM004001,IDFC PENSION FUND SCHEME E - TIER I,12.5869
07/22/2010,PFM004,IDFC PENSION FUND MANAGEMENT COMPANY LIMITED,SM004001,IDFC PENSION FUND SCHEME E - TIER I,12.6542
07/23/2010,PFM004,IDFC PENSION FUND MANAGEMENT COMPANY LIMITED,SM004001,IDFC PENSION FUND SCHEME E - TIER I,12.75
07/26/2010,PFM004,IDFC PENSION FUND MANAGEMENT COMPANY LIMITED,SM004001,IDFC PENSION FUND SCHEME E - TIER I,12.77
07/27/2010,PFM004,IDFC PENSION FUND MANAGEMENT COMPANY LIMITED,SM004001,IDFC PENSION FUND SCHEME E - TIER I,12.7014
07/28/2010,PFM004,IDFC PENSION FUND MANAGEMENT COMPANY LIMITED,SM004001,IDFC PENSION FUND SCHEME E - TIER I,12.7283
07/29/2010,PFM004,IDFC PENSION FUND MANAGEMENT COMPANY LIMITED,SM004001,IDFC PENSION FUND SCHEME E - TIER I,12.6548
07/30/2010,PFM004,IDFC PENSION FUND MANAGEMENT COMPANY LIMITED,SM004001,IDFC PENSION FUND SCHEME E - TIER I,12.6806
08/02/2010,PFM004,IDFC PENSION FUND MANAGEMENT COMPANY LIMITED,SM004001,IDFC PENSION FUND SCHEME E - TIER I,12.5882
08/03/2010,PFM004,IDFC PENSION FUND MANAGEMENT COMPANY LIMITED,SM004001,IDFC PENSION FUND SCHEME E - TIER I,12.7323
08/04/2010,PFM004,IDFC PENSION FUND MANAGEMENT COMPANY LIMITED,SM004001,IDFC PENSION FUND SCHEME E - TIER I,12.7506
08/05/2010,PFM004,IDFC PENSION FUND MANAGEMENT COMPANY LIMITED,SM004001,IDFC PENSION FUND SCHEME E - TIER I,12.814
08/06/2010,PFM004,IDFC PENSION FUND MANAGEMENT COMPANY LIMITED,SM004001,IDFC PENSION FUND SCHEME E - TIER I,12.7661
08/09/2010,PFM004,IDFC PENSION FUND MANAGEMENT COMPANY LIMITED,SM004001,IDFC PENSION FUND SCHEME E - TIER I,12.7476
08/10/2010,PFM004,IDFC PENSION FUND MANAGEMENT COMPANY LIMITED,SM004001,IDFC PENSION FUND SCHEME E - TIER I,12.8586
08/11/2010,PFM004,IDFC PENSION FUND MANAGEMENT COMPANY LIMITED,SM004001,IDFC PENSION FUND SCHEME E - TIER I,12.8047
08/12/2010,PFM004,IDFC PENSION FUND MANAGEMENT COMPANY LIMITED,SM004001,IDFC PENSION FUND SCHEME E - TIER I,12.7152
08/13/2010,PFM004,IDFC PENSION FUND MANAGEMENT COMPANY LIMITED,SM004001,IDFC PENSION FUND SCHEME E - TIER I,12.7061
08/16/2010,PFM004,IDFC PENSION FUND MANAGEMENT COMPANY LIMITED,SM004001,IDFC PENSION FUND SCHEME E - TIER I,12.7874
08/17/2010,PFM004,IDFC PENSION FUND MANAGEMENT COMPANY LIMITED,SM004001,IDFC PENSION FUND SCHEME E - TIER I,12.7137
08/18/2010,PFM004,IDFC PENSION FUND MANAGEMENT COMPANY LIMITED,SM004001,IDFC PENSION FUND SCHEME E - TIER I,12.7094
08/20/2010,PFM004,IDFC PENSION FUND MANAGEMENT COMPANY LIMITED,SM004001,IDFC PENSION FUND SCHEME E - TIER I,12.9941
08/23/2010,PFM004,IDFC PENSION FUND MANAGEMENT COMPANY LIMITED,SM004001,IDFC PENSION FUND SCHEME E - TIER I,12.9714
08/24/2010,PFM004,IDFC PENSION FUND MANAGEMENT COMPANY LIMITED,SM004001,IDFC PENSION FUND SCHEME E - TIER I,13.0014
08/25/2010,PFM004,IDFC PENSION FUND MANAGEMENT COMPANY LIMITED,SM004001,IDFC PENSION FUND SCHEME E - TIER I,12.9148
08/26/2010,PFM004,IDFC PENSION FUND MANAGEMENT COMPANY LIMITED,SM004001,IDFC PENSION FUND SCHEME E - TIER I,12.8142
08/27/2010,PFM004,IDFC PENSION FUND MANAGEMENT COMPANY LIMITED,SM004001,IDFC PENSION FUND SCHEME E - TIER I,12.8508
08/30/2010,PFM004,IDFC PENSION FUND MANAGEMENT COMPANY LIMITED,SM004001,IDFC PENSION FUND SCHEME E - TIER I,12.6939
08/31/2010,PFM004,IDFC PENSION FUND MANAGEMENT COMPANY LIMITED,SM004001,IDFC PENSION FUND SCHEME E - TIER I,12.7119
09/01/2010,PFM004,IDFC PENSION FUND MANAGEMENT COMPANY LIMITED,SM004001,IDFC PENSION FUND SCHEME E - TIER I,12.6825
09/02/2010,PFM004,IDFC PENSION FUND MANAGEMENT COMPANY LIMITED,SM004001,IDFC PENSION FUND SCHEME E - TIER I,12.8364
09/03/2010,PFM004,IDFC PENSION FUND MANAGEMENT COMPANY LIMITED,SM004001,IDFC PENSION FUND SCHEME E - TIER I,12.8702
09/06/2010,PFM004,IDFC PENSION FUND MANAGEMENT COMPANY LIMITED,SM004001,IDFC PENSION FUND SCHEME E - TIER I,12.8558
09/07/2010,PFM004,IDFC PENSION FUND MANAGEMENT COMPANY LIMITED,SM004001,IDFC PENSION FUND SCHEME E - TIER I,13.0711
09/08/2010,PFM004,IDFC PENSION FUND MANAGEMENT COMPANY LIMITED,SM004001,IDFC PENSION FUND SCHEME E - TIER I,13.1326
09/09/2010,PFM004,IDFC PENSION FUND MANAGEMENT COMPANY LIMITED,SM004001,IDFC PENSION FUND SCHEME E - TIER I,13.1426
09/13/2010,PFM004,IDFC PENSION FUND MANAGEMENT COMPANY LIMITED,SM004001,IDFC PENSION FUND SCHEME E - TIER I,13.2195
09/14/2010,PFM004,IDFC PENSION FUND MANAGEMENT COMPANY LIMITED,SM004001,IDFC PENSION FUND SCHEME E - TIER I,13.4882
09/15/2010,PFM004,IDFC PENSION FUND MANAGEMENT COMPANY LIMITED,SM004001,IDFC PENSION FUND SCHEME E - TIER I,13.5669
09/16/2010,PFM004,IDFC PENSION FUND MANAGEMENT COMPANY LIMITED,SM004001,IDFC PENSION FUND SCHEME E - TIER I,13.712
09/17/2010,PFM004,IDFC PENSION FUND MANAGEMENT COMPANY LIMITED,SM004001,IDFC PENSION FUND SCHEME E - TIER I,13.6402
09/20/2010,PFM004,IDFC PENSION FUND MANAGEMENT COMPANY LIMITED,SM004001,IDFC PENSION FUND SCHEME E - TIER I,13.7678
09/21/2010,PFM004,IDFC PENSION FUND MANAGEMENT COMPANY LIMITED,SM004001,IDFC PENSION FUND SCHEME E - TIER I,13.9845
09/22/2010,PFM004,IDFC PENSION FUND MANAGEMENT COMPANY LIMITED,SM004001,IDFC PENSION FUND SCHEME E - TIER I,14.0495
09/23/2010,PFM004,IDFC PENSION FUND MANAGEMENT COMPANY LIMITED,SM004001,IDFC PENSION FUND SCHEME E - TIER I,14.0495
09/24/2010,PFM004,IDFC PENSION FUND MANAGEMENT COMPANY LIMITED,SM004001,IDFC PENSION FUND SCHEME E - TIER I,13.9379
09/27/2010,PFM004,IDFC PENSION FUND MANAGEMENT COMPANY LIMITED,SM004001,IDFC PENSION FUND SCHEME E - TIER I,14.0666
09/28/2010,PFM004,IDFC PENSION FUND MANAGEMENT COMPANY LIMITED,SM004001,IDFC PENSION FUND SCHEME E - TIER I,14.1051
09/29/2010,PFM004,IDFC PENSION FUND MANAGEMENT COMPANY LIMITED,SM004001,IDFC PENSION FUND SCHEME E - TIER I,14.0894
10/01/2010,PFM004,IDFC PENSION FUND MANAGEMENT COMPANY LIMITED,SM004001,IDFC PENSION FUND SCHEME E - TIER I,14.3451
10/04/2010,PFM004,IDFC PENSION FUND MANAGEMENT COMPANY LIMITED,SM004001,IDFC PENSION FUND SCHEME E - TIER I,14.3451
10/05/2010,PFM004,IDFC PENSION FUND MANAGEMENT COMPANY LIMITED,SM004001,IDFC PENSION FUND SCHEME E - TIER I,14.3786
10/06/2010,PFM004,IDFC PENSION FUND MANAGEMENT COMPANY LIMITED,SM004001,IDFC PENSION FUND SCHEME E - TIER I,14.3485
10/07/2010,PFM004,IDFC PENSION FUND MANAGEMENT COMPANY LIMITED,SM004001,IDFC PENSION FUND SCHEME E - TIER I,14.4354
10/08/2010,PFM004,IDFC PENSION FUND MANAGEMENT COMPANY LIMITED,SM004001,IDFC PENSION FUND SCHEME E - TIER I,14.2877
10/11/2010,PFM004,IDFC PENSION FUND MANAGEMENT COMPANY LIMITED,SM004001,IDFC PENSION FUND SCHEME E - TIER I,14.2492
10/12/2010,PFM004,IDFC PENSION FUND MANAGEMENT COMPANY LIMITED,SM004001,IDFC PENSION FUND SCHEME E - TIER I,14.322
10/13/2010,PFM004,IDFC PENSION FUND MANAGEMENT COMPANY LIMITED,SM004001,IDFC PENSION FUND SCHEME E - TIER I,14.2194
10/14/2010,PFM004,IDFC PENSION FUND MANAGEMENT COMPANY LIMITED,SM004001,IDFC PENSION FUND SCHEME E - TIER I,14.5468
10/15/2010,PFM004,IDFC PENSION FUND MANAGEMENT COMPANY LIMITED,SM004001,IDFC PENSION FUND SCHEME E - TIER I,14.4168
10/18/2010,PFM004,IDFC PENSION FUND MANAGEMENT COMPANY LIMITED,SM004001,IDFC PENSION FUND SCHEME E - TIER I,14.1538
10/19/2010,PFM004,IDFC PENSION FUND MANAGEMENT COMPANY LIMITED,SM004001,IDFC PENSION FUND SCHEME E - TIER I,14.1862
10/20/2010,PFM004,IDFC PENSION FUND MANAGEMENT COMPANY LIMITED,SM004001,IDFC PENSION FUND SCHEME E - TIER I,14.0749
10/21/2010,PFM004,IDFC PENSION FUND MANAGEMENT COMPANY LIMITED,SM004001,IDFC PENSION FUND SCHEME E - TIER I,13.9727
10/22/2010,PFM004,IDFC PENSION FUND MANAGEMENT COMPANY LIMITED,SM004001,IDFC PENSION FUND SCHEME E - TIER I,14.2543
10/25/2010,PFM004,IDFC PENSION FUND MANAGEMENT COMPANY LIMITED,SM004001,IDFC PENSION FUND SCHEME E - TIER I,14.1737
10/26/2010,PFM004,IDFC PENSION FUND MANAGEMENT COMPANY LIMITED,SM004001,IDFC PENSION FUND SCHEME E - TIER I,14.2659
10/27/2010,PFM004,IDFC PENSION FUND MANAGEMENT COMPANY LIMITED,SM004001,IDFC PENSION FUND SCHEME E - TIER I,14.2107
10/28/2010,PFM004,IDFC PENSION FUND MANAGEMENT COMPANY LIMITED,SM004001,IDFC PENSION FUND SCHEME E - TIER I,14.0511
10/29/2010,PFM004,IDFC PENSION FUND MANAGEMENT COMPANY LIMITED,SM004001,IDFC PENSION FUND SCHEME E - TIER I,13.9952
11/01/2010,PFM004,IDFC PENSION FUND MANAGEMENT COMPANY LIMITED,SM004001,IDFC PENSION FUND SCHEME E - TIER I,14.0615
11/02/2010,PFM004,IDFC PENSION FUND MANAGEMENT COMPANY LIMITED,SM004001,IDFC PENSION FUND SCHEME E - TIER I,14.296
11/03/2010,PFM004,IDFC PENSION FUND MANAGEMENT COMPANY LIMITED,SM004001,IDFC PENSION FUND SCHEME E - TIER I,14.2993
11/04/2010,PFM004,IDFC PENSION FUND MANAGEMENT COMPANY LIMITED,SM004001,IDFC PENSION FUND SCHEME E - TIER I,14.3937
11/08/2010,PFM004,IDFC PENSION FUND MANAGEMENT COMPANY LIMITED,SM004001,IDFC PENSION FUND SCHEME E - TIER I,14.6733
11/09/2010,PFM004,IDFC PENSION FUND MANAGEMENT COMPANY LIMITED,SM004001,IDFC PENSION FUND SCHEME E - TIER I,14.6519
11/10/2010,PFM004,IDFC PENSION FUND MANAGEMENT COMPANY LIMITED,SM004001,IDFC PENSION FUND SCHEME E - TIER I,14.7119
11/11/2010,PFM004,IDFC PENSION FUND MANAGEMENT COMPANY LIMITED,SM004001,IDFC PENSION FUND SCHEME E - TIER I,14.6757
11/12/2010,PFM004,IDFC PENSION FUND MANAGEMENT COMPANY LIMITED,SM004001,IDFC PENSION FUND SCHEME E - TIER I,14.4855
11/15/2010,PFM004,IDFC PENSION FUND MANAGEMENT COMPANY LIMITED,SM004001,IDFC PENSION FUND SCHEME E - TIER I,14.1995
11/16/2010,PFM004,IDFC PENSION FUND MANAGEMENT COMPANY LIMITED,SM004001,IDFC PENSION FUND SCHEME E - TIER I,14.3169
11/18/2010,PFM004,IDFC PENSION FUND MANAGEMENT COMPANY LIMITED,SM004001,IDFC PENSION FUND SCHEME E - TIER I,14.0132
11/19/2010,PFM004,IDFC PENSION FUND MANAGEMENT COMPANY LIMITED,SM004001,IDFC PENSION FUND SCHEME E - TIER I,14.0439
11/22/2010,PFM004,IDFC PENSION FUND MANAGEMENT COMPANY LIMITED,SM004001,IDFC PENSION FUND SCHEME E - TIER I,13.7824
11/23/2010,PFM004,IDFC PENSION FUND MANAGEMENT COMPANY LIMITED,SM004001,IDFC PENSION FUND SCHEME E - TIER I,14.014
11/24/2010,PFM004,IDFC PENSION FUND MANAGEMENT COMPANY LIMITED,SM004001,IDFC PENSION FUND SCHEME E - TIER I,13.8369
11/25/2010,PFM004,IDFC PENSION FUND MANAGEMENT COMPANY LIMITED,SM004001,IDFC PENSION FUND SCHEME E - TIER I,13.6773
11/26/2010,PFM004,IDFC PENSION FUND MANAGEMENT COMPANY LIMITED,SM004001,IDFC PENSION FUND SCHEME E - TIER I,13.5314
11/29/2010,PFM004,IDFC PENSION FUND MANAGEMENT COMPANY LIMITED,SM004001,IDFC PENSION FUND SCHEME E - TIER I,13.4152
11/30/2010,PFM004,IDFC PENSION FUND MANAGEMENT COMPANY LIMITED,SM004001,IDFC PENSION FUND SCHEME E - TIER I,13.5923
12/01/2010,PFM004,IDFC PENSION FUND MANAGEMENT COMPANY LIMITED,SM004001,IDFC PENSION FUND SCHEME E - TIER I,13.6681
12/02/2010,PFM004,IDFC PENSION FUND MANAGEMENT COMPANY LIMITED,SM004001,IDFC PENSION FUND SCHEME E - TIER I,13.8889
12/03/2010,PFM004,IDFC PENSION FUND MANAGEMENT COMPANY LIMITED,SM004001,IDFC PENSION FUND SCHEME E - TIER I,14.0047
12/06/2010,PFM004,IDFC PENSION FUND MANAGEMENT COMPANY LIMITED,SM004001,IDFC PENSION FUND SCHEME E - TIER I,13.9621
12/07/2010,PFM004,IDFC PENSION FUND MANAGEMENT COMPANY LIMITED,SM004001,IDFC PENSION FUND SCHEME E - TIER I,13.9563
12/08/2010,PFM004,IDFC PENSION FUND MANAGEMENT COMPANY LIMITED,SM004001,IDFC PENSION FUND SCHEME E - TIER I,13.9261
12/09/2010,PFM004,IDFC PENSION FUND MANAGEMENT COMPANY LIMITED,SM004001,IDFC PENSION FUND SCHEME E - TIER I,13.7507
12/10/2010,PFM004,IDFC PENSION FUND MANAGEMENT COMPANY LIMITED,SM004001,IDFC PENSION FUND SCHEME E - TIER I,13.4329
12/13/2010,PFM004,IDFC PENSION FUND MANAGEMENT COMPANY LIMITED,SM004001,IDFC PENSION FUND SCHEME E - TIER I,13.6381
12/14/2010,PFM004,IDFC PENSION FUND MANAGEMENT COMPANY LIMITED,SM004001,IDFC PENSION FUND SCHEME E - TIER I,13.7552
12/15/2010,PFM004,IDFC PENSION FUND MANAGEMENT COMPANY LIMITED,SM004001,IDFC PENSION FUND SCHEME E - TIER I,13.8357
12/16/2010,PFM004,IDFC PENSION FUND MANAGEMENT COMPANY LIMITED,SM004001,IDFC PENSION FUND SCHEME E - TIER I,13.7127
12/20/2010,PFM004,IDFC PENSION FUND MANAGEMENT COMPANY LIMITED,SM004001,IDFC PENSION FUND SCHEME E - TIER I,13.8474
12/21/2010,PFM004,IDFC PENSION FUND MANAGEMENT COMPANY LIMITED,SM004001,IDFC PENSION FUND SCHEME E - TIER I,13.8487
12/22/2010,PFM004,IDFC PENSION FUND MANAGEMENT COMPANY LIMITED,SM004001,IDFC PENSION FUND SCHEME E - TIER I,13.9707
12/23/2010,PFM004,IDFC PENSION FUND MANAGEMENT COMPANY LIMITED,SM004001,IDFC PENSION FUND SCHEME E - TIER I,13.9325
12/24/2010,PFM004,IDFC PENSION FUND MANAGEMENT COMPANY LIMITED,SM004001,IDFC PENSION FUND SCHEME E - TIER I,13.9231
12/27/2010,PFM004,IDFC PENSION FUND MANAGEMENT COMPANY LIMITED,SM004001,IDFC PENSION FUND SCHEME E - TIER I,13.9935
12/28/2010,PFM004,IDFC PENSION FUND MANAGEMENT COMPANY LIMITED,SM004001,IDFC PENSION FUND SCHEME E - TIER I,13.946
12/29/2010,PFM004,IDFC PENSION FUND MANAGEMENT COMPANY LIMITED,SM004001,IDFC PENSION FUND SCHEME E - TIER I,13.9449
12/30/2010,PFM004,IDFC PENSION FUND MANAGEMENT COMPANY LIMITED,SM004001,IDFC PENSION FUND SCHEME E - TIER I,14.0711
12/31/2010,PFM004,IDFC PENSION FUND MANAGEMENT COMPANY LIMITED,SM004001,IDFC PENSION FUND SCHEME E - TIER I,14.2627
01/03/2011,PFM004,IDFC PENSION FUND MANAGEMENT COMPANY LIMITED,SM004001,IDFC PENSION FUND SCHEME E - TIER I,14.352
01/04/2011,PFM004,IDFC PENSION FUND MANAGEMENT COMPANY LIMITED,SM004001,IDFC PENSION FUND SCHEME E - TIER I,14.4049
01/05/2011,PFM004,IDFC PENSION FUND MANAGEMENT COMPANY LIMITED,SM004001,IDFC PENSION FUND SCHEME E - TIER I,14.3739
01/06/2011,PFM004,IDFC PENSION FUND MANAGEMENT COMPANY LIMITED,SM004001,IDFC PENSION FUND SCHEME E - TIER I,14.2295
01/07/2011,PFM004,IDFC PENSION FUND MANAGEMENT COMPANY LIMITED,SM004001,IDFC PENSION FUND SCHEME E - TIER I,14.1732
01/10/2011,PFM004,IDFC PENSION FUND MANAGEMENT COMPANY LIMITED,SM004001,IDFC PENSION FUND SCHEME E - TIER I,13.9508
01/11/2011,PFM004,IDFC PENSION FUND MANAGEMENT COMPANY LIMITED,SM004001,IDFC PENSION FUND SCHEME E - TIER I,13.5845
01/12/2011,PFM004,IDFC PENSION FUND MANAGEMENT COMPANY LIMITED,SM004001,IDFC PENSION FUND SCHEME E - TIER I,13.4971
01/13/2011,PFM004,IDFC PENSION FUND MANAGEMENT COMPANY LIMITED,SM004001,IDFC PENSION FUND SCHEME E - TIER I,13.6775
01/14/2011,PFM004,IDFC PENSION FUND MANAGEMENT COMPANY LIMITED,SM004001,IDFC PENSION FUND SCHEME E - TIER I,13.3433
01/17/2011,PFM004,IDFC PENSION FUND MANAGEMENT COMPANY LIMITED,SM004001,IDFC PENSION FUND SCHEME E - TIER I,13.1196
01/18/2011,PFM004,IDFC PENSION FUND MANAGEMENT COMPANY LIMITED,SM004001,IDFC PENSION FUND SCHEME E - TIER I,13.1226
01/19/2011,PFM004,IDFC PENSION FUND MANAGEMENT COMPANY LIMITED,SM004001,IDFC PENSION FUND SCHEME E - TIER I,13.2896
01/20/2011,PFM004,IDFC PENSION FUND MANAGEMENT COMPANY LIMITED,SM004001,IDFC PENSION FUND SCHEME E - TIER I,13.2068
01/21/2011,PFM004,IDFC PENSION FUND MANAGEMENT COMPANY LIMITED,SM004001,IDFC PENSION FUND SCHEME E - TIER I,13.2583
01/24/2011,PFM004,IDFC PENSION FUND MANAGEMENT COMPANY LIMITED,SM004001,IDFC PENSION FUND SCHEME E - TIER I,13.2223
01/25/2011,PFM004,IDFC PENSION FUND MANAGEMENT COMPANY LIMITED,SM004001,IDFC PENSION FUND SCHEME E - TIER I,13.3253
01/27/2011,PFM004,IDFC PENSION FUND MANAGEMENT COMPANY LIMITED,SM004001,IDFC PENSION FUND SCHEME E - TIER I,13.1941
01/28/2011,PFM004,IDFC PENSION FUND MANAGEMENT COMPANY LIMITED,SM004001,IDFC PENSION FUND SCHEME E - TIER I,13.0074
01/31/2011,PFM004,IDFC PENSION FUND MANAGEMENT COMPANY LIMITED,SM004001,IDFC PENSION FUND SCHEME E - TIER I,12.7989
02/01/2011,PFM004,IDFC PENSION FUND MANAGEMENT COMPANY LIMITED,SM004001,IDFC PENSION FUND SCHEME E - TIER I,12.783
02/02/2011,PFM004,IDFC PENSION FUND MANAGEMENT COMPANY LIMITED,SM004001,IDFC PENSION FUND SCHEME E - TIER I,12.5778
02/03/2011,PFM004,IDFC PENSION FUND MANAGEMENT COMPANY LIMITED,SM004001,IDFC PENSION FUND SCHEME E - TIER I,12.6112
02/04/2011,PFM004,IDFC PENSION FUND MANAGEMENT COMPANY LIMITED,SM004001,IDFC PENSION FUND SCHEME E - TIER I,12.8268
02/07/2011,PFM004,IDFC PENSION FUND MANAGEMENT COMPANY LIMITED,SM004001,IDFC PENSION FUND SCHEME E - TIER I,12.5216
02/08/2011,PFM004,IDFC PENSION FUND MANAGEMENT COMPANY LIMITED,SM004001,IDFC PENSION FUND SCHEME E - TIER I,12.5261
02/09/2011,PFM004,IDFC PENSION FUND MANAGEMENT COMPANY LIMITED,SM004001,IDFC PENSION FUND SCHEME E - TIER I,12.3369
02/10/2011,PFM004,IDFC PENSION FUND MANAGEMENT COMPANY LIMITED,SM004001,IDFC PENSION FUND SCHEME E - TIER I,12.2046
02/11/2011,PFM004,IDFC PENSION FUND MANAGEMENT COMPANY LIMITED,SM004001,IDFC PENSION FUND SCHEME E - TIER I,12.1401
02/14/2011,PFM004,IDFC PENSION FUND MANAGEMENT COMPANY LIMITED,SM004001,IDFC PENSION FUND SCHEME E - TIER I,12.3381
02/15/2011,PFM004,IDFC PENSION FUND MANAGEMENT COMPANY LIMITED,SM004001,IDFC PENSION FUND SCHEME E - TIER I,12.6716
02/17/2011,PFM004,IDFC PENSION FUND MANAGEMENT COMPANY LIMITED,SM004001,IDFC PENSION FUND SCHEME E - TIER I,12.7335
02/18/2011,PFM004,IDFC PENSION FUND MANAGEMENT COMPANY LIMITED,SM004001,IDFC PENSION FUND SCHEME E - TIER I,12.8827
02/21/2011,PFM004,IDFC PENSION FUND MANAGEMENT COMPANY LIMITED,SM004001,IDFC PENSION FUND SCHEME E - TIER I,12.6796
02/22/2011,PFM004,IDFC PENSION FUND MANAGEMENT COMPANY LIMITED,SM004001,IDFC PENSION FUND SCHEME E - TIER I,12.8267
02/23/2011,PFM004,IDFC PENSION FUND MANAGEMENT COMPANY LIMITED,SM004001,IDFC PENSION FUND SCHEME E - TIER I,12.711
02/24/2011,PFM004,IDFC PENSION FUND MANAGEMENT COMPANY LIMITED,SM004001,IDFC PENSION FUND SCHEME E - TIER I,12.6332
02/25/2011,PFM004,IDFC PENSION FUND MANAGEMENT COMPANY LIMITED,SM004001,IDFC PENSION FUND SCHEME E - TIER I,12.2424
02/28/2011,PFM004,IDFC PENSION FUND MANAGEMENT COMPANY LIMITED,SM004001,IDFC PENSION FUND SCHEME E - TIER I,12.3323
03/01/2011,PFM004,IDFC PENSION FUND MANAGEMENT COMPANY LIMITED,SM004001,IDFC PENSION FUND SCHEME E - TIER I,12.399
03/03/2011,PFM004,IDFC PENSION FUND MANAGEMENT COMPANY LIMITED,SM004001,IDFC PENSION FUND SCHEME E - TIER I,12.8464
03/04/2011,PFM004,IDFC PENSION FUND MANAGEMENT COMPANY LIMITED,SM004001,IDFC PENSION FUND SCHEME E - TIER I,12.8713
03/07/2011,PFM004,IDFC PENSION FUND MANAGEMENT COMPANY LIMITED,SM004001,IDFC PENSION FUND SCHEME E - TIER I,12.8714
03/08/2011,PFM004,IDFC PENSION FUND MANAGEMENT COMPANY LIMITED,SM004001,IDFC PENSION FUND SCHEME E - TIER I,12.7065
03/09/2011,PFM004,IDFC PENSION FUND MANAGEMENT COMPANY LIMITED,SM004001,IDFC PENSION FUND SCHEME E - TIER I,12.8347
03/10/2011,PFM004,IDFC PENSION FUND MANAGEMENT COMPANY LIMITED,SM004001,IDFC PENSION FUND SCHEME E - TIER I,12.8573
03/11/2011,PFM004,IDFC PENSION FUND MANAGEMENT COMPANY LIMITED,SM004001,IDFC PENSION FUND SCHEME E - TIER I,12.7739
03/14/2011,PFM004,IDFC PENSION FUND MANAGEMENT COMPANY LIMITED,SM004001,IDFC PENSION FUND SCHEME E - TIER I,12.6624
03/15/2011,PFM004,IDFC PENSION FUND MANAGEMENT COMPANY LIMITED,SM004001,IDFC PENSION FUND SCHEME E - TIER I,12.8599
03/16/2011,PFM004,IDFC PENSION FUND MANAGEMENT COMPANY LIMITED,SM004001,IDFC PENSION FUND SCHEME E - TIER I,12.6696
03/17/2011,PFM004,IDFC PENSION FUND MANAGEMENT COMPANY LIMITED,SM004001,IDFC PENSION FUND SCHEME E - TIER I,12.8124
03/18/2011,PFM004,IDFC PENSION FUND MANAGEMENT COMPANY LIMITED,SM004001,IDFC PENSION FUND SCHEME E - TIER I,12.6647
03/21/2011,PFM004,IDFC PENSION FUND MANAGEMENT COMPANY LIMITED,SM004001,IDFC PENSION FUND SCHEME E - TIER I,12.4975
03/22/2011,PFM004,IDFC PENSION FUND MANAGEMENT COMPANY LIMITED,SM004001,IDFC PENSION FUND SCHEME E - TIER I,12.4775
03/23/2011,PFM004,IDFC PENSION FUND MANAGEMENT COMPANY LIMITED,SM004001,IDFC PENSION FUND SCHEME E - TIER I,12.5915
03/24/2011,PFM004,IDFC PENSION FUND MANAGEMENT COMPANY LIMITED,SM004001,IDFC PENSION FUND SCHEME E - TIER I,12.7443
03/25/2011,PFM004,IDFC PENSION FUND MANAGEMENT COMPANY LIMITED,SM004001,IDFC PENSION FUND SCHEME E - TIER I,12.8444
03/28/2011,PFM004,IDFC PENSION FUND MANAGEMENT COMPANY LIMITED,SM004001,IDFC PENSION FUND SCHEME E - TIER I,13.1458
03/29/2011,PFM004,IDFC PENSION FUND MANAGEMENT COMPANY LIMITED,SM004001,IDFC PENSION FUND SCHEME E - TIER I,13.2177
03/30/2011,PFM004,IDFC PENSION FUND MANAGEMENT COMPANY LIMITED,SM004001,IDFC PENSION FUND SCHEME E - TIER I,13.3293
03/31/2011,PFM004,IDFC PENSION FUND MANAGEMENT COMPANY LIMITED,SM004001,IDFC PENSION FUND SCHEME E - TIER I,13.4491
04/05/2011,PFM004,IDFC PENSION FUND MANAGEMENT COMPANY LIMITED,SM004001,IDFC PENSION FUND SCHEME E - TIER I,13.7251
04/06/2011,PFM004,IDFC PENSION FUND MANAGEMENT COMPANY LIMITED,SM004001,IDFC PENSION FUND SCHEME E - TIER I,13.7264
04/07/2011,PFM004,IDFC PENSION FUND MANAGEMENT COMPANY LIMITED,SM004001,IDFC PENSION FUND SCHEME E - TIER I,13.6835
04/08/2011,PFM004,IDFC PENSION FUND MANAGEMENT COMPANY LIMITED,SM004001,IDFC PENSION FUND SCHEME E - TIER I,13.669
04/11/2011,PFM004,IDFC PENSION FUND MANAGEMENT COMPANY LIMITED,SM004001,IDFC PENSION FUND SCHEME E - TIER I,13.5674
04/13/2011,PFM004,IDFC PENSION FUND MANAGEMENT COMPANY LIMITED,SM004001,IDFC PENSION FUND SCHEME E - TIER I,13.4403
04/15/2011,PFM004,IDFC PENSION FUND MANAGEMENT COMPANY LIMITED,SM004001,IDFC PENSION FUND SCHEME E - TIER I,13.7271
04/18/2011,PFM004,IDFC PENSION FUND MANAGEMENT COMPANY LIMITED,SM004001,IDFC PENSION FUND SCHEME E - TIER I,13.5267
04/19/2011,PFM004,IDFC PENSION FUND MANAGEMENT COMPANY LIMITED,SM004001,IDFC PENSION FUND SCHEME E - TIER I,13.3084
04/20/2011,PFM004,IDFC PENSION FUND MANAGEMENT COMPANY LIMITED,SM004001,IDFC PENSION FUND SCHEME E - TIER I,13.3356
04/21/2011,PFM004,IDFC PENSION FUND MANAGEMENT COMPANY LIMITED,SM004001,IDFC PENSION FUND SCHEME E - TIER I,13.5944
04/25/2011,PFM004,IDFC PENSION FUND MANAGEMENT COMPANY LIMITED,SM004001,IDFC PENSION FUND SCHEME E - TIER I,13.6685
04/26/2011,PFM004,IDFC PENSION FUND MANAGEMENT COMPANY LIMITED,SM004001,IDFC PENSION FUND SCHEME E - TIER I,13.6512
04/27/2011,PFM004,IDFC PENSION FUND MANAGEMENT COMPANY LIMITED,SM004001,IDFC PENSION FUND SCHEME E - TIER I,13.6341
04/28/2011,PFM004,IDFC PENSION FUND MANAGEMENT COMPANY LIMITED,SM004001,IDFC PENSION FUND SCHEME E - TIER I,13.5543
04/29/2011,PFM004,IDFC PENSION FUND MANAGEMENT COMPANY LIMITED,SM004001,IDFC PENSION FUND SCHEME E - TIER I,13.4439
05/02/2011,PFM004,IDFC PENSION FUND MANAGEMENT COMPANY LIMITED,SM004001,IDFC PENSION FUND SCHEME E - TIER I,13.3617
05/03/2011,PFM004,IDFC PENSION FUND MANAGEMENT COMPANY LIMITED,SM004001,IDFC PENSION FUND SCHEME E - TIER I,13.2519
05/04/2011,PFM004,IDFC PENSION FUND MANAGEMENT COMPANY LIMITED,SM004001,IDFC PENSION FUND SCHEME E - TIER I,12.9373
05/05/2011,PFM004,IDFC PENSION FUND MANAGEMENT COMPANY LIMITED,SM004001,IDFC PENSION FUND SCHEME E - TIER I,12.8723
05/06/2011,PFM004,IDFC PENSION FUND MANAGEMENT COMPANY LIMITED,SM004001,IDFC PENSION FUND SCHEME E - TIER I,12.7049
05/09/2011,PFM004,IDFC PENSION FUND MANAGEMENT COMPANY LIMITED,SM004001,IDFC PENSION FUND SCHEME E - TIER I,12.916
05/10/2011,PFM004,IDFC PENSION FUND MANAGEMENT COMPANY LIMITED,SM004001,IDFC PENSION FUND SCHEME E - TIER I,12.9153
05/11/2011,PFM004,IDFC PENSION FUND MANAGEMENT COMPANY LIMITED,SM004001,IDFC PENSION FUND SCHEME E - TIER I,12.8879
05/12/2011,PFM004,IDFC PENSION FUND MANAGEMENT COMPANY LIMITED,SM004001,IDFC PENSION FUND SCHEME E - TIER I,12.9447
05/13/2011,PFM004,IDFC PENSION FUND MANAGEMENT COMPANY LIMITED,SM004001,IDFC PENSION FUND SCHEME E - TIER I,12.7622
05/16/2011,PFM004,IDFC PENSION FUND MANAGEMENT COMPANY LIMITED,SM004001,IDFC PENSION FUND SCHEME E - TIER I,12.8964
05/18/2011,PFM004,IDFC PENSION FUND MANAGEMENT COMPANY LIMITED,SM004001,IDFC PENSION FUND SCHEME E - TIER I,12.6537
05/19/2011,PFM004,IDFC PENSION FUND MANAGEMENT COMPANY LIMITED,SM004001,IDFC PENSION FUND SCHEME E - TIER I,12.6115
05/20/2011,PFM004,IDFC PENSION FUND MANAGEMENT COMPANY LIMITED,SM004001,IDFC PENSION FUND SCHEME E - TIER I,12.6289
05/23/2011,PFM004,IDFC PENSION FUND MANAGEMENT COMPANY LIMITED,SM004001,IDFC PENSION FUND SCHEME E - TIER I,12.768
05/24/2011,PFM004,IDFC PENSION FUND MANAGEMENT COMPANY LIMITED,SM004001,IDFC PENSION FUND SCHEME E - TIER I,12.5419
05/25/2011,PFM004,IDFC PENSION FUND MANAGEMENT COMPANY LIMITED,SM004001,IDFC PENSION FUND SCHEME E - TIER I,12.5606
05/26/2011,PFM004,IDFC PENSION FUND MANAGEMENT COMPANY LIMITED,SM004001,IDFC PENSION FUND SCHEME E - TIER I,12.4567
05/27/2011,PFM004,IDFC PENSION FUND MANAGEMENT COMPANY LIMITED,SM004001,IDFC PENSION FUND SCHEME E - TIER I,12.6079
05/30/2011,PFM004,IDFC PENSION FUND MANAGEMENT COMPANY LIMITED,SM004001,IDFC PENSION FUND SCHEME E - TIER I,12.7513
05/31/2011,PFM004,IDFC PENSION FUND MANAGEMENT COMPANY LIMITED,SM004001,IDFC PENSION FUND SCHEME E - TIER I,12.7433
06/01/2011,PFM004,IDFC PENSION FUND MANAGEMENT COMPANY LIMITED,SM004001,IDFC PENSION FUND SCHEME E - TIER I,12.9428
06/02/2011,PFM004,IDFC PENSION FUND MANAGEMENT COMPANY LIMITED,SM004001,IDFC PENSION FUND SCHEME E - TIER I,13.0166
06/03/2011,PFM004,IDFC PENSION FUND MANAGEMENT COMPANY LIMITED,SM004001,IDFC PENSION FUND SCHEME E - TIER I,12.9381
06/06/2011,PFM004,IDFC PENSION FUND MANAGEMENT COMPANY LIMITED,SM004001,IDFC PENSION FUND SCHEME E - TIER I,12.8606
06/07/2011,PFM004,IDFC PENSION FUND MANAGEMENT COMPANY LIMITED,SM004001,IDFC PENSION FUND SCHEME E - TIER I,12.8954
06/08/2011,PFM004,IDFC PENSION FUND MANAGEMENT COMPANY LIMITED,SM004001,IDFC PENSION FUND SCHEME E - TIER I,12.9503
06/09/2011,PFM004,IDFC PENSION FUND MANAGEMENT COMPANY LIMITED,SM004001,IDFC PENSION FUND SCHEME E - TIER I,12.8881
06/10/2011,PFM004,IDFC PENSION FUND MANAGEMENT COMPANY LIMITED,SM004001,IDFC PENSION FUND SCHEME E - TIER I,12.8737
06/13/2011,PFM004,IDFC PENSION FUND MANAGEMENT COMPANY LIMITED,SM004001,IDFC PENSION FUND SCHEME E - TIER I,12.81
06/14/2011,PFM004,IDFC PENSION FUND MANAGEMENT COMPANY LIMITED,SM004001,IDFC PENSION FUND SCHEME E - TIER I,12.8048
06/15/2011,PFM004,IDFC PENSION FUND MANAGEMENT COMPANY LIMITED,SM004001,IDFC PENSION FUND SCHEME E - TIER I,12.8462
06/16/2011,PFM004,IDFC PENSION FUND MANAGEMENT COMPANY LIMITED,SM004001,IDFC PENSION FUND SCHEME E - TIER I,12.7219
06/17/2011,PFM004,IDFC PENSION FUND MANAGEMENT COMPANY LIMITED,SM004001,IDFC PENSION FUND SCHEME E - TIER I,12.6081
06/20/2011,PFM004,IDFC PENSION FUND MANAGEMENT COMPANY LIMITED,SM004001,IDFC PENSION FUND SCHEME E - TIER I,12.5384
06/21/2011,PFM004,IDFC PENSION FUND MANAGEMENT COMPANY LIMITED,SM004001,IDFC PENSION FUND SCHEME E - TIER I,12.287
06/22/2011,PFM004,IDFC PENSION FUND MANAGEMENT COMPANY LIMITED,SM004001,IDFC PENSION FUND SCHEME E - TIER I,12.3268
06/23/2011,PFM004,IDFC PENSION FUND MANAGEMENT COMPANY LIMITED,SM004001,IDFC PENSION FUND SCHEME E - TIER I,12.3416
06/24/2011,PFM004,IDFC PENSION FUND MANAGEMENT COMPANY LIMITED,SM004001,IDFC PENSION FUND SCHEME E - TIER I,12.4366
06/27/2011,PFM004,IDFC PENSION FUND MANAGEMENT COMPANY LIMITED,SM004001,IDFC PENSION FUND SCHEME E - TIER I,12.7899
06/28/2011,PFM004,IDFC PENSION FUND MANAGEMENT COMPANY LIMITED,SM004001,IDFC PENSION FUND SCHEME E - TIER I,12.9202
06/29/2011,PFM004,IDFC PENSION FUND MANAGEMENT COMPANY LIMITED,SM004001,IDFC PENSION FUND SCHEME E - TIER I,12.9635
06/30/2011,PFM004,IDFC PENSION FUND MANAGEMENT COMPANY LIMITED,SM004001,IDFC PENSION FUND SCHEME E - TIER I,13.0978
07/04/2011,PFM004,IDFC PENSION FUND MANAGEMENT COMPANY LIMITED,SM004001,IDFC PENSION FUND SCHEME E - TIER I,13.1623
07/05/2011,PFM004,IDFC PENSION FUND MANAGEMENT COMPANY LIMITED,SM004001,IDFC PENSION FUND SCHEME E - TIER I,13.2221
07/06/2011,PFM004,IDFC PENSION FUND MANAGEMENT COMPANY LIMITED,SM004001,IDFC PENSION FUND SCHEME E - TIER I,13.1787
07/07/2011,PFM004,IDFC PENSION FUND MANAGEMENT COMPANY LIMITED,SM004001,IDFC PENSION FUND SCHEME E - TIER I,13.1619
07/08/2011,PFM004,IDFC PENSION FUND MANAGEMENT COMPANY LIMITED,SM004001,IDFC PENSION FUND SCHEME E - TIER I,13.4043
07/11/2011,PFM004,IDFC PENSION FUND MANAGEMENT COMPANY LIMITED,SM004001,IDFC PENSION FUND SCHEME E - TIER I,13.2521
07/12/2011,PFM004,IDFC PENSION FUND MANAGEMENT COMPANY LIMITED,SM004001,IDFC PENSION FUND SCHEME E - TIER I,13.1487
07/13/2011,PFM004,IDFC PENSION FUND MANAGEMENT COMPANY LIMITED,SM004001,IDFC PENSION FUND SCHEME E - TIER I,12.9413
07/14/2011,PFM004,IDFC PENSION FUND MANAGEMENT COMPANY LIMITED,SM004001,IDFC PENSION FUND SCHEME E - TIER I,13.0778
07/15/2011,PFM004,IDFC PENSION FUND MANAGEMENT COMPANY LIMITED,SM004001,IDFC PENSION FUND SCHEME E - TIER I,13.1151
07/18/2011,PFM004,IDFC PENSION FUND MANAGEMENT COMPANY LIMITED,SM004001,IDFC PENSION FUND SCHEME E - TIER I,13.0735
07/19/2011,PFM004,IDFC PENSION FUND MANAGEMENT COMPANY LIMITED,SM004001,IDFC PENSION FUND SCHEME E - TIER I,13.0404
07/20/2011,PFM004,IDFC PENSION FUND MANAGEMENT COMPANY LIMITED,SM004001,IDFC PENSION FUND SCHEME E - TIER I,13.1538
07/21/2011,PFM004,IDFC PENSION FUND MANAGEMENT COMPANY LIMITED,SM004001,IDFC PENSION FUND SCHEME E - TIER I,13.0464
07/22/2011,PFM004,IDFC PENSION FUND MANAGEMENT COMPANY LIMITED,SM004001,IDFC PENSION FUND SCHEME E - TIER I,12.9886
07/25/2011,PFM004,IDFC PENSION FUND MANAGEMENT COMPANY LIMITED,SM004001,IDFC PENSION FUND SCHEME E - TIER I,13.2011
07/26/2011,PFM004,IDFC PENSION FUND MANAGEMENT COMPANY LIMITED,SM004001,IDFC PENSION FUND SCHEME E - TIER I,13.3071
07/27/2011,PFM004,IDFC PENSION FUND MANAGEMENT COMPANY LIMITED,SM004001,IDFC PENSION FUND SCHEME E - TIER I,13.1042
07/28/2011,PFM004,IDFC PENSION FUND MANAGEMENT COMPANY LIMITED,SM004001,IDFC PENSION FUND SCHEME E - TIER I,13.038
07/29/2011,PFM004,IDFC PENSION FUND MANAGEMENT COMPANY LIMITED,SM004001,IDFC PENSION FUND SCHEME E - TIER I,12.9262
08/01/2011,PFM004,IDFC PENSION FUND MANAGEMENT COMPANY LIMITED,SM004001,IDFC PENSION FUND SCHEME E - TIER I,12.9131
08/02/2011,PFM004,IDFC PENSION FUND MANAGEMENT COMPANY LIMITED,SM004001,IDFC PENSION FUND SCHEME E - TIER I,12.9935
08/03/2011,PFM004,IDFC PENSION FUND MANAGEMENT COMPANY LIMITED,SM004001,IDFC PENSION FUND SCHEME E - TIER I,12.8557
08/04/2011,PFM004,IDFC PENSION FUND MANAGEMENT COMPANY LIMITED,SM004001,IDFC PENSION FUND SCHEME E - TIER I,12.7377
08/08/2011,PFM004,IDFC PENSION FUND MANAGEMENT COMPANY LIMITED,SM004001,IDFC PENSION FUND SCHEME E - TIER I,12.2847
08/09/2011,PFM004,IDFC PENSION FUND MANAGEMENT COMPANY LIMITED,SM004001,IDFC PENSION FUND SCHEME E - TIER I,12.0791
08/10/2011,PFM004,IDFC PENSION FUND MANAGEMENT COMPANY LIMITED,SM004001,IDFC PENSION FUND SCHEME E - TIER I,11.9753
08/11/2011,PFM004,IDFC PENSION FUND MANAGEMENT COMPANY LIMITED,SM004001,IDFC PENSION FUND SCHEME E - TIER I,12.1735
08/12/2011,PFM004,IDFC PENSION FUND MANAGEMENT COMPANY LIMITED,SM004001,IDFC PENSION FUND SCHEME E - TIER I,12.1212
08/16/2011,PFM004,IDFC PENSION FUND MANAGEMENT COMPANY LIMITED,SM004001,IDFC PENSION FUND SCHEME E - TIER I,11.9704
08/17/2011,PFM004,IDFC PENSION FUND MANAGEMENT COMPANY LIMITED,SM004001,IDFC PENSION FUND SCHEME E - TIER I,11.8815
08/18/2011,PFM004,IDFC PENSION FUND MANAGEMENT COMPANY LIMITED,SM004001,IDFC PENSION FUND SCHEME E - TIER I,11.9406
08/22/2011,PFM004,IDFC PENSION FUND MANAGEMENT COMPANY LIMITED,SM004001,IDFC PENSION FUND SCHEME E - TIER I,11.4519
08/23/2011,PFM004,IDFC PENSION FUND MANAGEMENT COMPANY LIMITED,SM004001,IDFC PENSION FUND SCHEME E - TIER I,11.5763
08/24/2011,PFM004,IDFC PENSION FUND MANAGEMENT COMPANY LIMITED,SM004001,IDFC PENSION FUND SCHEME E - TIER I,11.6913
08/25/2011,PFM004,IDFC PENSION FUND MANAGEMENT COMPANY LIMITED,SM004001,IDFC PENSION FUND SCHEME E - TIER I,11.5504
08/26/2011,PFM004,IDFC PENSION FUND MANAGEMENT COMPANY LIMITED,SM004001,IDFC PENSION FUND SCHEME E - TIER I,11.4424
08/29/2011,PFM004,IDFC PENSION FUND MANAGEMENT COMPANY LIMITED,SM004001,IDFC PENSION FUND SCHEME E - TIER I,11.2214
08/30/2011,PFM004,IDFC PENSION FUND MANAGEMENT COMPANY LIMITED,SM004001,IDFC PENSION FUND SCHEME E - TIER I,11.6265
09/02/2011,PFM004,IDFC PENSION FUND MANAGEMENT COMPANY LIMITED,SM004001,IDFC PENSION FUND SCHEME E - TIER I,11.8152
09/05/2011,PFM004,IDFC PENSION FUND MANAGEMENT COMPANY LIMITED,SM004001,IDFC PENSION FUND SCHEME E - TIER I,11.9066
09/06/2011,PFM004,IDFC PENSION FUND MANAGEMENT COMPANY LIMITED,SM004001,IDFC PENSION FUND SCHEME E - TIER I,11.8542
09/07/2011,PFM004,IDFC PENSION FUND MANAGEMENT COMPANY LIMITED,SM004001,IDFC PENSION FUND SCHEME E - TIER I,11.9683
09/08/2011,PFM004,IDFC PENSION FUND MANAGEMENT COMPANY LIMITED,SM004001,IDFC PENSION FUND SCHEME E - TIER I,12.1099
09/09/2011,PFM004,IDFC PENSION FUND MANAGEMENT COMPANY LIMITED,SM004001,IDFC PENSION FUND SCHEME E - TIER I,12.1798
09/12/2011,PFM004,IDFC PENSION FUND MANAGEMENT COMPANY LIMITED,SM004001,IDFC PENSION FUND SCHEME E - TIER I,11.9572
09/13/2011,PFM004,IDFC PENSION FUND MANAGEMENT COMPANY LIMITED,SM004001,IDFC PENSION FUND SCHEME E - TIER I,11.6942
09/14/2011,PFM004,IDFC PENSION FUND MANAGEMENT COMPANY LIMITED,SM004001,IDFC PENSION FUND SCHEME E - TIER I,11.6826
09/15/2011,PFM004,IDFC PENSION FUND MANAGEMENT COMPANY LIMITED,SM004001,IDFC PENSION FUND SCHEME E - TIER I,11.8456
09/16/2011,PFM004,IDFC PENSION FUND MANAGEMENT COMPANY LIMITED,SM004001,IDFC PENSION FUND SCHEME E - TIER I,11.9946
09/19/2011,PFM004,IDFC PENSION FUND MANAGEMENT COMPANY LIMITED,SM004001,IDFC PENSION FUND SCHEME E - TIER I,12.0164
09/20/2011,PFM004,IDFC PENSION FUND MANAGEMENT COMPANY LIMITED,SM004001,IDFC PENSION FUND SCHEME E - TIER I,11.886
09/21/2011,PFM004,IDFC PENSION FUND MANAGEMENT COMPANY LIMITED,SM004001,IDFC PENSION FUND SCHEME E - TIER I,12.1826
09/22/2011,PFM004,IDFC PENSION FUND MANAGEMENT COMPANY LIMITED,SM004001,IDFC PENSION FUND SCHEME E - TIER I,12.1676
09/23/2011,PFM004,IDFC PENSION FUND MANAGEMENT COMPANY LIMITED,SM004001,IDFC PENSION FUND SCHEME E - TIER I,11.677
09/26/2011,PFM004,IDFC PENSION FUND MANAGEMENT COMPANY LIMITED,SM004001,IDFC PENSION FUND SCHEME E - TIER I,11.5478
09/27/2011,PFM004,IDFC PENSION FUND MANAGEMENT COMPANY LIMITED,SM004001,IDFC PENSION FUND SCHEME E - TIER I,11.472
09/28/2011,PFM004,IDFC PENSION FUND MANAGEMENT COMPANY LIMITED,SM004001,IDFC PENSION FUND SCHEME E - TIER I,11.783
09/29/2011,PFM004,IDFC PENSION FUND MANAGEMENT COMPANY LIMITED,SM004001,IDFC PENSION FUND SCHEME E - TIER I,11.7223
10/03/2011,PFM004,IDFC PENSION FUND MANAGEMENT COMPANY LIMITED,SM004001,IDFC PENSION FUND SCHEME E - TIER I,11.7158
10/04/2011,PFM004,IDFC PENSION FUND MANAGEMENT COMPANY LIMITED,SM004001,IDFC PENSION FUND SCHEME E - TIER I,11.4951
10/05/2011,PFM004,IDFC PENSION FUND MANAGEMENT COMPANY LIMITED,SM004001,IDFC PENSION FUND SCHEME E - TIER I,11.3117
10/07/2011,PFM004,IDFC PENSION FUND MANAGEMENT COMPANY LIMITED,SM004001,IDFC PENSION FUND SCHEME E - TIER I,11.2645
10/10/2011,PFM004,IDFC PENSION FUND MANAGEMENT COMPANY LIMITED,SM004001,IDFC PENSION FUND SCHEME E - TIER I,11.5774
10/11/2011,PFM004,IDFC PENSION FUND MANAGEMENT COMPANY LIMITED,SM004001,IDFC PENSION FUND SCHEME E - TIER I,11.7914
10/12/2011,PFM004,IDFC PENSION FUND MANAGEMENT COMPANY LIMITED,SM004001,IDFC PENSION FUND SCHEME E - TIER I,11.7796
10/13/2011,PFM004,IDFC PENSION FUND MANAGEMENT COMPANY LIMITED,SM004001,IDFC PENSION FUND SCHEME E - TIER I,12.0714
10/14/2011,PFM004,IDFC PENSION FUND MANAGEMENT COMPANY LIMITED,SM004001,IDFC PENSION FUND SCHEME E - TIER I,12.0198
10/17/2011,PFM004,IDFC PENSION FUND MANAGEMENT COMPANY LIMITED,SM004001,IDFC PENSION FUND SCHEME E - TIER I,12.1488
10/18/2011,PFM004,IDFC PENSION FUND MANAGEMENT COMPANY LIMITED,SM004001,IDFC PENSION FUND SCHEME E - TIER I,12.1147
10/19/2011,PFM004,IDFC PENSION FUND MANAGEMENT COMPANY LIMITED,SM004001,IDFC PENSION FUND SCHEME E - TIER I,11.9246
10/20/2011,PFM004,IDFC PENSION FUND MANAGEMENT COMPANY LIMITED,SM004001,IDFC PENSION FUND SCHEME E - TIER I,12.1641
10/21/2011,PFM004,IDFC PENSION FUND MANAGEMENT COMPANY LIMITED,SM004001,IDFC PENSION FUND SCHEME E - TIER I,12.0593
10/24/2011,PFM004,IDFC PENSION FUND MANAGEMENT COMPANY LIMITED,SM004001,IDFC PENSION FUND SCHEME E - TIER I,11.9597
10/25/2011,PFM004,IDFC PENSION FUND MANAGEMENT COMPANY LIMITED,SM004001,IDFC PENSION FUND SCHEME E - TIER I,12.0661
10/28/2011,PFM004,IDFC PENSION FUND MANAGEMENT COMPANY LIMITED,SM004001,IDFC PENSION FUND SCHEME E - TIER I,12.2825
10/31/2011,PFM004,IDFC PENSION FUND MANAGEMENT COMPANY LIMITED,SM004001,IDFC PENSION FUND SCHEME E - TIER I,12.6757
11/01/2011,PFM004,IDFC PENSION FUND MANAGEMENT COMPANY LIMITED,SM004001,IDFC PENSION FUND SCHEME E - TIER I,12.5939
11/02/2011,PFM004,IDFC PENSION FUND MANAGEMENT COMPANY LIMITED,SM004001,IDFC PENSION FUND SCHEME E - TIER I,12.4264
11/03/2011,PFM004,IDFC PENSION FUND MANAGEMENT COMPANY LIMITED,SM004001,IDFC PENSION FUND SCHEME E - TIER I,12.4245
11/04/2011,PFM004,IDFC PENSION FUND MANAGEMENT COMPANY LIMITED,SM004001,IDFC PENSION FUND SCHEME E - TIER I,12.442
11/08/2011,PFM004,IDFC PENSION FUND MANAGEMENT COMPANY LIMITED,SM004001,IDFC PENSION FUND SCHEME E - TIER I,12.4894
11/09/2011,PFM004,IDFC PENSION FUND MANAGEMENT COMPANY LIMITED,SM004001,IDFC PENSION FUND SCHEME E - TIER I,12.5008
11/11/2011,PFM004,IDFC PENSION FUND MANAGEMENT COMPANY LIMITED,SM004001,IDFC PENSION FUND SCHEME E - TIER I,12.3419
11/14/2011,PFM004,IDFC PENSION FUND MANAGEMENT COMPANY LIMITED,SM004001,IDFC PENSION FUND SCHEME E - TIER I,12.2198
11/15/2011,PFM004,IDFC PENSION FUND MANAGEMENT COMPANY LIMITED,SM004001,IDFC PENSION FUND SCHEME E - TIER I,12.1661
11/16/2011,PFM004,IDFC PENSION FUND MANAGEMENT COMPANY LIMITED,SM004001,IDFC PENSION FUND SCHEME E - TIER I,11.9837
11/17/2011,PFM004,IDFC PENSION FUND MANAGEMENT COMPANY LIMITED,SM004001,IDFC PENSION FUND SCHEME E - TIER I,11.8965
11/18/2011,PFM004,IDFC PENSION FUND MANAGEMENT COMPANY LIMITED,SM004001,IDFC PENSION FUND SCHEME E - TIER I,11.6745
11/21/2011,PFM004,IDFC PENSION FUND MANAGEMENT COMPANY LIMITED,SM004001,IDFC PENSION FUND SCHEME E - TIER I,11.6073
11/22/2011,PFM004,IDFC PENSION FUND MANAGEMENT COMPANY LIMITED,SM004001,IDFC PENSION FUND SCHEME E - TIER I,11.3095
11/23/2011,PFM004,IDFC PENSION FUND MANAGEMENT COMPANY LIMITED,SM004001,IDFC PENSION FUND SCHEME E - TIER I,11.3864
11/24/2011,PFM004,IDFC PENSION FUND MANAGEMENT COMPANY LIMITED,SM004001,IDFC PENSION FUND SCHEME E - TIER I,11.1388
11/25/2011,PFM004,IDFC PENSION FUND MANAGEMENT COMPANY LIMITED,SM004001,IDFC PENSION FUND SCHEME E - TIER I,11.2578
11/28/2011,PFM004,IDFC PENSION FUND MANAGEMENT COMPANY LIMITED,SM004001,IDFC PENSION FUND SCHEME E - TIER I,11.1469
11/29/2011,PFM004,IDFC PENSION FUND MANAGEMENT COMPANY LIMITED,SM004001,IDFC PENSION FUND SCHEME E - TIER I,11.4742
11/30/2011,PFM004,IDFC PENSION FUND MANAGEMENT COMPANY LIMITED,SM004001,IDFC PENSION FUND SCHEME E - TIER I,11.365
12/01/2011,PFM004,IDFC PENSION FUND MANAGEMENT COMPANY LIMITED,SM004001,IDFC PENSION FUND SCHEME E - TIER I,11.4275
12/02/2011,PFM004,IDFC PENSION FUND MANAGEMENT COMPANY LIMITED,SM004001,IDFC PENSION FUND SCHEME E - TIER I,11.6791
12/05/2011,PFM004,IDFC PENSION FUND MANAGEMENT COMPANY LIMITED,SM004001,IDFC PENSION FUND SCHEME E - TIER I,11.9446
12/07/2011,PFM004,IDFC PENSION FUND MANAGEMENT COMPANY LIMITED,SM004001,IDFC PENSION FUND SCHEME E - TIER I,11.9189
12/08/2011,PFM004,IDFC PENSION FUND MANAGEMENT COMPANY LIMITED,SM004001,IDFC PENSION FUND SCHEME E - TIER I,11.9741
12/09/2011,PFM004,IDFC PENSION FUND MANAGEMENT COMPANY LIMITED,SM004001,IDFC PENSION FUND SCHEME E - TIER I,11.6894
12/12/2011,PFM004,IDFC PENSION FUND MANAGEMENT COMPANY LIMITED,SM004001,IDFC PENSION FUND SCHEME E - TIER I,11.5164
12/13/2011,PFM004,IDFC PENSION FUND MANAGEMENT COMPANY LIMITED,SM004001,IDFC PENSION FUND SCHEME E - TIER I,11.264
12/14/2011,PFM004,IDFC PENSION FUND MANAGEMENT COMPANY LIMITED,SM004001,IDFC PENSION FUND SCHEME E - TIER I,11.3488
12/15/2011,PFM004,IDFC PENSION FUND MANAGEMENT COMPANY LIMITED,SM004001,IDFC PENSION FUND SCHEME E - TIER I,11.2621
12/16/2011,PFM004,IDFC PENSION FUND MANAGEMENT COMPANY LIMITED,SM004001,IDFC PENSION FUND SCHEME E - TIER I,11.224
12/19/2011,PFM004,IDFC PENSION FUND MANAGEMENT COMPANY LIMITED,SM004001,IDFC PENSION FUND SCHEME E - TIER I,11.0522
12/20/2011,PFM004,IDFC PENSION FUND MANAGEMENT COMPANY LIMITED,SM004001,IDFC PENSION FUND SCHEME E - TIER I,10.9789
12/21/2011,PFM004,IDFC PENSION FUND MANAGEMENT COMPANY LIMITED,SM004001,IDFC PENSION FUND SCHEME E - TIER I,10.87
12/22/2011,PFM004,IDFC PENSION FUND MANAGEMENT COMPANY LIMITED,SM004001,IDFC PENSION FUND SCHEME E - TIER I,11.1533
12/23/2011,PFM004,IDFC PENSION FUND MANAGEMENT COMPANY LIMITED,SM004001,IDFC PENSION FUND SCHEME E - TIER I,11.1499
12/26/2011,PFM004,IDFC PENSION FUND MANAGEMENT COMPANY LIMITED,SM004001,IDFC PENSION FUND SCHEME E - TIER I,11.1126
12/27/2011,PFM004,IDFC PENSION FUND MANAGEMENT COMPANY LIMITED,SM004001,IDFC PENSION FUND SCHEME E - TIER I,11.2421
12/28/2011,PFM004,IDFC PENSION FUND MANAGEMENT COMPANY LIMITED,SM004001,IDFC PENSION FUND SCHEME E - TIER I,11.1885
12/29/2011,PFM004,IDFC PENSION FUND MANAGEMENT COMPANY LIMITED,SM004001,IDFC PENSION FUND SCHEME E - TIER I,11.0964
12/30/2011,PFM004,IDFC PENSION FUND MANAGEMENT COMPANY LIMITED,SM004001,IDFC PENSION FUND SCHEME E - TIER I,10.967
01/02/2012,PFM004,IDFC PENSION FUND MANAGEMENT COMPANY LIMITED,SM004001,IDFC PENSION FUND SCHEME E - TIER I,10.9154
01/03/2012,PFM004,IDFC PENSION FUND MANAGEMENT COMPANY LIMITED,SM004001,IDFC PENSION FUND SCHEME E - TIER I,10.9433
01/04/2012,PFM004,IDFC PENSION FUND MANAGEMENT COMPANY LIMITED,SM004001,IDFC PENSION FUND SCHEME E - TIER I,11.2432
01/05/2012,PFM004,IDFC PENSION FUND MANAGEMENT COMPANY LIMITED,SM004001,IDFC PENSION FUND SCHEME E - TIER I,11.2061
01/06/2012,PFM004,IDFC PENSION FUND MANAGEMENT COMPANY LIMITED,SM004001,IDFC PENSION FUND SCHEME E - TIER I,11.2063
01/09/2012,PFM004,IDFC PENSION FUND MANAGEMENT COMPANY LIMITED,SM004001,IDFC PENSION FUND SCHEME E - TIER I,11.222
01/10/2012,PFM004,IDFC PENSION FUND MANAGEMENT COMPANY LIMITED,SM004001,IDFC PENSION FUND SCHEME E - TIER I,11.1945
01/11/2012,PFM004,IDFC PENSION FUND MANAGEMENT COMPANY LIMITED,SM004001,IDFC PENSION FUND SCHEME E - TIER I,11.4437
01/12/2012,PFM004,IDFC PENSION FUND MANAGEMENT COMPANY LIMITED,SM004001,IDFC PENSION FUND SCHEME E - TIER I,11.47
01/13/2012,PFM004,IDFC PENSION FUND MANAGEMENT COMPANY LIMITED,SM004001,IDFC PENSION FUND SCHEME E - TIER I,11.4002
01/16/2012,PFM004,IDFC PENSION FUND MANAGEMENT COMPANY LIMITED,SM004001,IDFC PENSION FUND SCHEME E - TIER I,11.4813
01/17/2012,PFM004,IDFC PENSION FUND MANAGEMENT COMPANY LIMITED,SM004001,IDFC PENSION FUND SCHEME E - TIER I,11.4988
01/18/2012,PFM004,IDFC PENSION FUND MANAGEMENT COMPANY LIMITED,SM004001,IDFC PENSION FUND SCHEME E - TIER I,11.716
01/19/2012,PFM004,IDFC PENSION FUND MANAGEMENT COMPANY LIMITED,SM004001,IDFC PENSION FUND SCHEME E - TIER I,11.6886
01/20/2012,PFM004,IDFC PENSION FUND MANAGEMENT COMPANY LIMITED,SM004001,IDFC PENSION FUND SCHEME E - TIER I,11.8348
01/23/2012,PFM004,IDFC PENSION FUND MANAGEMENT COMPANY LIMITED,SM004001,IDFC PENSION FUND SCHEME E - TIER I,11.9044
01/24/2012,PFM004,IDFC PENSION FUND MANAGEMENT COMPANY LIMITED,SM004001,IDFC PENSION FUND SCHEME E - TIER I,11.8974
01/25/2012,PFM004,IDFC PENSION FUND MANAGEMENT COMPANY LIMITED,SM004001,IDFC PENSION FUND SCHEME E - TIER I,12.0874
01/27/2012,PFM004,IDFC PENSION FUND MANAGEMENT COMPANY LIMITED,SM004001,IDFC PENSION FUND SCHEME E - TIER I,12.1618
01/30/2012,PFM004,IDFC PENSION FUND MANAGEMENT COMPANY LIMITED,SM004001,IDFC PENSION FUND SCHEME E - TIER I,12.2692
01/31/2012,PFM004,IDFC PENSION FUND MANAGEMENT COMPANY LIMITED,SM004001,IDFC PENSION FUND SCHEME E - TIER I,11.9928
02/01/2012,PFM004,IDFC PENSION FUND MANAGEMENT COMPANY LIMITED,SM004001,IDFC PENSION FUND SCHEME E - TIER I,12.2582
02/02/2012,PFM004,IDFC PENSION FUND MANAGEMENT COMPANY LIMITED,SM004001,IDFC PENSION FUND SCHEME E - TIER I,12.3439
02/03/2012,PFM004,IDFC PENSION FUND MANAGEMENT COMPANY LIMITED,SM004001,IDFC PENSION FUND SCHEME E - TIER I,12.4236
02/06/2012,PFM004,IDFC PENSION FUND MANAGEMENT COMPANY LIMITED,SM004001,IDFC PENSION FUND SCHEME E - TIER I,12.5541
02/07/2012,PFM004,IDFC PENSION FUND MANAGEMENT COMPANY LIMITED,SM004001,IDFC PENSION FUND SCHEME E - TIER I,12.6366
02/08/2012,PFM004,IDFC PENSION FUND MANAGEMENT COMPANY LIMITED,SM004001,IDFC PENSION FUND SCHEME E - TIER I,12.5742
02/09/2012,PFM004,IDFC PENSION FUND MANAGEMENT COMPANY LIMITED,SM004001,IDFC PENSION FUND SCHEME E - TIER I,12.6513
02/10/2012,PFM004,IDFC PENSION FUND MANAGEMENT COMPANY LIMITED,SM004001,IDFC PENSION FUND SCHEME E - TIER I,12.7537
02/13/2012,PFM004,IDFC PENSION FUND MANAGEMENT COMPANY LIMITED,SM004001,IDFC PENSION FUND SCHEME E - TIER I,12.6813
02/14/2012,PFM004,IDFC PENSION FUND MANAGEMENT COMPANY LIMITED,SM004001,IDFC PENSION FUND SCHEME E - TIER I,12.7018
02/15/2012,PFM004,IDFC PENSION FUND MANAGEMENT COMPANY LIMITED,SM004001,IDFC PENSION FUND SCHEME E - TIER I,12.762
02/17/2012,PFM004,IDFC PENSION FUND MANAGEMENT COMPANY LIMITED,SM004001,IDFC PENSION FUND SCHEME E - TIER I,13.0115
02/21/2012,PFM004,IDFC PENSION FUND MANAGEMENT COMPANY LIMITED,SM004001,IDFC PENSION FUND SCHEME E - TIER I,13.1098
02/22/2012,PFM004,IDFC PENSION FUND MANAGEMENT COMPANY LIMITED,SM004001,IDFC PENSION FUND SCHEME E - TIER I,13.2076
02/23/2012,PFM004,IDFC PENSION FUND MANAGEMENT COMPANY LIMITED,SM004001,IDFC PENSION FUND SCHEME E - TIER I,12.9686
02/24/2012,PFM004,IDFC PENSION FUND MANAGEMENT COMPANY LIMITED,SM004001,IDFC PENSION FUND SCHEME E - TIER I,12.9159
02/27/2012,PFM004,IDFC PENSION FUND MANAGEMENT COMPANY LIMITED,SM004001,IDFC PENSION FUND SCHEME E - TIER I,12.7882
02/28/2012,PFM004,IDFC PENSION FUND MANAGEMENT COMPANY LIMITED,SM004001,IDFC PENSION FUND SCHEME E - TIER I,12.4384
02/29/2012,PFM004,IDFC PENSION FUND MANAGEMENT COMPANY LIMITED,SM004001,IDFC PENSION FUND SCHEME E - TIER I,12.6587
03/01/2012,PFM004,IDFC PENSION FUND MANAGEMENT COMPANY LIMITED,SM004001,IDFC PENSION FUND SCHEME E - TIER I,12.681
03/02/2012,PFM004,IDFC PENSION FUND MANAGEMENT COMPANY LIMITED,SM004001,IDFC PENSION FUND SCHEME E - TIER I,12.5741
03/05/2012,PFM004,IDFC PENSION FUND MANAGEMENT COMPANY LIMITED,SM004001,IDFC PENSION FUND SCHEME E - TIER I,12.6195
03/06/2012,PFM004,IDFC PENSION FUND MANAGEMENT COMPANY LIMITED,SM004001,IDFC PENSION FUND SCHEME E - TIER I,12.4326
03/07/2012,PFM004,IDFC PENSION FUND MANAGEMENT COMPANY LIMITED,SM004001,IDFC PENSION FUND SCHEME E - TIER I,12.2982
03/09/2012,PFM004,IDFC PENSION FUND MANAGEMENT COMPANY LIMITED,SM004001,IDFC PENSION FUND SCHEME E - TIER I,12.2928
03/12/2012,PFM004,IDFC PENSION FUND MANAGEMENT COMPANY LIMITED,SM004001,IDFC PENSION FUND SCHEME E - TIER I,12.5555
03/13/2012,PFM004,IDFC PENSION FUND MANAGEMENT COMPANY LIMITED,SM004001,IDFC PENSION FUND SCHEME E - TIER I,12.6187
03/14/2012,PFM004,IDFC PENSION FUND MANAGEMENT COMPANY LIMITED,SM004001,IDFC PENSION FUND SCHEME E - TIER I,12.7793
03/15/2012,PFM004,IDFC PENSION FUND MANAGEMENT COMPANY LIMITED,SM004001,IDFC PENSION FUND SCHEME E - TIER I,12.8577
03/16/2012,PFM004,IDFC PENSION FUND MANAGEMENT COMPANY LIMITED,SM004001,IDFC PENSION FUND SCHEME E - TIER I,12.6698
03/19/2012,PFM004,IDFC PENSION FUND MANAGEMENT COMPANY LIMITED,SM004001,IDFC PENSION FUND SCHEME E - TIER I,12.5231
03/20/2012,PFM004,IDFC PENSION FUND MANAGEMENT COMPANY LIMITED,SM004001,IDFC PENSION FUND SCHEME E - TIER I,12.3819
03/21/2012,PFM004,IDFC PENSION FUND MANAGEMENT COMPANY LIMITED,SM004001,IDFC PENSION FUND SCHEME E - TIER I,12.4227
03/22/2012,PFM004,IDFC PENSION FUND MANAGEMENT COMPANY LIMITED,SM004001,IDFC PENSION FUND SCHEME E - TIER I,12.6325
03/26/2012,PFM004,IDFC PENSION FUND MANAGEMENT COMPANY LIMITED,SM004001,IDFC PENSION FUND SCHEME E - TIER I,12.4293
03/27/2012,PFM004,IDFC PENSION FUND MANAGEMENT COMPANY LIMITED,SM004001,IDFC PENSION FUND SCHEME E - TIER I,12.2087
03/28/2012,PFM004,IDFC PENSION FUND MANAGEMENT COMPANY LIMITED,SM004001,IDFC PENSION FUND SCHEME E - TIER I,12.3457
03/29/2012,PFM004,IDFC PENSION FUND MANAGEMENT COMPANY LIMITED,SM004001,IDFC PENSION FUND SCHEME E - TIER I,12.2324
03/30/2012,PFM004,IDFC PENSION FUND MANAGEMENT COMPANY LIMITED,SM004001,IDFC PENSION FUND SCHEME E - TIER I,12.195
04/03/2012,PFM004,IDFC PENSION FUND MANAGEMENT COMPANY LIMITED,SM004001,IDFC PENSION FUND SCHEME E - TIER I,12.519
04/04/2012,PFM004,IDFC PENSION FUND MANAGEMENT COMPANY LIMITED,SM004001,IDFC PENSION FUND SCHEME E - TIER I,12.6105
04/09/2012,PFM004,IDFC PENSION FUND MANAGEMENT COMPANY LIMITED,SM004001,IDFC PENSION FUND SCHEME E - TIER I,12.5279
04/10/2012,PFM004,IDFC PENSION FUND MANAGEMENT COMPANY LIMITED,SM004001,IDFC PENSION FUND SCHEME E - TIER I,12.3187
04/11/2012,PFM004,IDFC PENSION FUND MANAGEMENT COMPANY LIMITED,SM004001,IDFC PENSION FUND SCHEME E - TIER I,12.3393
04/12/2012,PFM004,IDFC PENSION FUND MANAGEMENT COMPANY LIMITED,SM004001,IDFC PENSION FUND SCHEME E - TIER I,12.2995
04/13/2012,PFM004,IDFC PENSION FUND MANAGEMENT COMPANY LIMITED,SM004001,IDFC PENSION FUND SCHEME E - TIER I,12.4158
04/16/2012,PFM004,IDFC PENSION FUND MANAGEMENT COMPANY LIMITED,SM004001,IDFC PENSION FUND SCHEME E - TIER I,12.2536
04/17/2012,PFM004,IDFC PENSION FUND MANAGEMENT COMPANY LIMITED,SM004001,IDFC PENSION FUND SCHEME E - TIER I,12.296
04/18/2012,PFM004,IDFC PENSION FUND MANAGEMENT COMPANY LIMITED,SM004001,IDFC PENSION FUND SCHEME E - TIER I,12.4436
04/19/2012,PFM004,IDFC PENSION FUND MANAGEMENT COMPANY LIMITED,SM004001,IDFC PENSION FUND SCHEME E - TIER I,12.4672
04/20/2012,PFM004,IDFC PENSION FUND MANAGEMENT COMPANY LIMITED,SM004001,IDFC PENSION FUND SCHEME E - TIER I,12.5415
04/23/2012,PFM004,IDFC PENSION FUND MANAGEMENT COMPANY LIMITED,SM004001,IDFC PENSION FUND SCHEME E - TIER I,12.4439
04/24/2012,PFM004,IDFC PENSION FUND MANAGEMENT COMPANY LIMITED,SM004001,IDFC PENSION FUND SCHEME E - TIER I,12.2328
04/25/2012,PFM004,IDFC PENSION FUND MANAGEMENT COMPANY LIMITED,SM004001,IDFC PENSION FUND SCHEME E - TIER I,12.284
04/26/2012,PFM004,IDFC PENSION FUND MANAGEMENT COMPANY LIMITED,SM004001,IDFC PENSION FUND SCHEME E - TIER I,12.2347
04/27/2012,PFM004,IDFC PENSION FUND MANAGEMENT COMPANY LIMITED,SM004001,IDFC PENSION FUND SCHEME E - TIER I,12.2038
04/30/2012,PFM004,IDFC PENSION FUND MANAGEMENT COMPANY LIMITED,SM004001,IDFC PENSION FUND SCHEME E - TIER I,12.2049
05/02/2012,PFM004,IDFC PENSION FUND MANAGEMENT COMPANY LIMITED,SM004001,IDFC PENSION FUND SCHEME E - TIER I,12.3388
05/03/2012,PFM004,IDFC PENSION FUND MANAGEMENT COMPANY LIMITED,SM004001,IDFC PENSION FUND SCHEME E - TIER I,12.3164
05/04/2012,PFM004,IDFC PENSION FUND MANAGEMENT COMPANY LIMITED,SM004001,IDFC PENSION FUND SCHEME E - TIER I,12.1965
05/07/2012,PFM004,IDFC PENSION FUND MANAGEMENT COMPANY LIMITED,SM004001,IDFC PENSION FUND SCHEME E - TIER I,11.9577
05/08/2012,PFM004,IDFC PENSION FUND MANAGEMENT COMPANY LIMITED,SM004001,IDFC PENSION FUND SCHEME E - TIER I,12.0194
05/09/2012,PFM004,IDFC PENSION FUND MANAGEMENT COMPANY LIMITED,SM004001,IDFC PENSION FUND SCHEME E - TIER I,11.7515
05/10/2012,PFM004,IDFC PENSION FUND MANAGEMENT COMPANY LIMITED,SM004001,IDFC PENSION FUND SCHEME E - TIER I,11.692
05/11/2012,PFM004,IDFC PENSION FUND MANAGEMENT COMPANY LIMITED,SM004001,IDFC PENSION FUND SCHEME E - TIER I,11.6701
05/14/2012,PFM004,IDFC PENSION FUND MANAGEMENT COMPANY LIMITED,SM004001,IDFC PENSION FUND SCHEME E - TIER I,11.584
05/15/2012,PFM004,IDFC PENSION FUND MANAGEMENT COMPANY LIMITED,SM004001,IDFC PENSION FUND SCHEME E - TIER I,11.5333
05/16/2012,PFM004,IDFC PENSION FUND MANAGEMENT COMPANY LIMITED,SM004001,IDFC PENSION FUND SCHEME E - TIER I,11.6149
05/17/2012,PFM004,IDFC PENSION FUND MANAGEMENT COMPANY LIMITED,SM004001,IDFC PENSION FUND SCHEME E - TIER I,11.4175
05/18/2012,PFM004,IDFC PENSION FUND MANAGEMENT COMPANY LIMITED,SM004001,IDFC PENSION FUND SCHEME E - TIER I,11.4447
05/21/2012,PFM004,IDFC PENSION FUND MANAGEMENT COMPANY LIMITED,SM004001,IDFC PENSION FUND SCHEME E - TIER I,11.494
05/22/2012,PFM004,IDFC PENSION FUND MANAGEMENT COMPANY LIMITED,SM004001,IDFC PENSION FUND SCHEME E - TIER I,11.5264
05/23/2012,PFM004,IDFC PENSION FUND MANAGEMENT COMPANY LIMITED,SM004001,IDFC PENSION FUND SCHEME E - TIER I,11.4196
05/24/2012,PFM004,IDFC PENSION FUND MANAGEMENT COMPANY LIMITED,SM004001,IDFC PENSION FUND SCHEME E - TIER I,11.3608
05/25/2012,PFM004,IDFC PENSION FUND MANAGEMENT COMPANY LIMITED,SM004001,IDFC PENSION FUND SCHEME E - TIER I,11.5791
05/28/2012,PFM004,IDFC PENSION FUND MANAGEMENT COMPANY LIMITED,SM004001,IDFC PENSION FUND SCHEME E - TIER I,11.5764
05/29/2012,PFM004,IDFC PENSION FUND MANAGEMENT COMPANY LIMITED,SM004001,IDFC PENSION FUND SCHEME E - TIER I,11.727
05/30/2012,PFM004,IDFC PENSION FUND MANAGEMENT COMPANY LIMITED,SM004001,IDFC PENSION FUND SCHEME E - TIER I,11.7369
05/31/2012,PFM004,IDFC PENSION FUND MANAGEMENT COMPANY LIMITED,SM004001,IDFC PENSION FUND SCHEME E - TIER I,11.6448
06/01/2012,PFM004,IDFC PENSION FUND MANAGEMENT COMPANY LIMITED,SM004001,IDFC PENSION FUND SCHEME E - TIER I,11.6071
06/04/2012,PFM004,IDFC PENSION FUND MANAGEMENT COMPANY LIMITED,SM004001,IDFC PENSION FUND SCHEME E - TIER I,11.4134
06/05/2012,PFM004,IDFC PENSION FUND MANAGEMENT COMPANY LIMITED,SM004001,IDFC PENSION FUND SCHEME E - TIER I,11.4275
06/06/2012,PFM004,IDFC PENSION FUND MANAGEMENT COMPANY LIMITED,SM004001,IDFC PENSION FUND SCHEME E - TIER I,11.4621
06/07/2012,PFM004,IDFC PENSION FUND MANAGEMENT COMPANY LIMITED,SM004001,IDFC PENSION FUND SCHEME E - TIER I,11.7733
06/08/2012,PFM004,IDFC PENSION FUND MANAGEMENT COMPANY LIMITED,SM004001,IDFC PENSION FUND SCHEME E - TIER I,11.9022
06/11/2012,PFM004,IDFC PENSION FUND MANAGEMENT COMPANY LIMITED,SM004001,IDFC PENSION FUND SCHEME E - TIER I,11.9463
06/12/2012,PFM004,IDFC PENSION FUND MANAGEMENT COMPANY LIMITED,SM004001,IDFC PENSION FUND SCHEME E - TIER I,11.9301
06/13/2012,PFM004,IDFC PENSION FUND MANAGEMENT COMPANY LIMITED,SM004001,IDFC PENSION FUND SCHEME E - TIER I,12.0743
06/14/2012,PFM004,IDFC PENSION FUND MANAGEMENT COMPANY LIMITED,SM004001,IDFC PENSION FUND SCHEME E - TIER I,12.0867
06/15/2012,PFM004,IDFC PENSION FUND MANAGEMENT COMPANY LIMITED,SM004001,IDFC PENSION FUND SCHEME E - TIER I,11.9382
06/18/2012,PFM004,IDFC PENSION FUND MANAGEMENT COMPANY LIMITED,SM004001,IDFC PENSION FUND SCHEME E - TIER I,12.1348
06/19/2012,PFM004,IDFC PENSION FUND MANAGEMENT COMPANY LIMITED,SM004001,IDFC PENSION FUND SCHEME E - TIER I,11.9587
06/20/2012,PFM004,IDFC PENSION FUND MANAGEMENT COMPANY LIMITED,SM004001,IDFC PENSION FUND SCHEME E - TIER I,12.0511
06/21/2012,PFM004,IDFC PENSION FUND MANAGEMENT COMPANY LIMITED,SM004001,IDFC PENSION FUND SCHEME E - TIER I,12.0898
06/22/2012,PFM004,IDFC PENSION FUND MANAGEMENT COMPANY LIMITED,SM004001,IDFC PENSION FUND SCHEME E - TIER I,12.1932
06/25/2012,PFM004,IDFC PENSION FUND MANAGEMENT COMPANY LIMITED,SM004001,IDFC PENSION FUND SCHEME E - TIER I,12.1607
06/26/2012,PFM004,IDFC PENSION FUND MANAGEMENT COMPANY LIMITED,SM004001,IDFC PENSION FUND SCHEME E - TIER I,12.0867
06/27/2012,PFM004,IDFC PENSION FUND MANAGEMENT COMPANY LIMITED,SM004001,IDFC PENSION FUND SCHEME E - TIER I,12.1009
06/28/2012,PFM004,IDFC PENSION FUND MANAGEMENT COMPANY LIMITED,SM004001,IDFC PENSION FUND SCHEME E - TIER I,12.1493
06/29/2012,PFM004,IDFC PENSION FUND MANAGEMENT COMPANY LIMITED,SM004001,IDFC PENSION FUND SCHEME E - TIER I,12.1768
07/02/2012,PFM004,IDFC PENSION FUND MANAGEMENT COMPANY LIMITED,SM004001,IDFC PENSION FUND SCHEME E - TIER I,12.4816
07/03/2012,PFM004,IDFC PENSION FUND MANAGEMENT COMPANY LIMITED,SM004001,IDFC PENSION FUND SCHEME E - TIER I,12.4794
07/04/2012,PFM004,IDFC PENSION FUND MANAGEMENT COMPANY LIMITED,SM004001,IDFC PENSION FUND SCHEME E - TIER I,12.5009
07/05/2012,PFM004,IDFC PENSION FUND MANAGEMENT COMPANY LIMITED,SM004001,IDFC PENSION FUND SCHEME E - TIER I,12.5382
07/06/2012,PFM004,IDFC PENSION FUND MANAGEMENT COMPANY LIMITED,SM004001,IDFC PENSION FUND SCHEME E - TIER I,12.6003
07/09/2012,PFM004,IDFC PENSION FUND MANAGEMENT COMPANY LIMITED,SM004001,IDFC PENSION FUND SCHEME E - TIER I,12.5756
07/10/2012,PFM004,IDFC PENSION FUND MANAGEMENT COMPANY LIMITED,SM004001,IDFC PENSION FUND SCHEME E - TIER I,12.4768
07/11/2012,PFM004,IDFC PENSION FUND MANAGEMENT COMPANY LIMITED,SM004001,IDFC PENSION FUND SCHEME E - TIER I,12.6402
07/12/2012,PFM004,IDFC PENSION FUND MANAGEMENT COMPANY LIMITED,SM004001,IDFC PENSION FUND SCHEME E - TIER I,12.5479
07/13/2012,PFM004,IDFC PENSION FUND MANAGEMENT COMPANY LIMITED,SM004001,IDFC PENSION FUND SCHEME E - TIER I,12.3848
07/16/2012,PFM004,IDFC PENSION FUND MANAGEMENT COMPANY LIMITED,SM004001,IDFC PENSION FUND SCHEME E - TIER I,12.3665
07/17/2012,PFM004,IDFC PENSION FUND MANAGEMENT COMPANY LIMITED,SM004001,IDFC PENSION FUND SCHEME E - TIER I,12.3008
07/18/2012,PFM004,IDFC PENSION FUND MANAGEMENT COMPANY LIMITED,SM004001,IDFC PENSION FUND SCHEME E - TIER I,12.29
07/19/2012,PFM004,IDFC PENSION FUND MANAGEMENT COMPANY LIMITED,SM004001,IDFC PENSION FUND SCHEME E - TIER I,12.3498
07/20/2012,PFM004,IDFC PENSION FUND MANAGEMENT COMPANY LIMITED,SM004001,IDFC PENSION FUND SCHEME E - TIER I,12.411
07/23/2012,PFM004,IDFC PENSION FUND MANAGEMENT COMPANY LIMITED,SM004001,IDFC PENSION FUND SCHEME E - TIER I,12.3222
07/24/2012,PFM004,IDFC PENSION FUND MANAGEMENT COMPANY LIMITED,SM004001,IDFC PENSION FUND SCHEME E - TIER I,12.12
07/25/2012,PFM004,IDFC PENSION FUND MANAGEMENT COMPANY LIMITED,SM004001,IDFC PENSION FUND SCHEME E - TIER I,12.1455
07/26/2012,PFM004,IDFC PENSION FUND MANAGEMENT COMPANY LIMITED,SM004001,IDFC PENSION FUND SCHEME E - TIER I,12.101
07/27/2012,PFM004,IDFC PENSION FUND MANAGEMENT COMPANY LIMITED,SM004001,IDFC PENSION FUND SCHEME E - TIER I,11.9456
07/30/2012,PFM004,IDFC PENSION FUND MANAGEMENT COMPANY LIMITED,SM004001,IDFC PENSION FUND SCHEME E - TIER I,12.0784
07/31/2012,PFM004,IDFC PENSION FUND MANAGEMENT COMPANY LIMITED,SM004001,IDFC PENSION FUND SCHEME E - TIER I,12.3116
08/01/2012,PFM004,IDFC PENSION FUND MANAGEMENT COMPANY LIMITED,SM004001,IDFC PENSION FUND SCHEME E - TIER I,12.3797
08/02/2012,PFM004,IDFC PENSION FUND MANAGEMENT COMPANY LIMITED,SM004001,IDFC PENSION FUND SCHEME E - TIER I,12.4079
08/03/2012,PFM004,IDFC PENSION FUND MANAGEMENT COMPANY LIMITED,SM004001,IDFC PENSION FUND SCHEME E - TIER I,12.3776
08/06/2012,PFM004,IDFC PENSION FUND MANAGEMENT COMPANY LIMITED,SM004001,IDFC PENSION FUND SCHEME E - TIER I,12.3487
08/07/2012,PFM004,IDFC PENSION FUND MANAGEMENT COMPANY LIMITED,SM004001,IDFC PENSION FUND SCHEME E - TIER I,12.5041
08/08/2012,PFM004,IDFC PENSION FUND MANAGEMENT COMPANY LIMITED,SM004001,IDFC PENSION FUND SCHEME E - TIER I,12.6342
08/09/2012,PFM004,IDFC PENSION FUND MANAGEMENT COMPANY LIMITED,SM004001,IDFC PENSION FUND SCHEME E - TIER I,12.6366
08/10/2012,PFM004,IDFC PENSION FUND MANAGEMENT COMPANY LIMITED,SM004001,IDFC PENSION FUND SCHEME E - TIER I,12.6011
08/13/2012,PFM004,IDFC PENSION FUND MANAGEMENT COMPANY LIMITED,SM004001,IDFC PENSION FUND SCHEME E - TIER I,12.6011
08/14/2012,PFM004,IDFC PENSION FUND MANAGEMENT COMPANY LIMITED,SM004001,IDFC PENSION FUND SCHEME E - TIER I,12.6577
08/16/2012,PFM004,IDFC PENSION FUND MANAGEMENT COMPANY LIMITED,SM004001,IDFC PENSION FUND SCHEME E - TIER I,12.7425
08/17/2012,PFM004,IDFC PENSION FUND MANAGEMENT COMPANY LIMITED,SM004001,IDFC PENSION FUND SCHEME E - TIER I,12.703
08/21/2012,PFM004,IDFC PENSION FUND MANAGEMENT COMPANY LIMITED,SM004001,IDFC PENSION FUND SCHEME E - TIER I,12.71
08/24/2012,PFM004,IDFC PENSION FUND MANAGEMENT COMPANY LIMITED,SM004001,IDFC PENSION FUND SCHEME E - TIER I,12.8228
08/27/2012,PFM004,IDFC PENSION FUND MANAGEMENT COMPANY LIMITED,SM004001,IDFC PENSION FUND SCHEME E - TIER I,12.7553
08/28/2012,PFM004,IDFC PENSION FUND MANAGEMENT COMPANY LIMITED,SM004001,IDFC PENSION FUND SCHEME E - TIER I,12.6749
08/29/2012,PFM004,IDFC PENSION FUND MANAGEMENT COMPANY LIMITED,SM004001,IDFC PENSION FUND SCHEME E - TIER I,12.6378
08/30/2012,PFM004,IDFC PENSION FUND MANAGEMENT COMPANY LIMITED,SM004001,IDFC PENSION FUND SCHEME E - TIER I,12.5263
08/31/2012,PFM004,IDFC PENSION FUND MANAGEMENT COMPANY LIMITED,SM004001,IDFC PENSION FUND SCHEME E - TIER I,12.5898
09/03/2012,PFM004,IDFC PENSION FUND MANAGEMENT COMPANY LIMITED,SM004001,IDFC PENSION FUND SCHEME E - TIER I,12.4586
09/04/2012,PFM004,IDFC PENSION FUND MANAGEMENT COMPANY LIMITED,SM004001,IDFC PENSION FUND SCHEME E - TIER I,12.446
09/05/2012,PFM004,IDFC PENSION FUND MANAGEMENT COMPANY LIMITED,SM004001,IDFC PENSION FUND SCHEME E - TIER I,12.4935
09/06/2012,PFM004,IDFC PENSION FUND MANAGEMENT COMPANY LIMITED,SM004001,IDFC PENSION FUND SCHEME E - TIER I,12.3794
09/07/2012,PFM004,IDFC PENSION FUND MANAGEMENT COMPANY LIMITED,SM004001,IDFC PENSION FUND SCHEME E - TIER I,12.4118
09/10/2012,PFM004,IDFC PENSION FUND MANAGEMENT COMPANY LIMITED,SM004001,IDFC PENSION FUND SCHEME E - TIER I,12.6558
09/11/2012,PFM004,IDFC PENSION FUND MANAGEMENT COMPANY LIMITED,SM004001,IDFC PENSION FUND SCHEME E - TIER I,12.7045
09/12/2012,PFM004,IDFC PENSION FUND MANAGEMENT COMPANY LIMITED,SM004001,IDFC PENSION FUND SCHEME E - TIER I,12.7662
09/13/2012,PFM004,IDFC PENSION FUND MANAGEMENT COMPANY LIMITED,SM004001,IDFC PENSION FUND SCHEME E - TIER I,12.8623
09/14/2012,PFM004,IDFC PENSION FUND MANAGEMENT COMPANY LIMITED,SM004001,IDFC PENSION FUND SCHEME E - TIER I,12.872
09/17/2012,PFM004,IDFC PENSION FUND MANAGEMENT COMPANY LIMITED,SM004001,IDFC PENSION FUND SCHEME E - TIER I,13.2102
09/18/2012,PFM004,IDFC PENSION FUND MANAGEMENT COMPANY LIMITED,SM004001,IDFC PENSION FUND SCHEME E - TIER I,13.2856
09/20/2012,PFM004,IDFC PENSION FUND MANAGEMENT COMPANY LIMITED,SM004001,IDFC PENSION FUND SCHEME E - TIER I,13.2622
09/21/2012,PFM004,IDFC PENSION FUND MANAGEMENT COMPANY LIMITED,SM004001,IDFC PENSION FUND SCHEME E - TIER I,13.1533
09/24/2012,PFM004,IDFC PENSION FUND MANAGEMENT COMPANY LIMITED,SM004001,IDFC PENSION FUND SCHEME E - TIER I,13.4739
09/25/2012,PFM004,IDFC PENSION FUND MANAGEMENT COMPANY LIMITED,SM004001,IDFC PENSION FUND SCHEME E - TIER I,13.4222
09/26/2012,PFM004,IDFC PENSION FUND MANAGEMENT COMPANY LIMITED,SM004001,IDFC PENSION FUND SCHEME E - TIER I,13.4316
09/27/2012,PFM004,IDFC PENSION FUND MANAGEMENT COMPANY LIMITED,SM004001,IDFC PENSION FUND SCHEME E - TIER I,13.4058
09/28/2012,PFM004,IDFC PENSION FUND MANAGEMENT COMPANY LIMITED,SM004001,IDFC PENSION FUND SCHEME E - TIER I,13.3724
10/01/2012,PFM004,IDFC PENSION FUND MANAGEMENT COMPANY LIMITED,SM004001,IDFC PENSION FUND SCHEME E - TIER I,13.4969
10/03/2012,PFM004,IDFC PENSION FUND MANAGEMENT COMPANY LIMITED,SM004001,IDFC PENSION FUND SCHEME E - TIER I,13.5317
10/04/2012,PFM004,IDFC PENSION FUND MANAGEMENT COMPANY LIMITED,SM004001,IDFC PENSION FUND SCHEME E - TIER I,13.5606
10/05/2012,PFM004,IDFC PENSION FUND MANAGEMENT COMPANY LIMITED,SM004001,IDFC PENSION FUND SCHEME E - TIER I,13.6936
10/08/2012,PFM004,IDFC PENSION FUND MANAGEMENT COMPANY LIMITED,SM004001,IDFC PENSION FUND SCHEME E - TIER I,13.5972
10/09/2012,PFM004,IDFC PENSION FUND MANAGEMENT COMPANY LIMITED,SM004001,IDFC PENSION FUND SCHEME E - TIER I,13.429
10/10/2012,PFM004,IDFC PENSION FUND MANAGEMENT COMPANY LIMITED,SM004001,IDFC PENSION FUND SCHEME E - TIER I,13.4951
10/11/2012,PFM004,IDFC PENSION FUND MANAGEMENT COMPANY LIMITED,SM004001,IDFC PENSION FUND SCHEME E - TIER I,13.3718
10/12/2012,PFM004,IDFC PENSION FUND MANAGEMENT COMPANY LIMITED,SM004001,IDFC PENSION FUND SCHEME E - TIER I,13.5059
10/15/2012,PFM004,IDFC PENSION FUND MANAGEMENT COMPANY LIMITED,SM004001,IDFC PENSION FUND SCHEME E - TIER I,13.429
10/16/2012,PFM004,IDFC PENSION FUND MANAGEMENT COMPANY LIMITED,SM004001,IDFC PENSION FUND SCHEME E - TIER I,13.4552
10/17/2012,PFM004,IDFC PENSION FUND MANAGEMENT COMPANY LIMITED,SM004001,IDFC PENSION FUND SCHEME E - TIER I,13.3618
10/18/2012,PFM004,IDFC PENSION FUND MANAGEMENT COMPANY LIMITED,SM004001,IDFC PENSION FUND SCHEME E - TIER I,13.3902
10/19/2012,PFM004,IDFC PENSION FUND MANAGEMENT COMPANY LIMITED,SM004001,IDFC PENSION FUND SCHEME E - TIER I,13.5327
10/23/2012,PFM004,IDFC PENSION FUND MANAGEMENT COMPANY LIMITED,SM004001,IDFC PENSION FUND SCHEME E - TIER I,13.5277
10/25/2012,PFM004,IDFC PENSION FUND MANAGEMENT COMPANY LIMITED,SM004001,IDFC PENSION FUND SCHEME E - TIER I,13.4669
10/29/2012,PFM004,IDFC PENSION FUND MANAGEMENT COMPANY LIMITED,SM004001,IDFC PENSION FUND SCHEME E - TIER I,13.4014
10/30/2012,PFM004,IDFC PENSION FUND MANAGEMENT COMPANY LIMITED,SM004001,IDFC PENSION FUND SCHEME E - TIER I,13.4035
10/31/2012,PFM004,IDFC PENSION FUND MANAGEMENT COMPANY LIMITED,SM004001,IDFC PENSION FUND SCHEME E - TIER I,13.2972
11/01/2012,PFM004,IDFC PENSION FUND MANAGEMENT COMPANY LIMITED,SM004001,IDFC PENSION FUND SCHEME E - TIER I,13.2972
11/02/2012,PFM004,IDFC PENSION FUND MANAGEMENT COMPANY LIMITED,SM004001,IDFC PENSION FUND SCHEME E - TIER I,13.2972
11/05/2012,PFM004,IDFC PENSION FUND MANAGEMENT COMPANY LIMITED,SM004001,IDFC PENSION FUND SCHEME E - TIER I,13.2972
11/06/2012,PFM004,IDFC PENSION FUND MANAGEMENT COMPANY LIMITED,SM004001,IDFC PENSION FUND SCHEME E - TIER I,13.2972
