Date (MM/DD/YYYY),Pension Fund Manager Id,Pension Fund Manager,Pension Scheme Id,Pension Scheme,Net Asset Value (INR)
09/12/2022,PFM012,MAX LIFE PENSION FUND MANAGEMENT LIMITED,SM012001,MAX LIFE PENSION FUND MANAGEMENT LIMITED SCHEME E - TIER I,10.0000
09/13/2022,PFM012,MAX LIFE PENSION FUND MANAGEMENT LIMITED,SM012001,MAX LIFE PENSION FUND MANAGEMENT LIMITED SCHEME E - TIER I,9.9995
09/14/2022,PFM012,MAX LIFE PENSION FUND MANAGEMENT LIMITED,SM012001,MAX LIFE PENSION FUND MANAGEMENT LIMITED SCHEME E - TIER I,9.9953
09/15/2022,PFM012,MAX LIFE PENSION FUND MANAGEMENT LIMITED,SM012001,MAX LIFE PENSION FUND MANAGEMENT LIMITED SCHEME E - TIER I,9.8737
09/16/2022,PFM012,MAX LIFE PENSION FUND MANAGEMENT LIMITED,SM012001,MAX LIFE PENSION FUND MANAGEMENT LIMITED SCHEME E - TIER I,9.7023
09/19/2022,PFM012,MAX LIFE PENSION FUND MANAGEMENT LIMITED,SM012001,MAX LIFE PENSION FUND MANAGEMENT LIMITED SCHEME E - TIER I,9.7498
09/20/2022,PFM012,MAX LIFE PENSION FUND MANAGEMENT LIMITED,SM012001,MAX LIFE PENSION FUND MANAGEMENT LIMITED SCHEME E - TIER I,9.8409
09/21/2022,PFM012,MAX LIFE PENSION FUND MANAGEMENT LIMITED,SM012001,MAX LIFE PENSION FUND MANAGEMENT LIMITED SCHEME E - TIER I,9.7537
09/22/2022,PFM012,MAX LIFE PENSION FUND MANAGEMENT LIMITED,SM012001,MAX LIFE PENSION FUND MANAGEMENT LIMITED SCHEME E - TIER I,9.7329
09/23/2022,PFM012,MAX LIFE PENSION FUND MANAGEMENT LIMITED,SM012001,MAX LIFE PENSION FUND MANAGEMENT LIMITED SCHEME E - TIER I,9.5868
09/26/2022,PFM012,MAX LIFE PENSION FUND MANAGEMENT LIMITED,SM012001,MAX LIFE PENSION FUND MANAGEMENT LIMITED SCHEME E - TIER I,9.4236
09/27/2022,PFM012,MAX LIFE PENSION FUND MANAGEMENT LIMITED,SM012001,MAX LIFE PENSION FUND MANAGEMENT LIMITED SCHEME E - TIER I,9.3967
09/28/2022,PFM012,MAX LIFE PENSION FUND MANAGEMENT LIMITED,SM012001,MAX LIFE PENSION FUND MANAGEMENT LIMITED SCHEME E - TIER I,9.2273
09/29/2022,PFM012,MAX LIFE PENSION FUND MANAGEMENT LIMITED,SM012001,MAX LIFE PENSION FUND MANAGEMENT LIMITED SCHEME E - TIER I,9.1851
09/30/2022,PFM012,MAX LIFE PENSION FUND MANAGEMENT LIMITED,SM012001,MAX LIFE PENSION FUND MANAGEMENT LIMITED SCHEME E - TIER I,9.3276
10/03/2022,PFM012,MAX LIFE PENSION FUND MANAGEMENT LIMITED,SM012001,MAX LIFE PENSION FUND MANAGEMENT LIMITED SCHEME E - TIER I,9.2209
10/04/2022,PFM012,MAX LIFE PENSION FUND MANAGEMENT LIMITED,SM012001,MAX LIFE PENSION FUND MANAGEMENT LIMITED SCHEME E - TIER I,9.4163
10/06/2022,PFM012,MAX LIFE PENSION FUND MANAGEMENT LIMITED,SM012001,MAX LIFE PENSION FUND MANAGEMENT LIMITED SCHEME E - TIER I,9.4388
10/07/2022,PFM012,MAX LIFE PENSION FUND MANAGEMENT LIMITED,SM012001,MAX LIFE PENSION FUND MANAGEMENT LIMITED SCHEME E - TIER I,9.4320
10/10/2022,PFM012,MAX LIFE PENSION FUND MANAGEMENT LIMITED,SM012001,MAX LIFE PENSION FUND MANAGEMENT LIMITED SCHEME E - TIER I,9.3887
10/11/2022,PFM012,MAX LIFE PENSION FUND MANAGEMENT LIMITED,SM012001,MAX LIFE PENSION FUND MANAGEMENT LIMITED SCHEME E - TIER I,9.2501
10/12/2022,PFM012,MAX LIFE PENSION FUND MANAGEMENT LIMITED,SM012001,MAX LIFE PENSION FUND MANAGEMENT LIMITED SCHEME E - TIER I,9.3195
10/13/2022,PFM012,MAX LIFE PENSION FUND MANAGEMENT LIMITED,SM012001,MAX LIFE PENSION FUND MANAGEMENT LIMITED SCHEME E - TIER I,9.2643
10/14/2022,PFM012,MAX LIFE PENSION FUND MANAGEMENT LIMITED,SM012001,MAX LIFE PENSION FUND MANAGEMENT LIMITED SCHEME E - TIER I,9.3368
10/17/2022,PFM012,MAX LIFE PENSION FUND MANAGEMENT LIMITED,SM012001,MAX LIFE PENSION FUND MANAGEMENT LIMITED SCHEME E - TIER I,9.3914
10/18/2022,PFM012,MAX LIFE PENSION FUND MANAGEMENT LIMITED,SM012001,MAX LIFE PENSION FUND MANAGEMENT LIMITED SCHEME E - TIER I,9.4864
10/19/2022,PFM012,MAX LIFE PENSION FUND MANAGEMENT LIMITED,SM012001,MAX LIFE PENSION FUND MANAGEMENT LIMITED SCHEME E - TIER I,9.4942
10/20/2022,PFM012,MAX LIFE PENSION FUND MANAGEMENT LIMITED,SM012001,MAX LIFE PENSION FUND MANAGEMENT LIMITED SCHEME E - TIER I,9.5161
10/21/2022,PFM012,MAX LIFE PENSION FUND MANAGEMENT LIMITED,SM012001,MAX LIFE PENSION FUND MANAGEMENT LIMITED SCHEME E - TIER I,9.4938
10/25/2022,PFM012,MAX LIFE PENSION FUND MANAGEMENT LIMITED,SM012001,MAX LIFE PENSION FUND MANAGEMENT LIMITED SCHEME E - TIER I,9.5364
10/27/2022,PFM012,MAX LIFE PENSION FUND MANAGEMENT LIMITED,SM012001,MAX LIFE PENSION FUND MANAGEMENT LIMITED SCHEME E - TIER I,9.5830
10/28/2022,PFM012,MAX LIFE PENSION FUND MANAGEMENT LIMITED,SM012001,MAX LIFE PENSION FUND MANAGEMENT LIMITED SCHEME E - TIER I,9.6007
10/31/2022,PFM012,MAX LIFE PENSION FUND MANAGEMENT LIMITED,SM012001,MAX LIFE PENSION FUND MANAGEMENT LIMITED SCHEME E - TIER I,9.7168
11/01/2022,PFM012,MAX LIFE PENSION FUND MANAGEMENT LIMITED,SM012001,MAX LIFE PENSION FUND MANAGEMENT LIMITED SCHEME E - TIER I,9.7892
11/02/2022,PFM012,MAX LIFE PENSION FUND MANAGEMENT LIMITED,SM012001,MAX LIFE PENSION FUND MANAGEMENT LIMITED SCHEME E - TIER I,9.7535
11/03/2022,PFM012,MAX LIFE PENSION FUND MANAGEMENT LIMITED,SM012001,MAX LIFE PENSION FUND MANAGEMENT LIMITED SCHEME E - TIER I,9.7481
11/04/2022,PFM012,MAX LIFE PENSION FUND MANAGEMENT LIMITED,SM012001,MAX LIFE PENSION FUND MANAGEMENT LIMITED SCHEME E - TIER I,9.7639
11/07/2022,PFM012,MAX LIFE PENSION FUND MANAGEMENT LIMITED,SM012001,MAX LIFE PENSION FUND MANAGEMENT LIMITED SCHEME E - TIER I,9.8020
11/09/2022,PFM012,MAX LIFE PENSION FUND MANAGEMENT LIMITED,SM012001,MAX LIFE PENSION FUND MANAGEMENT LIMITED SCHEME E - TIER I,9.7785
11/10/2022,PFM012,MAX LIFE PENSION FUND MANAGEMENT LIMITED,SM012001,MAX LIFE PENSION FUND MANAGEMENT LIMITED SCHEME E - TIER I,9.7161
11/11/2022,PFM012,MAX LIFE PENSION FUND MANAGEMENT LIMITED,SM012001,MAX LIFE PENSION FUND MANAGEMENT LIMITED SCHEME E - TIER I,9.8425
11/14/2022,PFM012,MAX LIFE PENSION FUND MANAGEMENT LIMITED,SM012001,MAX LIFE PENSION FUND MANAGEMENT LIMITED SCHEME E - TIER I,9.8306
11/15/2022,PFM012,MAX LIFE PENSION FUND MANAGEMENT LIMITED,SM012001,MAX LIFE PENSION FUND MANAGEMENT LIMITED SCHEME E - TIER I,9.8629
11/16/2022,PFM012,MAX LIFE PENSION FUND MANAGEMENT LIMITED,SM012001,MAX LIFE PENSION FUND MANAGEMENT LIMITED SCHEME E - TIER I,9.8646
11/17/2022,PFM012,MAX LIFE PENSION FUND MANAGEMENT LIMITED,SM012001,MAX LIFE PENSION FUND MANAGEMENT LIMITED SCHEME E - TIER I,9.8297
11/18/2022,PFM012,MAX LIFE PENSION FUND MANAGEMENT LIMITED,SM012001,MAX LIFE PENSION FUND MANAGEMENT LIMITED SCHEME E - TIER I,9.7980
11/21/2022,PFM012,MAX LIFE PENSION FUND MANAGEMENT LIMITED,SM012001,MAX LIFE PENSION FUND MANAGEMENT LIMITED SCHEME E - TIER I,9.7227
11/22/2022,PFM012,MAX LIFE PENSION FUND MANAGEMENT LIMITED,SM012001,MAX LIFE PENSION FUND MANAGEMENT LIMITED SCHEME E - TIER I,9.7724
11/24/2022,PFM012,MAX LIFE PENSION FUND MANAGEMENT LIMITED,SM012001,MAX LIFE PENSION FUND MANAGEMENT LIMITED SCHEME E - TIER I,9.8943
11/25/2022,PFM012,MAX LIFE PENSION FUND MANAGEMENT LIMITED,SM012001,MAX LIFE PENSION FUND MANAGEMENT LIMITED SCHEME E - TIER I,9.9004
11/28/2022,PFM012,MAX LIFE PENSION FUND MANAGEMENT LIMITED,SM012001,MAX LIFE PENSION FUND MANAGEMENT LIMITED SCHEME E - TIER I,9.9248
11/29/2022,PFM012,MAX LIFE PENSION FUND MANAGEMENT LIMITED,SM012001,MAX LIFE PENSION FUND MANAGEMENT LIMITED SCHEME E - TIER I,9.9499
11/30/2022,PFM012,MAX LIFE PENSION FUND MANAGEMENT LIMITED,SM012001,MAX LIFE PENSION FUND MANAGEMENT LIMITED SCHEME E - TIER I,10.0255
12/01/2022,PFM012,MAX LIFE PENSION FUND MANAGEMENT LIMITED,SM012001,MAX LIFE PENSION FUND MANAGEMENT LIMITED SCHEME E - TIER I,10.0578
12/02/2022,PFM012,MAX LIFE PENSION FUND MANAGEMENT LIMITED,SM012001,MAX LIFE PENSION FUND MANAGEMENT LIMITED SCHEME E - TIER I,10.0066
12/05/2022,PFM012,MAX LIFE PENSION FUND MANAGEMENT LIMITED,SM012001,MAX LIFE PENSION FUND MANAGEMENT LIMITED SCHEME E - TIER I,10.0141
12/06/2022,PFM012,MAX LIFE PENSION FUND MANAGEMENT LIMITED,SM012001,MAX LIFE PENSION FUND MANAGEMENT LIMITED SCHEME E - TIER I,9.9829
12/07/2022,PFM012,MAX LIFE PENSION FUND MANAGEMENT LIMITED,SM012001,MAX LIFE PENSION FUND MANAGEMENT LIMITED SCHEME E - TIER I,9.9466
12/08/2022,PFM012,MAX LIFE PENSION FUND MANAGEMENT LIMITED,SM012001,MAX LIFE PENSION FUND MANAGEMENT LIMITED SCHEME E - TIER I,9.9722
12/09/2022,PFM012,MAX LIFE PENSION FUND MANAGEMENT LIMITED,SM012001,MAX LIFE PENSION FUND MANAGEMENT LIMITED SCHEME E - TIER I,9.9317
12/12/2022,PFM012,MAX LIFE PENSION FUND MANAGEMENT LIMITED,SM012001,MAX LIFE PENSION FUND MANAGEMENT LIMITED SCHEME E - TIER I,9.9264
12/13/2022,PFM012,MAX LIFE PENSION FUND MANAGEMENT LIMITED,SM012001,MAX LIFE PENSION FUND MANAGEMENT LIMITED SCHEME E - TIER I,9.9722
12/14/2022,PFM012,MAX LIFE PENSION FUND MANAGEMENT LIMITED,SM012001,MAX LIFE PENSION FUND MANAGEMENT LIMITED SCHEME E - TIER I,10.0020
12/15/2022,PFM012,MAX LIFE PENSION FUND MANAGEMENT LIMITED,SM012001,MAX LIFE PENSION FUND MANAGEMENT LIMITED SCHEME E - TIER I,9.8749
12/16/2022,PFM012,MAX LIFE PENSION FUND MANAGEMENT LIMITED,SM012001,MAX LIFE PENSION FUND MANAGEMENT LIMITED SCHEME E - TIER I,9.7869
12/19/2022,PFM012,MAX LIFE PENSION FUND MANAGEMENT LIMITED,SM012001,MAX LIFE PENSION FUND MANAGEMENT LIMITED SCHEME E - TIER I,9.8725
12/20/2022,PFM012,MAX LIFE PENSION FUND MANAGEMENT LIMITED,SM012001,MAX LIFE PENSION FUND MANAGEMENT LIMITED SCHEME E - TIER I,9.8506
12/21/2022,PFM012,MAX LIFE PENSION FUND MANAGEMENT LIMITED,SM012001,MAX LIFE PENSION FUND MANAGEMENT LIMITED SCHEME E - TIER I,9.7568
12/22/2022,PFM012,MAX LIFE PENSION FUND MANAGEMENT LIMITED,SM012001,MAX LIFE PENSION FUND MANAGEMENT LIMITED SCHEME E - TIER I,9.7238
12/23/2022,PFM012,MAX LIFE PENSION FUND MANAGEMENT LIMITED,SM012001,MAX LIFE PENSION FUND MANAGEMENT LIMITED SCHEME E - TIER I,9.5464
12/26/2022,PFM012,MAX LIFE PENSION FUND MANAGEMENT LIMITED,SM012001,MAX LIFE PENSION FUND MANAGEMENT LIMITED SCHEME E - TIER I,9.6627
12/27/2022,PFM012,MAX LIFE PENSION FUND MANAGEMENT LIMITED,SM012001,MAX LIFE PENSION FUND MANAGEMENT LIMITED SCHEME E - TIER I,9.7191
12/28/2022,PFM012,MAX LIFE PENSION FUND MANAGEMENT LIMITED,SM012001,MAX LIFE PENSION FUND MANAGEMENT LIMITED SCHEME E - TIER I,9.7205
12/29/2022,PFM012,MAX LIFE PENSION FUND MANAGEMENT LIMITED,SM012001,MAX LIFE PENSION FUND MANAGEMENT LIMITED SCHEME E - TIER I,9.7496
12/30/2022,PFM012,MAX LIFE PENSION FUND MANAGEMENT LIMITED,SM012001,MAX LIFE PENSION FUND MANAGEMENT LIMITED SCHEME E - TIER I,9.7040
01/02/2023,PFM012,MAX LIFE PENSION FUND MANAGEMENT LIMITED,SM012001,MAX LIFE PENSION FUND MANAGEMENT LIMITED SCHEME E - TIER I,9.7459
01/03/2023,PFM012,MAX LIFE PENSION FUND MANAGEMENT LIMITED,SM012001,MAX LIFE PENSION FUND MANAGEMENT LIMITED SCHEME E - TIER I,9.7580
01/04/2023,PFM012,MAX LIFE PENSION FUND MANAGEMENT LIMITED,SM012001,MAX LIFE PENSION FUND MANAGEMENT LIMITED SCHEME E - TIER I,9.6609
01/05/2023,PFM012,MAX LIFE PENSION FUND MANAGEMENT LIMITED,SM012001,MAX LIFE PENSION FUND MANAGEMENT LIMITED SCHEME E - TIER I,9.6575
01/06/2023,PFM012,MAX LIFE PENSION FUND MANAGEMENT LIMITED,SM012001,MAX LIFE PENSION FUND MANAGEMENT LIMITED SCHEME E - TIER I,9.5908
01/09/2023,PFM012,MAX LIFE PENSION FUND MANAGEMENT LIMITED,SM012001,MAX LIFE PENSION FUND MANAGEMENT LIMITED SCHEME E - TIER I,9.6973
01/10/2023,PFM012,MAX LIFE PENSION FUND MANAGEMENT LIMITED,SM012001,MAX LIFE PENSION FUND MANAGEMENT LIMITED SCHEME E - TIER I,9.6133
01/11/2023,PFM012,MAX LIFE PENSION FUND MANAGEMENT LIMITED,SM012001,MAX LIFE PENSION FUND MANAGEMENT LIMITED SCHEME E - TIER I,9.5950
01/12/2023,PFM012,MAX LIFE PENSION FUND MANAGEMENT LIMITED,SM012001,MAX LIFE PENSION FUND MANAGEMENT LIMITED SCHEME E - TIER I,9.5880
01/13/2023,PFM012,MAX LIFE PENSION FUND MANAGEMENT LIMITED,SM012001,MAX LIFE PENSION FUND MANAGEMENT LIMITED SCHEME E - TIER I,9.6297
01/16/2023,PFM012,MAX LIFE PENSION FUND MANAGEMENT LIMITED,SM012001,MAX LIFE PENSION FUND MANAGEMENT LIMITED SCHEME E - TIER I,9.6067
01/17/2023,PFM012,MAX LIFE PENSION FUND MANAGEMENT LIMITED,SM012001,MAX LIFE PENSION FUND MANAGEMENT LIMITED SCHEME E - TIER I,9.6788
01/18/2023,PFM012,MAX LIFE PENSION FUND MANAGEMENT LIMITED,SM012001,MAX LIFE PENSION FUND MANAGEMENT LIMITED SCHEME E - TIER I,9.7377
01/19/2023,PFM012,MAX LIFE PENSION FUND MANAGEMENT LIMITED,SM012001,MAX LIFE PENSION FUND MANAGEMENT LIMITED SCHEME E - TIER I,9.7083
01/20/2023,PFM012,MAX LIFE PENSION FUND MANAGEMENT LIMITED,SM012001,MAX LIFE PENSION FUND MANAGEMENT LIMITED SCHEME E - TIER I,9.6589
01/23/2023,PFM012,MAX LIFE PENSION FUND MANAGEMENT LIMITED,SM012001,MAX LIFE PENSION FUND MANAGEMENT LIMITED SCHEME E - TIER I,9.6959
01/24/2023,PFM012,MAX LIFE PENSION FUND MANAGEMENT LIMITED,SM012001,MAX LIFE PENSION FUND MANAGEMENT LIMITED SCHEME E - TIER I,9.6910
01/25/2023,PFM012,MAX LIFE PENSION FUND MANAGEMENT LIMITED,SM012001,MAX LIFE PENSION FUND MANAGEMENT LIMITED SCHEME E - TIER I,9.5793
01/27/2023,PFM012,MAX LIFE PENSION FUND MANAGEMENT LIMITED,SM012001,MAX LIFE PENSION FUND MANAGEMENT LIMITED SCHEME E - TIER I,9.4525
01/30/2023,PFM012,MAX LIFE PENSION FUND MANAGEMENT LIMITED,SM012001,MAX LIFE PENSION FUND MANAGEMENT LIMITED SCHEME E - TIER I,9.4586
01/31/2023,PFM012,MAX LIFE PENSION FUND MANAGEMENT LIMITED,SM012001,MAX LIFE PENSION FUND MANAGEMENT LIMITED SCHEME E - TIER I,09.4805
02/01/2023,PFM012,MAX LIFE PENSION FUND MANAGEMENT LIMITED,SM012001,MAX LIFE PENSION FUND MANAGEMENT LIMITED SCHEME E - TIER I,9.4634
02/02/2023,PFM012,MAX LIFE PENSION FUND MANAGEMENT LIMITED,SM012001,MAX LIFE PENSION FUND MANAGEMENT LIMITED SCHEME E - TIER I,9.4734
02/03/2023,PFM012,MAX LIFE PENSION FUND MANAGEMENT LIMITED,SM012001,MAX LIFE PENSION FUND MANAGEMENT LIMITED SCHEME E - TIER I,9.5874
02/06/2023,PFM012,MAX LIFE PENSION FUND MANAGEMENT LIMITED,SM012001,MAX LIFE PENSION FUND MANAGEMENT LIMITED SCHEME E - TIER I,9.5625
02/07/2023,PFM012,MAX LIFE PENSION FUND MANAGEMENT LIMITED,SM012001,MAX LIFE PENSION FUND MANAGEMENT LIMITED SCHEME E - TIER I,9.5362
02/08/2023,PFM012,MAX LIFE PENSION FUND MANAGEMENT LIMITED,SM012001,MAX LIFE PENSION FUND MANAGEMENT LIMITED SCHEME E - TIER I,9.6014
02/09/2023,PFM012,MAX LIFE PENSION FUND MANAGEMENT LIMITED,SM012001,MAX LIFE PENSION FUND MANAGEMENT LIMITED SCHEME E - TIER I,9.6196
02/10/2023,PFM012,MAX LIFE PENSION FUND MANAGEMENT LIMITED,SM012001,MAX LIFE PENSION FUND MANAGEMENT LIMITED SCHEME E - TIER I,9.6098
02/13/2023,PFM012,MAX LIFE PENSION FUND MANAGEMENT LIMITED,SM012001,MAX LIFE PENSION FUND MANAGEMENT LIMITED SCHEME E - TIER I,9.5667
02/14/2023,PFM012,MAX LIFE PENSION FUND MANAGEMENT LIMITED,SM012001,MAX LIFE PENSION FUND MANAGEMENT LIMITED SCHEME E - TIER I,9.6285
02/15/2023,PFM012,MAX LIFE PENSION FUND MANAGEMENT LIMITED,SM012001,MAX LIFE PENSION FUND MANAGEMENT LIMITED SCHEME E - TIER I,9.6882
02/16/2023,PFM012,MAX LIFE PENSION FUND MANAGEMENT LIMITED,SM012001,MAX LIFE PENSION FUND MANAGEMENT LIMITED SCHEME E - TIER I,9.7114
02/17/2023,PFM012,MAX LIFE PENSION FUND MANAGEMENT LIMITED,SM012001,MAX LIFE PENSION FUND MANAGEMENT LIMITED SCHEME E - TIER I,9.6694
02/20/2023,PFM012,MAX LIFE PENSION FUND MANAGEMENT LIMITED,SM012001,MAX LIFE PENSION FUND MANAGEMENT LIMITED SCHEME E - TIER I,9.6271
02/21/2023,PFM012,MAX LIFE PENSION FUND MANAGEMENT LIMITED,SM012001,MAX LIFE PENSION FUND MANAGEMENT LIMITED SCHEME E - TIER I,9.6213
02/22/2023,PFM012,MAX LIFE PENSION FUND MANAGEMENT LIMITED,SM012001,MAX LIFE PENSION FUND MANAGEMENT LIMITED SCHEME E - TIER I,9.4880
02/23/2023,PFM012,MAX LIFE PENSION FUND MANAGEMENT LIMITED,SM012001,MAX LIFE PENSION FUND MANAGEMENT LIMITED SCHEME E - TIER I,9.4544
02/24/2023,PFM012,MAX LIFE PENSION FUND MANAGEMENT LIMITED,SM012001,MAX LIFE PENSION FUND MANAGEMENT LIMITED SCHEME E - TIER I,9.4270
02/27/2023,PFM012,MAX LIFE PENSION FUND MANAGEMENT LIMITED,SM012001,MAX LIFE PENSION FUND MANAGEMENT LIMITED SCHEME E - TIER I,9.3857
02/28/2023,PFM012,MAX LIFE PENSION FUND MANAGEMENT LIMITED,SM012001,MAX LIFE PENSION FUND MANAGEMENT LIMITED SCHEME E - TIER I,09.3505
03/01/2023,PFM012,MAX LIFE PENSION FUND MANAGEMENT LIMITED,SM012001,MAX LIFE PENSION FUND MANAGEMENT LIMITED SCHEME E - TIER I,9.4263
03/02/2023,PFM012,MAX LIFE PENSION FUND MANAGEMENT LIMITED,SM012001,MAX LIFE PENSION FUND MANAGEMENT LIMITED SCHEME E - TIER I,9.3659
03/03/2023,PFM012,MAX LIFE PENSION FUND MANAGEMENT LIMITED,SM012001,MAX LIFE PENSION FUND MANAGEMENT LIMITED SCHEME E - TIER I,9.4776
03/06/2023,PFM012,MAX LIFE PENSION FUND MANAGEMENT LIMITED,SM012001,MAX LIFE PENSION FUND MANAGEMENT LIMITED SCHEME E - TIER I,9.5295
03/08/2023,PFM012,MAX LIFE PENSION FUND MANAGEMENT LIMITED,SM012001,MAX LIFE PENSION FUND MANAGEMENT LIMITED SCHEME E - TIER I,9.5585
03/09/2023,PFM012,MAX LIFE PENSION FUND MANAGEMENT LIMITED,SM012001,MAX LIFE PENSION FUND MANAGEMENT LIMITED SCHEME E - TIER I,9.4788
03/10/2023,PFM012,MAX LIFE PENSION FUND MANAGEMENT LIMITED,SM012001,MAX LIFE PENSION FUND MANAGEMENT LIMITED SCHEME E - TIER I,09.4042
03/13/2023,PFM012,MAX LIFE PENSION FUND MANAGEMENT LIMITED,SM012001,MAX LIFE PENSION FUND MANAGEMENT LIMITED SCHEME E - TIER I,9.2640
03/14/2023,PFM012,MAX LIFE PENSION FUND MANAGEMENT LIMITED,SM012001,MAX LIFE PENSION FUND MANAGEMENT LIMITED SCHEME E - TIER I,9.2144
03/15/2023,PFM012,MAX LIFE PENSION FUND MANAGEMENT LIMITED,SM012001,MAX LIFE PENSION FUND MANAGEMENT LIMITED SCHEME E - TIER I,9.1821
03/16/2023,PFM012,MAX LIFE PENSION FUND MANAGEMENT LIMITED,SM012001,MAX LIFE PENSION FUND MANAGEMENT LIMITED SCHEME E - TIER I,9.2036
03/17/2023,PFM012,MAX LIFE PENSION FUND MANAGEMENT LIMITED,SM012001,MAX LIFE PENSION FUND MANAGEMENT LIMITED SCHEME E - TIER I,9.2539
03/20/2023,PFM012,MAX LIFE PENSION FUND MANAGEMENT LIMITED,SM012001,MAX LIFE PENSION FUND MANAGEMENT LIMITED SCHEME E - TIER I,9.1926
03/21/2023,PFM012,MAX LIFE PENSION FUND MANAGEMENT LIMITED,SM012001,MAX LIFE PENSION FUND MANAGEMENT LIMITED SCHEME E - TIER I,9.2425
03/23/2023,PFM012,MAX LIFE PENSION FUND MANAGEMENT LIMITED,SM012001,MAX LIFE PENSION FUND MANAGEMENT LIMITED SCHEME E - TIER I,9.2247
03/24/2023,PFM012,MAX LIFE PENSION FUND MANAGEMENT LIMITED,SM012001,MAX LIFE PENSION FUND MANAGEMENT LIMITED SCHEME E - TIER I,9.1678
03/27/2023,PFM012,MAX LIFE PENSION FUND MANAGEMENT LIMITED,SM012001,MAX LIFE PENSION FUND MANAGEMENT LIMITED SCHEME E - TIER I,9.1829
03/28/2023,PFM012,MAX LIFE PENSION FUND MANAGEMENT LIMITED,SM012001,MAX LIFE PENSION FUND MANAGEMENT LIMITED SCHEME E - TIER I,9.1579
03/29/2023,PFM012,MAX LIFE PENSION FUND MANAGEMENT LIMITED,SM012001,MAX LIFE PENSION FUND MANAGEMENT LIMITED SCHEME E - TIER I,9.2387
03/31/2023,PFM012,MAX LIFE PENSION FUND MANAGEMENT LIMITED,SM012001,MAX LIFE PENSION FUND MANAGEMENT LIMITED SCHEME E - TIER I,9.3688
04/03/2023,PFM012,MAX LIFE PENSION FUND MANAGEMENT LIMITED,SM012001,MAX LIFE PENSION FUND MANAGEMENT LIMITED SCHEME E - TIER I,9.3838
04/05/2023,PFM012,MAX LIFE PENSION FUND MANAGEMENT LIMITED,SM012001,MAX LIFE PENSION FUND MANAGEMENT LIMITED SCHEME E - TIER I,9.4589
04/06/2023,PFM012,MAX LIFE PENSION FUND MANAGEMENT LIMITED,SM012001,MAX LIFE PENSION FUND MANAGEMENT LIMITED SCHEME E - TIER I,9.4862
04/10/2023,PFM012,MAX LIFE PENSION FUND MANAGEMENT LIMITED,SM012001,MAX LIFE PENSION FUND MANAGEMENT LIMITED SCHEME E - TIER I,9.5031
04/11/2023,PFM012,MAX LIFE PENSION FUND MANAGEMENT LIMITED,SM012001,MAX LIFE PENSION FUND MANAGEMENT LIMITED SCHEME E - TIER I,9.5479
04/12/2023,PFM012,MAX LIFE PENSION FUND MANAGEMENT LIMITED,SM012001,MAX LIFE PENSION FUND MANAGEMENT LIMITED SCHEME E - TIER I,9.6005
04/13/2023,PFM012,MAX LIFE PENSION FUND MANAGEMENT LIMITED,SM012001,MAX LIFE PENSION FUND MANAGEMENT LIMITED SCHEME E - TIER I,9.6139
04/17/2023,PFM012,MAX LIFE PENSION FUND MANAGEMENT LIMITED,SM012001,MAX LIFE PENSION FUND MANAGEMENT LIMITED SCHEME E - TIER I,9.5849
04/18/2023,PFM012,MAX LIFE PENSION FUND MANAGEMENT LIMITED,SM012001,MAX LIFE PENSION FUND MANAGEMENT LIMITED SCHEME E - TIER I,9.5824
04/19/2023,PFM012,MAX LIFE PENSION FUND MANAGEMENT LIMITED,SM012001,MAX LIFE PENSION FUND MANAGEMENT LIMITED SCHEME E - TIER I,9.5603
04/20/2023,PFM012,MAX LIFE PENSION FUND MANAGEMENT LIMITED,SM012001,MAX LIFE PENSION FUND MANAGEMENT LIMITED SCHEME E - TIER I,9.5642
04/21/2023,PFM012,MAX LIFE PENSION FUND MANAGEMENT LIMITED,SM012001,MAX LIFE PENSION FUND MANAGEMENT LIMITED SCHEME E - TIER I,9.5483
04/24/2023,PFM012,MAX LIFE PENSION FUND MANAGEMENT LIMITED,SM012001,MAX LIFE PENSION FUND MANAGEMENT LIMITED SCHEME E - TIER I,9.6025
04/25/2023,PFM012,MAX LIFE PENSION FUND MANAGEMENT LIMITED,SM012001,MAX LIFE PENSION FUND MANAGEMENT LIMITED SCHEME E - TIER I,9.6206
04/26/2023,PFM012,MAX LIFE PENSION FUND MANAGEMENT LIMITED,SM012001,MAX LIFE PENSION FUND MANAGEMENT LIMITED SCHEME E - TIER I,9.6551
04/27/2023,PFM012,MAX LIFE PENSION FUND MANAGEMENT LIMITED,SM012001,MAX LIFE PENSION FUND MANAGEMENT LIMITED SCHEME E - TIER I,9.6942
04/28/2023,PFM012,MAX LIFE PENSION FUND MANAGEMENT LIMITED,SM012001,MAX LIFE PENSION FUND MANAGEMENT LIMITED SCHEME E - TIER I,9.7928
05/02/2023,PFM012,MAX LIFE PENSION FUND MANAGEMENT LIMITED,SM012001,MAX LIFE PENSION FUND MANAGEMENT LIMITED SCHEME E - TIER I,9.8421
05/03/2023,PFM012,MAX LIFE PENSION FUND MANAGEMENT LIMITED,SM012001,MAX LIFE PENSION FUND MANAGEMENT LIMITED SCHEME E - TIER I,9.8283
05/04/2023,PFM012,MAX LIFE PENSION FUND MANAGEMENT LIMITED,SM012001,MAX LIFE PENSION FUND MANAGEMENT LIMITED SCHEME E - TIER I,9.8998
05/08/2023,PFM012,MAX LIFE PENSION FUND MANAGEMENT LIMITED,SM012001,MAX LIFE PENSION FUND MANAGEMENT LIMITED SCHEME E - TIER I,9.9234
05/09/2023,PFM012,MAX LIFE PENSION FUND MANAGEMENT LIMITED,SM012001,MAX LIFE PENSION FUND MANAGEMENT LIMITED SCHEME E - TIER I,9.9249
05/10/2023,PFM012,MAX LIFE PENSION FUND MANAGEMENT LIMITED,SM012001,MAX LIFE PENSION FUND MANAGEMENT LIMITED SCHEME E - TIER I,9.9663
05/11/2023,PFM012,MAX LIFE PENSION FUND MANAGEMENT LIMITED,SM012001,MAX LIFE PENSION FUND MANAGEMENT LIMITED SCHEME E - TIER I,9.9719
05/12/2023,PFM012,MAX LIFE PENSION FUND MANAGEMENT LIMITED,SM012001,MAX LIFE PENSION FUND MANAGEMENT LIMITED SCHEME E - TIER I,9.9701
05/15/2023,PFM012,MAX LIFE PENSION FUND MANAGEMENT LIMITED,SM012001,MAX LIFE PENSION FUND MANAGEMENT LIMITED SCHEME E - TIER I,10.0108
05/16/2023,PFM012,MAX LIFE PENSION FUND MANAGEMENT LIMITED,SM012001,MAX LIFE PENSION FUND MANAGEMENT LIMITED SCHEME E - TIER I,09.9818
05/17/2023,PFM012,MAX LIFE PENSION FUND MANAGEMENT LIMITED,SM012001,MAX LIFE PENSION FUND MANAGEMENT LIMITED SCHEME E - TIER I,9.9331
05/18/2023,PFM012,MAX LIFE PENSION FUND MANAGEMENT LIMITED,SM012001,MAX LIFE PENSION FUND MANAGEMENT LIMITED SCHEME E - TIER I,9.8867
05/19/2023,PFM012,MAX LIFE PENSION FUND MANAGEMENT LIMITED,SM012001,MAX LIFE PENSION FUND MANAGEMENT LIMITED SCHEME E - TIER I,9.8866
05/22/2023,PFM012,MAX LIFE PENSION FUND MANAGEMENT LIMITED,SM012001,MAX LIFE PENSION FUND MANAGEMENT LIMITED SCHEME E - TIER I,9.9294
05/23/2023,PFM012,MAX LIFE PENSION FUND MANAGEMENT LIMITED,SM012001,MAX LIFE PENSION FUND MANAGEMENT LIMITED SCHEME E - TIER I,9.9557
05/24/2023,PFM012,MAX LIFE PENSION FUND MANAGEMENT LIMITED,SM012001,MAX LIFE PENSION FUND MANAGEMENT LIMITED SCHEME E - TIER I,9.9376
05/26/2023,PFM012,MAX LIFE PENSION FUND MANAGEMENT LIMITED,SM012001,MAX LIFE PENSION FUND MANAGEMENT LIMITED SCHEME E - TIER I,10.0538
05/29/2023,PFM012,MAX LIFE PENSION FUND MANAGEMENT LIMITED,SM012001,MAX LIFE PENSION FUND MANAGEMENT LIMITED SCHEME E - TIER I,10.1081
05/30/2023,PFM012,MAX LIFE PENSION FUND MANAGEMENT LIMITED,SM012001,MAX LIFE PENSION FUND MANAGEMENT LIMITED SCHEME E - TIER I,10.1155
05/31/2023,PFM012,MAX LIFE PENSION FUND MANAGEMENT LIMITED,SM012001,MAX LIFE PENSION FUND MANAGEMENT LIMITED SCHEME E - TIER I,10.0989
06/01/2023,PFM012,MAX LIFE PENSION FUND MANAGEMENT LIMITED,SM012001,MAX LIFE PENSION FUND MANAGEMENT LIMITED SCHEME E - TIER I,10.0831
06/02/2023,PFM012,MAX LIFE PENSION FUND MANAGEMENT LIMITED,SM012001,MAX LIFE PENSION FUND MANAGEMENT LIMITED SCHEME E - TIER I,10.1237
06/05/2023,PFM012,MAX LIFE PENSION FUND MANAGEMENT LIMITED,SM012001,MAX LIFE PENSION FUND MANAGEMENT LIMITED SCHEME E - TIER I,10.1458
06/06/2023,PFM012,MAX LIFE PENSION FUND MANAGEMENT LIMITED,SM012001,MAX LIFE PENSION FUND MANAGEMENT LIMITED SCHEME E - TIER I,10.1557
06/07/2023,PFM012,MAX LIFE PENSION FUND MANAGEMENT LIMITED,SM012001,MAX LIFE PENSION FUND MANAGEMENT LIMITED SCHEME E - TIER I,10.2346
06/08/2023,PFM012,MAX LIFE PENSION FUND MANAGEMENT LIMITED,SM012001,MAX LIFE PENSION FUND MANAGEMENT LIMITED SCHEME E - TIER I,10.1804
06/09/2023,PFM012,MAX LIFE PENSION FUND MANAGEMENT LIMITED,SM012001,MAX LIFE PENSION FUND MANAGEMENT LIMITED SCHEME E - TIER I,10.1481
06/12/2023,PFM012,MAX LIFE PENSION FUND MANAGEMENT LIMITED,SM012001,MAX LIFE PENSION FUND MANAGEMENT LIMITED SCHEME E - TIER I,10.1692
06/13/2023,PFM012,MAX LIFE PENSION FUND MANAGEMENT LIMITED,SM012001,MAX LIFE PENSION FUND MANAGEMENT LIMITED SCHEME E - TIER I,10.2423
06/14/2023,PFM012,MAX LIFE PENSION FUND MANAGEMENT LIMITED,SM012001,MAX LIFE PENSION FUND MANAGEMENT LIMITED SCHEME E - TIER I,10.2749
06/15/2023,PFM012,MAX LIFE PENSION FUND MANAGEMENT LIMITED,SM012001,MAX LIFE PENSION FUND MANAGEMENT LIMITED SCHEME E - TIER I,10.2582
06/16/2023,PFM012,MAX LIFE PENSION FUND MANAGEMENT LIMITED,SM012001,MAX LIFE PENSION FUND MANAGEMENT LIMITED SCHEME E - TIER I,10.3396
06/19/2023,PFM012,MAX LIFE PENSION FUND MANAGEMENT LIMITED,SM012001,MAX LIFE PENSION FUND MANAGEMENT LIMITED SCHEME E - TIER I,10.3000
06/20/2023,PFM012,MAX LIFE PENSION FUND MANAGEMENT LIMITED,SM012001,MAX LIFE PENSION FUND MANAGEMENT LIMITED SCHEME E - TIER I,10.3293
06/21/2023,PFM012,MAX LIFE PENSION FUND MANAGEMENT LIMITED,SM012001,MAX LIFE PENSION FUND MANAGEMENT LIMITED SCHEME E - TIER I,10.3477
06/22/2023,PFM012,MAX LIFE PENSION FUND MANAGEMENT LIMITED,SM012001,MAX LIFE PENSION FUND MANAGEMENT LIMITED SCHEME E - TIER I,10.2808
06/23/2023,PFM012,MAX LIFE PENSION FUND MANAGEMENT LIMITED,SM012001,MAX LIFE PENSION FUND MANAGEMENT LIMITED SCHEME E - TIER I,10.2188
06/26/2023,PFM012,MAX LIFE PENSION FUND MANAGEMENT LIMITED,SM012001,MAX LIFE PENSION FUND MANAGEMENT LIMITED SCHEME E - TIER I,10.2412
06/27/2023,PFM012,MAX LIFE PENSION FUND MANAGEMENT LIMITED,SM012001,MAX LIFE PENSION FUND MANAGEMENT LIMITED SCHEME E - TIER I,10.2960
06/28/2023,PFM012,MAX LIFE PENSION FUND MANAGEMENT LIMITED,SM012001,MAX LIFE PENSION FUND MANAGEMENT LIMITED SCHEME E - TIER I,10.3724
06/30/2023,PFM012,MAX LIFE PENSION FUND MANAGEMENT LIMITED,SM012001,MAX LIFE PENSION FUND MANAGEMENT LIMITED SCHEME E - TIER I,10.4746
07/03/2023,PFM012,MAX LIFE PENSION FUND MANAGEMENT LIMITED,SM012001,MAX LIFE PENSION FUND MANAGEMENT LIMITED SCHEME E - TIER I,10.5501
07/04/2023,PFM012,MAX LIFE PENSION FUND MANAGEMENT LIMITED,SM012001,MAX LIFE PENSION FUND MANAGEMENT LIMITED SCHEME E - TIER I,10.5628
07/05/2023,PFM012,MAX LIFE PENSION FUND MANAGEMENT LIMITED,SM012001,MAX LIFE PENSION FUND MANAGEMENT LIMITED SCHEME E - TIER I,10.5910
07/06/2023,PFM012,MAX LIFE PENSION FUND MANAGEMENT LIMITED,SM012001,MAX LIFE PENSION FUND MANAGEMENT LIMITED SCHEME E - TIER I,10.6547
07/11/2023,PFM012,MAX LIFE PENSION FUND MANAGEMENT LIMITED,SM012001,MAX LIFE PENSION FUND MANAGEMENT LIMITED SCHEME E - TIER I,10.6409
07/12/2023,PFM012,MAX LIFE PENSION FUND MANAGEMENT LIMITED,SM012001,MAX LIFE PENSION FUND MANAGEMENT LIMITED SCHEME E - TIER I,10.6291
07/13/2023,PFM012,MAX LIFE PENSION FUND MANAGEMENT LIMITED,SM012001,MAX LIFE PENSION FUND MANAGEMENT LIMITED SCHEME E - TIER I,10.5964
07/14/2023,PFM012,MAX LIFE PENSION FUND MANAGEMENT LIMITED,SM012001,MAX LIFE PENSION FUND MANAGEMENT LIMITED SCHEME E - TIER I,10.6680
07/17/2023,PFM012,MAX LIFE PENSION FUND MANAGEMENT LIMITED,SM012001,MAX LIFE PENSION FUND MANAGEMENT LIMITED SCHEME E - TIER I,10.7387
07/18/2023,PFM012,MAX LIFE PENSION FUND MANAGEMENT LIMITED,SM012001,MAX LIFE PENSION FUND MANAGEMENT LIMITED SCHEME E - TIER I,10.7485
07/19/2023,PFM012,MAX LIFE PENSION FUND MANAGEMENT LIMITED,SM012001,MAX LIFE PENSION FUND MANAGEMENT LIMITED SCHEME E - TIER I,10.8071
07/20/2023,PFM012,MAX LIFE PENSION FUND MANAGEMENT LIMITED,SM012001,MAX LIFE PENSION FUND MANAGEMENT LIMITED SCHEME E - TIER I,10.8778
07/21/2023,PFM012,MAX LIFE PENSION FUND MANAGEMENT LIMITED,SM012001,MAX LIFE PENSION FUND MANAGEMENT LIMITED SCHEME E - TIER I,10.7958
07/24/2023,PFM012,MAX LIFE PENSION FUND MANAGEMENT LIMITED,SM012001,MAX LIFE PENSION FUND MANAGEMENT LIMITED SCHEME E - TIER I,10.7718
07/25/2023,PFM012,MAX LIFE PENSION FUND MANAGEMENT LIMITED,SM012001,MAX LIFE PENSION FUND MANAGEMENT LIMITED SCHEME E - TIER I,10.8004
07/26/2023,PFM012,MAX LIFE PENSION FUND MANAGEMENT LIMITED,SM012001,MAX LIFE PENSION FUND MANAGEMENT LIMITED SCHEME E - TIER I,10.8475
07/27/2023,PFM012,MAX LIFE PENSION FUND MANAGEMENT LIMITED,SM012001,MAX LIFE PENSION FUND MANAGEMENT LIMITED SCHEME E - TIER I,10.8070
07/28/2023,PFM012,MAX LIFE PENSION FUND MANAGEMENT LIMITED,SM012001,MAX LIFE PENSION FUND MANAGEMENT LIMITED SCHEME E - TIER I,10.8429
07/31/2023,PFM012,MAX LIFE PENSION FUND MANAGEMENT LIMITED,SM012001,MAX LIFE PENSION FUND MANAGEMENT LIMITED SCHEME E - TIER I,10.9314
08/01/2023,PFM012,MAX LIFE PENSION FUND MANAGEMENT LIMITED,SM012001,MAX LIFE PENSION FUND MANAGEMENT LIMITED SCHEME E - TIER I,10.9080
08/02/2023,PFM012,MAX LIFE PENSION FUND MANAGEMENT LIMITED,SM012001,MAX LIFE PENSION FUND MANAGEMENT LIMITED SCHEME E - TIER I,10.7798
08/03/2023,PFM012,MAX LIFE PENSION FUND MANAGEMENT LIMITED,SM012001,MAX LIFE PENSION FUND MANAGEMENT LIMITED SCHEME E - TIER I,10.7222
08/04/2023,PFM012,MAX LIFE PENSION FUND MANAGEMENT LIMITED,SM012001,MAX LIFE PENSION FUND MANAGEMENT LIMITED SCHEME E - TIER I,10.7849
08/07/2023,PFM012,MAX LIFE PENSION FUND MANAGEMENT LIMITED,SM012001,MAX LIFE PENSION FUND MANAGEMENT LIMITED SCHEME E - TIER I,10.8319
08/08/2023,PFM012,MAX LIFE PENSION FUND MANAGEMENT LIMITED,SM012001,MAX LIFE PENSION FUND MANAGEMENT LIMITED SCHEME E - TIER I,10.8308
08/09/2023,PFM012,MAX LIFE PENSION FUND MANAGEMENT LIMITED,SM012001,MAX LIFE PENSION FUND MANAGEMENT LIMITED SCHEME E - TIER I,10.8639
08/10/2023,PFM012,MAX LIFE PENSION FUND MANAGEMENT LIMITED,SM012001,MAX LIFE PENSION FUND MANAGEMENT LIMITED SCHEME E - TIER I,10.8121
08/11/2023,PFM012,MAX LIFE PENSION FUND MANAGEMENT LIMITED,SM012001,MAX LIFE PENSION FUND MANAGEMENT LIMITED SCHEME E - TIER I,10.7672
08/14/2023,PFM012,MAX LIFE PENSION FUND MANAGEMENT LIMITED,SM012001,MAX LIFE PENSION FUND MANAGEMENT LIMITED SCHEME E - TIER I,10.7423
08/17/2023,PFM012,MAX LIFE PENSION FUND MANAGEMENT LIMITED,SM012001,MAX LIFE PENSION FUND MANAGEMENT LIMITED SCHEME E - TIER I,10.7255
08/18/2023,PFM012,MAX LIFE PENSION FUND MANAGEMENT LIMITED,SM012001,MAX LIFE PENSION FUND MANAGEMENT LIMITED SCHEME E - TIER I,10.6906
08/21/2023,PFM012,MAX LIFE PENSION FUND MANAGEMENT LIMITED,SM012001,MAX LIFE PENSION FUND MANAGEMENT LIMITED SCHEME E - TIER I,10.7522
08/22/2023,PFM012,MAX LIFE PENSION FUND MANAGEMENT LIMITED,SM012001,MAX LIFE PENSION FUND MANAGEMENT LIMITED SCHEME E - TIER I,10.7805
08/23/2023,PFM012,MAX LIFE PENSION FUND MANAGEMENT LIMITED,SM012001,MAX LIFE PENSION FUND MANAGEMENT LIMITED SCHEME E - TIER I,10.8092
08/24/2023,PFM012,MAX LIFE PENSION FUND MANAGEMENT LIMITED,SM012001,MAX LIFE PENSION FUND MANAGEMENT LIMITED SCHEME E - TIER I,10.7906
08/25/2023,PFM012,MAX LIFE PENSION FUND MANAGEMENT LIMITED,SM012001,MAX LIFE PENSION FUND MANAGEMENT LIMITED SCHEME E - TIER I,10.6995
08/28/2023,PFM012,MAX LIFE PENSION FUND MANAGEMENT LIMITED,SM012001,MAX LIFE PENSION FUND MANAGEMENT LIMITED SCHEME E - TIER I,10.7311
08/29/2023,PFM012,MAX LIFE PENSION FUND MANAGEMENT LIMITED,SM012001,MAX LIFE PENSION FUND MANAGEMENT LIMITED SCHEME E - TIER I,10.7474
08/30/2023,PFM012,MAX LIFE PENSION FUND MANAGEMENT LIMITED,SM012001,MAX LIFE PENSION FUND MANAGEMENT LIMITED SCHEME E - TIER I,10.7535
08/31/2023,PFM012,MAX LIFE PENSION FUND MANAGEMENT LIMITED,SM012001,MAX LIFE PENSION FUND MANAGEMENT LIMITED SCHEME E - TIER I,10.7233
09/01/2023,PFM012,MAX LIFE PENSION FUND MANAGEMENT LIMITED,SM012001,MAX LIFE PENSION FUND MANAGEMENT LIMITED SCHEME E - TIER I,10.8230
09/04/2023,PFM012,MAX LIFE PENSION FUND MANAGEMENT LIMITED,SM012001,MAX LIFE PENSION FUND MANAGEMENT LIMITED SCHEME E - TIER I,10.8861
09/05/2023,PFM012,MAX LIFE PENSION FUND MANAGEMENT LIMITED,SM012001,MAX LIFE PENSION FUND MANAGEMENT LIMITED SCHEME E - TIER I,10.9317
09/06/2023,PFM012,MAX LIFE PENSION FUND MANAGEMENT LIMITED,SM012001,MAX LIFE PENSION FUND MANAGEMENT LIMITED SCHEME E - TIER I,10.9437
09/07/2023,PFM012,MAX LIFE PENSION FUND MANAGEMENT LIMITED,SM012001,MAX LIFE PENSION FUND MANAGEMENT LIMITED SCHEME E - TIER I,11.0172
09/08/2023,PFM012,MAX LIFE PENSION FUND MANAGEMENT LIMITED,SM012001,MAX LIFE PENSION FUND MANAGEMENT LIMITED SCHEME E - TIER I,11.0930
09/11/2023,PFM012,MAX LIFE PENSION FUND MANAGEMENT LIMITED,SM012001,MAX LIFE PENSION FUND MANAGEMENT LIMITED SCHEME E - TIER I,11.1837
09/12/2023,PFM012,MAX LIFE PENSION FUND MANAGEMENT LIMITED,SM012001,MAX LIFE PENSION FUND MANAGEMENT LIMITED SCHEME E - TIER I,11.0922
09/13/2023,PFM012,MAX LIFE PENSION FUND MANAGEMENT LIMITED,SM012001,MAX LIFE PENSION FUND MANAGEMENT LIMITED SCHEME E - TIER I,11.1367
09/14/2023,PFM012,MAX LIFE PENSION FUND MANAGEMENT LIMITED,SM012001,MAX LIFE PENSION FUND MANAGEMENT LIMITED SCHEME E - TIER I,11.1692
09/15/2023,PFM012,MAX LIFE PENSION FUND MANAGEMENT LIMITED,SM012001,MAX LIFE PENSION FUND MANAGEMENT LIMITED SCHEME E - TIER I,11.2046
09/18/2023,PFM012,MAX LIFE PENSION FUND MANAGEMENT LIMITED,SM012001,MAX LIFE PENSION FUND MANAGEMENT LIMITED SCHEME E - TIER I,11.1764
09/20/2023,PFM012,MAX LIFE PENSION FUND MANAGEMENT LIMITED,SM012001,MAX LIFE PENSION FUND MANAGEMENT LIMITED SCHEME E - TIER I,11.0564
09/21/2023,PFM012,MAX LIFE PENSION FUND MANAGEMENT LIMITED,SM012001,MAX LIFE PENSION FUND MANAGEMENT LIMITED SCHEME E - TIER I,10.9749
09/22/2023,PFM012,MAX LIFE PENSION FUND MANAGEMENT LIMITED,SM012001,MAX LIFE PENSION FUND MANAGEMENT LIMITED SCHEME E - TIER I,10.9484
09/25/2023,PFM012,MAX LIFE PENSION FUND MANAGEMENT LIMITED,SM012001,MAX LIFE PENSION FUND MANAGEMENT LIMITED SCHEME E - TIER I,10.9525
09/26/2023,PFM012,MAX LIFE PENSION FUND MANAGEMENT LIMITED,SM012001,MAX LIFE PENSION FUND MANAGEMENT LIMITED SCHEME E - TIER I,10.9442
09/27/2023,PFM012,MAX LIFE PENSION FUND MANAGEMENT LIMITED,SM012001,MAX LIFE PENSION FUND MANAGEMENT LIMITED SCHEME E - TIER I,10.9681
09/28/2023,PFM012,MAX LIFE PENSION FUND MANAGEMENT LIMITED,SM012001,MAX LIFE PENSION FUND MANAGEMENT LIMITED SCHEME E - TIER I,10.8557
10/03/2023,PFM012,MAX LIFE PENSION FUND MANAGEMENT LIMITED,SM012001,MAX LIFE PENSION FUND MANAGEMENT LIMITED SCHEME E - TIER I,10.9104
10/04/2023,PFM012,MAX LIFE PENSION FUND MANAGEMENT LIMITED,SM012001,MAX LIFE PENSION FUND MANAGEMENT LIMITED SCHEME E - TIER I,10.8521
10/05/2023,PFM012,MAX LIFE PENSION FUND MANAGEMENT LIMITED,SM012001,MAX LIFE PENSION FUND MANAGEMENT LIMITED SCHEME E - TIER I,10.8904
10/06/2023,PFM012,MAX LIFE PENSION FUND MANAGEMENT LIMITED,SM012001,MAX LIFE PENSION FUND MANAGEMENT LIMITED SCHEME E - TIER I,10.9535
10/09/2023,PFM012,MAX LIFE PENSION FUND MANAGEMENT LIMITED,SM012001,MAX LIFE PENSION FUND MANAGEMENT LIMITED SCHEME E - TIER I,10.8666
10/10/2023,PFM012,MAX LIFE PENSION FUND MANAGEMENT LIMITED,SM012001,MAX LIFE PENSION FUND MANAGEMENT LIMITED SCHEME E - TIER I,10.9614
10/11/2023,PFM012,MAX LIFE PENSION FUND MANAGEMENT LIMITED,SM012001,MAX LIFE PENSION FUND MANAGEMENT LIMITED SCHEME E - TIER I,11.0146
10/12/2023,PFM012,MAX LIFE PENSION FUND MANAGEMENT LIMITED,SM012001,MAX LIFE PENSION FUND MANAGEMENT LIMITED SCHEME E - TIER I,11.0157
10/13/2023,PFM012,MAX LIFE PENSION FUND MANAGEMENT LIMITED,SM012001,MAX LIFE PENSION FUND MANAGEMENT LIMITED SCHEME E - TIER I,10.9946
10/16/2023,PFM012,MAX LIFE PENSION FUND MANAGEMENT LIMITED,SM012001,MAX LIFE PENSION FUND MANAGEMENT LIMITED SCHEME E - TIER I,10.9925
10/17/2023,PFM012,MAX LIFE PENSION FUND MANAGEMENT LIMITED,SM012001,MAX LIFE PENSION FUND MANAGEMENT LIMITED SCHEME E - TIER I,11.0275
10/18/2023,PFM012,MAX LIFE PENSION FUND MANAGEMENT LIMITED,SM012001,MAX LIFE PENSION FUND MANAGEMENT LIMITED SCHEME E - TIER I,10.9360
10/19/2023,PFM012,MAX LIFE PENSION FUND MANAGEMENT LIMITED,SM012001,MAX LIFE PENSION FUND MANAGEMENT LIMITED SCHEME E - TIER I,10.9198
10/20/2023,PFM012,MAX LIFE PENSION FUND MANAGEMENT LIMITED,SM012001,MAX LIFE PENSION FUND MANAGEMENT LIMITED SCHEME E - TIER I,10.8591
10/23/2023,PFM012,MAX LIFE PENSION FUND MANAGEMENT LIMITED,SM012001,MAX LIFE PENSION FUND MANAGEMENT LIMITED SCHEME E - TIER I,10.6985
10/25/2023,PFM012,MAX LIFE PENSION FUND MANAGEMENT LIMITED,SM012001,MAX LIFE PENSION FUND MANAGEMENT LIMITED SCHEME E - TIER I,10.6340
10/26/2023,PFM012,MAX LIFE PENSION FUND MANAGEMENT LIMITED,SM012001,MAX LIFE PENSION FUND MANAGEMENT LIMITED SCHEME E - TIER I,10.4936
10/27/2023,PFM012,MAX LIFE PENSION FUND MANAGEMENT LIMITED,SM012001,MAX LIFE PENSION FUND MANAGEMENT LIMITED SCHEME E - TIER I,10.6040
10/30/2023,PFM012,MAX LIFE PENSION FUND MANAGEMENT LIMITED,SM012001,MAX LIFE PENSION FUND MANAGEMENT LIMITED SCHEME E - TIER I,10.6371
10/31/2023,PFM012,MAX LIFE PENSION FUND MANAGEMENT LIMITED,SM012001,MAX LIFE PENSION FUND MANAGEMENT LIMITED SCHEME E - TIER I,10.6051
11/01/2023,PFM012,MAX LIFE PENSION FUND MANAGEMENT LIMITED,SM012001,MAX LIFE PENSION FUND MANAGEMENT LIMITED SCHEME E - TIER I,10.5525
11/02/2023,PFM012,MAX LIFE PENSION FUND MANAGEMENT LIMITED,SM012001,MAX LIFE PENSION FUND MANAGEMENT LIMITED SCHEME E - TIER I,10.6556
11/03/2023,PFM012,MAX LIFE PENSION FUND MANAGEMENT LIMITED,SM012001,MAX LIFE PENSION FUND MANAGEMENT LIMITED SCHEME E - TIER I,10.7124
11/06/2023,PFM012,MAX LIFE PENSION FUND MANAGEMENT LIMITED,SM012001,MAX LIFE PENSION FUND MANAGEMENT LIMITED SCHEME E - TIER I,10.7976
11/07/2023,PFM012,MAX LIFE PENSION FUND MANAGEMENT LIMITED,SM012001,MAX LIFE PENSION FUND MANAGEMENT LIMITED SCHEME E - TIER I,10.8104
11/08/2023,PFM012,MAX LIFE PENSION FUND MANAGEMENT LIMITED,SM012001,MAX LIFE PENSION FUND MANAGEMENT LIMITED SCHEME E - TIER I,10.8379
11/09/2023,PFM012,MAX LIFE PENSION FUND MANAGEMENT LIMITED,SM012001,MAX LIFE PENSION FUND MANAGEMENT LIMITED SCHEME E - TIER I,10.8082
11/10/2023,PFM012,MAX LIFE PENSION FUND MANAGEMENT LIMITED,SM012001,MAX LIFE PENSION FUND MANAGEMENT LIMITED SCHEME E - TIER I,10.8266
11/13/2023,PFM012,MAX LIFE PENSION FUND MANAGEMENT LIMITED,SM012001,MAX LIFE PENSION FUND MANAGEMENT LIMITED SCHEME E - TIER I,10.8420
11/15/2023,PFM012,MAX LIFE PENSION FUND MANAGEMENT LIMITED,SM012001,MAX LIFE PENSION FUND MANAGEMENT LIMITED SCHEME E - TIER I,10.9877
11/16/2023,PFM012,MAX LIFE PENSION FUND MANAGEMENT LIMITED,SM012001,MAX LIFE PENSION FUND MANAGEMENT LIMITED SCHEME E - TIER I,11.0485
11/17/2023,PFM012,MAX LIFE PENSION FUND MANAGEMENT LIMITED,SM012001,MAX LIFE PENSION FUND MANAGEMENT LIMITED SCHEME E - TIER I,11.0299
11/20/2023,PFM012,MAX LIFE PENSION FUND MANAGEMENT LIMITED,SM012001,MAX LIFE PENSION FUND MANAGEMENT LIMITED SCHEME E - TIER I,11.0181
11/21/2023,PFM012,MAX LIFE PENSION FUND MANAGEMENT LIMITED,SM012001,MAX LIFE PENSION FUND MANAGEMENT LIMITED SCHEME E - TIER I,11.0634
11/22/2023,PFM012,MAX LIFE PENSION FUND MANAGEMENT LIMITED,SM012001,MAX LIFE PENSION FUND MANAGEMENT LIMITED SCHEME E - TIER I,11.0563
11/23/2023,PFM012,MAX LIFE PENSION FUND MANAGEMENT LIMITED,SM012001,MAX LIFE PENSION FUND MANAGEMENT LIMITED SCHEME E - TIER I,11.0611
11/24/2023,PFM012,MAX LIFE PENSION FUND MANAGEMENT LIMITED,SM012001,MAX LIFE PENSION FUND MANAGEMENT LIMITED SCHEME E - TIER I,11.0483
11/28/2023,PFM012,MAX LIFE PENSION FUND MANAGEMENT LIMITED,SM012001,MAX LIFE PENSION FUND MANAGEMENT LIMITED SCHEME E - TIER I,11.0994
11/29/2023,PFM012,MAX LIFE PENSION FUND MANAGEMENT LIMITED,SM012001,MAX LIFE PENSION FUND MANAGEMENT LIMITED SCHEME E - TIER I,11.1926
11/30/2023,PFM012,MAX LIFE PENSION FUND MANAGEMENT LIMITED,SM012001,MAX LIFE PENSION FUND MANAGEMENT LIMITED SCHEME E - TIER I,11.2262
12/01/2023,PFM012,MAX LIFE PENSION FUND MANAGEMENT LIMITED,SM012001,MAX LIFE PENSION FUND MANAGEMENT LIMITED SCHEME E - TIER I,11.2851
12/04/2023,PFM012,MAX LIFE PENSION FUND MANAGEMENT LIMITED,SM012001,MAX LIFE PENSION FUND MANAGEMENT LIMITED SCHEME E - TIER I,11.5136
12/05/2023,PFM012,MAX LIFE PENSION FUND MANAGEMENT LIMITED,SM012001,MAX LIFE PENSION FUND MANAGEMENT LIMITED SCHEME E - TIER I,11.6010
12/06/2023,PFM012,MAX LIFE PENSION FUND MANAGEMENT LIMITED,SM012001,MAX LIFE PENSION FUND MANAGEMENT LIMITED SCHEME E - TIER I,11.6472
12/07/2023,PFM012,MAX LIFE PENSION FUND MANAGEMENT LIMITED,SM012001,MAX LIFE PENSION FUND MANAGEMENT LIMITED SCHEME E - TIER I,11.6589
12/08/2023,PFM012,MAX LIFE PENSION FUND MANAGEMENT LIMITED,SM012001,MAX LIFE PENSION FUND MANAGEMENT LIMITED SCHEME E - TIER I,11.6727
12/11/2023,PFM012,MAX LIFE PENSION FUND MANAGEMENT LIMITED,SM012001,MAX LIFE PENSION FUND MANAGEMENT LIMITED SCHEME E - TIER I,11.7159
12/12/2023,PFM012,MAX LIFE PENSION FUND MANAGEMENT LIMITED,SM012001,MAX LIFE PENSION FUND MANAGEMENT LIMITED SCHEME E - TIER I,11.6267
12/13/2023,PFM012,MAX LIFE PENSION FUND MANAGEMENT LIMITED,SM012001,MAX LIFE PENSION FUND MANAGEMENT LIMITED SCHEME E - TIER I,11.6444
12/14/2023,PFM012,MAX LIFE PENSION FUND MANAGEMENT LIMITED,SM012001,MAX LIFE PENSION FUND MANAGEMENT LIMITED SCHEME E - TIER I,11.7890
12/15/2023,PFM012,MAX LIFE PENSION FUND MANAGEMENT LIMITED,SM012001,MAX LIFE PENSION FUND MANAGEMENT LIMITED SCHEME E - TIER I,11.9089
12/18/2023,PFM012,MAX LIFE PENSION FUND MANAGEMENT LIMITED,SM012001,MAX LIFE PENSION FUND MANAGEMENT LIMITED SCHEME E - TIER I,11.9169
12/19/2023,PFM012,MAX LIFE PENSION FUND MANAGEMENT LIMITED,SM012001,MAX LIFE PENSION FUND MANAGEMENT LIMITED SCHEME E - TIER I,11.9195
12/20/2023,PFM012,MAX LIFE PENSION FUND MANAGEMENT LIMITED,SM012001,MAX LIFE PENSION FUND MANAGEMENT LIMITED SCHEME E - TIER I,11.7116
12/21/2023,PFM012,MAX LIFE PENSION FUND MANAGEMENT LIMITED,SM012001,MAX LIFE PENSION FUND MANAGEMENT LIMITED SCHEME E - TIER I,11.8237
12/22/2023,PFM012,MAX LIFE PENSION FUND MANAGEMENT LIMITED,SM012001,MAX LIFE PENSION FUND MANAGEMENT LIMITED SCHEME E - TIER I,11.8843
12/26/2023,PFM012,MAX LIFE PENSION FUND MANAGEMENT LIMITED,SM012001,MAX LIFE PENSION FUND MANAGEMENT LIMITED SCHEME E - TIER I,11.9405
12/27/2023,PFM012,MAX LIFE PENSION FUND MANAGEMENT LIMITED,SM012001,MAX LIFE PENSION FUND MANAGEMENT LIMITED SCHEME E - TIER I,12.0369
12/28/2023,PFM012,MAX LIFE PENSION FUND MANAGEMENT LIMITED,SM012001,MAX LIFE PENSION FUND MANAGEMENT LIMITED SCHEME E - TIER I,12.0937
12/29/2023,PFM012,MAX LIFE PENSION FUND MANAGEMENT LIMITED,SM012001,MAX LIFE PENSION FUND MANAGEMENT LIMITED SCHEME E - TIER I,12.0971
01/01/2024,PFM012,MAX LIFE PENSION FUND MANAGEMENT LIMITED,SM012001,MAX LIFE PENSION FUND MANAGEMENT LIMITED SCHEME E - TIER I,12.1233
01/02/2024,PFM012,MAX LIFE PENSION FUND MANAGEMENT LIMITED,SM012001,MAX LIFE PENSION FUND MANAGEMENT LIMITED SCHEME E - TIER I,12.1023
01/03/2024,PFM012,MAX LIFE PENSION FUND MANAGEMENT LIMITED,SM012001,MAX LIFE PENSION FUND MANAGEMENT LIMITED SCHEME E - TIER I,12.0517
01/04/2024,PFM012,MAX LIFE PENSION FUND MANAGEMENT LIMITED,SM012001,MAX LIFE PENSION FUND MANAGEMENT LIMITED SCHEME E - TIER I,12.1451
01/08/2024,PFM012,MAX LIFE PENSION FUND MANAGEMENT LIMITED,SM012001,MAX LIFE PENSION FUND MANAGEMENT LIMITED SCHEME E - TIER I,12.0466
01/09/2024,PFM012,MAX LIFE PENSION FUND MANAGEMENT LIMITED,SM012001,MAX LIFE PENSION FUND MANAGEMENT LIMITED SCHEME E - TIER I,12.0737
01/10/2024,PFM012,MAX LIFE PENSION FUND MANAGEMENT LIMITED,SM012001,MAX LIFE PENSION FUND MANAGEMENT LIMITED SCHEME E - TIER I,12.1071
01/11/2024,PFM012,MAX LIFE PENSION FUND MANAGEMENT LIMITED,SM012001,MAX LIFE PENSION FUND MANAGEMENT LIMITED SCHEME E - TIER I,12.1462
01/15/2024,PFM012,MAX LIFE PENSION FUND MANAGEMENT LIMITED,SM012001,MAX LIFE PENSION FUND MANAGEMENT LIMITED SCHEME E - TIER I,12.3863
01/16/2024,PFM012,MAX LIFE PENSION FUND MANAGEMENT LIMITED,SM012001,MAX LIFE PENSION FUND MANAGEMENT LIMITED SCHEME E - TIER I,12.3406
01/17/2024,PFM012,MAX LIFE PENSION FUND MANAGEMENT LIMITED,SM012001,MAX LIFE PENSION FUND MANAGEMENT LIMITED SCHEME E - TIER I,12.1098
01/18/2024,PFM012,MAX LIFE PENSION FUND MANAGEMENT LIMITED,SM012001,MAX LIFE PENSION FUND MANAGEMENT LIMITED SCHEME E - TIER I,12.0672
01/19/2024,PFM012,MAX LIFE PENSION FUND MANAGEMENT LIMITED,SM012001,MAX LIFE PENSION FUND MANAGEMENT LIMITED SCHEME E - TIER I,12.1830
01/23/2024,PFM012,MAX LIFE PENSION FUND MANAGEMENT LIMITED,SM012001,MAX LIFE PENSION FUND MANAGEMENT LIMITED SCHEME E - TIER I,11.9473
01/24/2024,PFM012,MAX LIFE PENSION FUND MANAGEMENT LIMITED,SM012001,MAX LIFE PENSION FUND MANAGEMENT LIMITED SCHEME E - TIER I,12.0932
01/25/2024,PFM012,MAX LIFE PENSION FUND MANAGEMENT LIMITED,SM012001,MAX LIFE PENSION FUND MANAGEMENT LIMITED SCHEME E - TIER I,12.0575
01/29/2024,PFM012,MAX LIFE PENSION FUND MANAGEMENT LIMITED,SM012001,MAX LIFE PENSION FUND MANAGEMENT LIMITED SCHEME E - TIER I,12.3019
01/30/2024,PFM012,MAX LIFE PENSION FUND MANAGEMENT LIMITED,SM012001,MAX LIFE PENSION FUND MANAGEMENT LIMITED SCHEME E - TIER I,12.2134
01/31/2024,PFM012,MAX LIFE PENSION FUND MANAGEMENT LIMITED,SM012001,MAX LIFE PENSION FUND MANAGEMENT LIMITED SCHEME E - TIER I,12.3014
02/01/2024,PFM012,MAX LIFE PENSION FUND MANAGEMENT LIMITED,SM012001,MAX LIFE PENSION FUND MANAGEMENT LIMITED SCHEME E - TIER I,12.2623
02/02/2024,PFM012,MAX LIFE PENSION FUND MANAGEMENT LIMITED,SM012001,MAX LIFE PENSION FUND MANAGEMENT LIMITED SCHEME E - TIER I,12.3516
02/05/2024,PFM012,MAX LIFE PENSION FUND MANAGEMENT LIMITED,SM012001,MAX LIFE PENSION FUND MANAGEMENT LIMITED SCHEME E - TIER I,12.3332
02/06/2024,PFM012,MAX LIFE PENSION FUND MANAGEMENT LIMITED,SM012001,MAX LIFE PENSION FUND MANAGEMENT LIMITED SCHEME E - TIER I,12.4296
02/07/2024,PFM012,MAX LIFE PENSION FUND MANAGEMENT LIMITED,SM012001,MAX LIFE PENSION FUND MANAGEMENT LIMITED SCHEME E - TIER I,12.4157
02/08/2024,PFM012,MAX LIFE PENSION FUND MANAGEMENT LIMITED,SM012001,MAX LIFE PENSION FUND MANAGEMENT LIMITED SCHEME E - TIER I,12.3774
02/09/2024,PFM012,MAX LIFE PENSION FUND MANAGEMENT LIMITED,SM012001,MAX LIFE PENSION FUND MANAGEMENT LIMITED SCHEME E - TIER I,12.3740
02/12/2024,PFM012,MAX LIFE PENSION FUND MANAGEMENT LIMITED,SM012001,MAX LIFE PENSION FUND MANAGEMENT LIMITED SCHEME E - TIER I,12.2219
02/13/2024,PFM012,MAX LIFE PENSION FUND MANAGEMENT LIMITED,SM012001,MAX LIFE PENSION FUND MANAGEMENT LIMITED SCHEME E - TIER I,12.2924
02/14/2024,PFM012,MAX LIFE PENSION FUND MANAGEMENT LIMITED,SM012001,MAX LIFE PENSION FUND MANAGEMENT LIMITED SCHEME E - TIER I,12.4016
02/15/2024,PFM012,MAX LIFE PENSION FUND MANAGEMENT LIMITED,SM012001,MAX LIFE PENSION FUND MANAGEMENT LIMITED SCHEME E - TIER I,12.5017
02/16/2024,PFM012,MAX LIFE PENSION FUND MANAGEMENT LIMITED,SM012001,MAX LIFE PENSION FUND MANAGEMENT LIMITED SCHEME E - TIER I,12.5665
02/20/2024,PFM012,MAX LIFE PENSION FUND MANAGEMENT LIMITED,SM012001,MAX LIFE PENSION FUND MANAGEMENT LIMITED SCHEME E - TIER I,12.6516
02/21/2024,PFM012,MAX LIFE PENSION FUND MANAGEMENT LIMITED,SM012001,MAX LIFE PENSION FUND MANAGEMENT LIMITED SCHEME E - TIER I,12.5538
02/22/2024,PFM012,MAX LIFE PENSION FUND MANAGEMENT LIMITED,SM012001,MAX LIFE PENSION FUND MANAGEMENT LIMITED SCHEME E - TIER I,12.6541
02/23/2024,PFM012,MAX LIFE PENSION FUND MANAGEMENT LIMITED,SM012001,MAX LIFE PENSION FUND MANAGEMENT LIMITED SCHEME E - TIER I,12.6526
02/26/2024,PFM012,MAX LIFE PENSION FUND MANAGEMENT LIMITED,SM012001,MAX LIFE PENSION FUND MANAGEMENT LIMITED SCHEME E - TIER I,12.6083
02/27/2024,PFM012,MAX LIFE PENSION FUND MANAGEMENT LIMITED,SM012001,MAX LIFE PENSION FUND MANAGEMENT LIMITED SCHEME E - TIER I,12.6331
02/28/2024,PFM012,MAX LIFE PENSION FUND MANAGEMENT LIMITED,SM012001,MAX LIFE PENSION FUND MANAGEMENT LIMITED SCHEME E - TIER I,12.4968
02/29/2024,PFM012,MAX LIFE PENSION FUND MANAGEMENT LIMITED,SM012001,MAX LIFE PENSION FUND MANAGEMENT LIMITED SCHEME E - TIER I,12.5434
03/01/2024,PFM012,MAX LIFE PENSION FUND MANAGEMENT LIMITED,SM012001,MAX LIFE PENSION FUND MANAGEMENT LIMITED SCHEME E - TIER I,12.7302
03/04/2024,PFM012,MAX LIFE PENSION FUND MANAGEMENT LIMITED,SM012001,MAX LIFE PENSION FUND MANAGEMENT LIMITED SCHEME E - TIER I,12.8268
03/05/2024,PFM012,MAX LIFE PENSION FUND MANAGEMENT LIMITED,SM012001,MAX LIFE PENSION FUND MANAGEMENT LIMITED SCHEME E - TIER I,12.8225
03/06/2024,PFM012,MAX LIFE PENSION FUND MANAGEMENT LIMITED,SM012001,MAX LIFE PENSION FUND MANAGEMENT LIMITED SCHEME E - TIER I,12.8236
03/07/2024,PFM012,MAX LIFE PENSION FUND MANAGEMENT LIMITED,SM012001,MAX LIFE PENSION FUND MANAGEMENT LIMITED SCHEME E - TIER I,12.8633
03/11/2024,PFM012,MAX LIFE PENSION FUND MANAGEMENT LIMITED,SM012001,MAX LIFE PENSION FUND MANAGEMENT LIMITED SCHEME E - TIER I,12.7620
03/12/2024,PFM012,MAX LIFE PENSION FUND MANAGEMENT LIMITED,SM012001,MAX LIFE PENSION FUND MANAGEMENT LIMITED SCHEME E - TIER I,12.7272
03/13/2024,PFM012,MAX LIFE PENSION FUND MANAGEMENT LIMITED,SM012001,MAX LIFE PENSION FUND MANAGEMENT LIMITED SCHEME E - TIER I,12.4421
03/14/2024,PFM012,MAX LIFE PENSION FUND MANAGEMENT LIMITED,SM012001,MAX LIFE PENSION FUND MANAGEMENT LIMITED SCHEME E - TIER I,12.5586
03/15/2024,PFM012,MAX LIFE PENSION FUND MANAGEMENT LIMITED,SM012001,MAX LIFE PENSION FUND MANAGEMENT LIMITED SCHEME E - TIER I,12.4905
03/19/2024,PFM012,MAX LIFE PENSION FUND MANAGEMENT LIMITED,SM012001,MAX LIFE PENSION FUND MANAGEMENT LIMITED SCHEME E - TIER I,12.3519
03/20/2024,PFM012,MAX LIFE PENSION FUND MANAGEMENT LIMITED,SM012001,MAX LIFE PENSION FUND MANAGEMENT LIMITED SCHEME E - TIER I,12.3724
03/21/2024,PFM012,MAX LIFE PENSION FUND MANAGEMENT LIMITED,SM012001,MAX LIFE PENSION FUND MANAGEMENT LIMITED SCHEME E - TIER I,12.5221
03/22/2024,PFM012,MAX LIFE PENSION FUND MANAGEMENT LIMITED,SM012001,MAX LIFE PENSION FUND MANAGEMENT LIMITED SCHEME E - TIER I,12.5656
03/26/2024,PFM012,MAX LIFE PENSION FUND MANAGEMENT LIMITED,SM012001,MAX LIFE PENSION FUND MANAGEMENT LIMITED SCHEME E - TIER I,12.5465
03/27/2024,PFM012,MAX LIFE PENSION FUND MANAGEMENT LIMITED,SM012001,MAX LIFE PENSION FUND MANAGEMENT LIMITED SCHEME E - TIER I,12.5973
03/28/2024,PFM012,MAX LIFE PENSION FUND MANAGEMENT LIMITED,SM012001,MAX LIFE PENSION FUND MANAGEMENT LIMITED SCHEME E - TIER I,12.7115
03/31/2024,PFM012,MAX LIFE PENSION FUND MANAGEMENT LIMITED,SM012001,MAX LIFE PENSION FUND MANAGEMENT LIMITED SCHEME E - TIER I,12.7117
04/02/2024,PFM012,MAX LIFE PENSION FUND MANAGEMENT LIMITED,SM012001,MAX LIFE PENSION FUND MANAGEMENT LIMITED SCHEME E - TIER I,12.8638
04/03/2024,PFM012,MAX LIFE PENSION FUND MANAGEMENT LIMITED,SM012001,MAX LIFE PENSION FUND MANAGEMENT LIMITED SCHEME E - TIER I,12.8791
04/04/2024,PFM012,MAX LIFE PENSION FUND MANAGEMENT LIMITED,SM012001,MAX LIFE PENSION FUND MANAGEMENT LIMITED SCHEME E - TIER I,12.9096
04/05/2024,PFM012,MAX LIFE PENSION FUND MANAGEMENT LIMITED,SM012001,MAX LIFE PENSION FUND MANAGEMENT LIMITED SCHEME E - TIER I,12.9165
04/08/2024,PFM012,MAX LIFE PENSION FUND MANAGEMENT LIMITED,SM012001,MAX LIFE PENSION FUND MANAGEMENT LIMITED SCHEME E - TIER I,13.0113
04/10/2024,PFM012,MAX LIFE PENSION FUND MANAGEMENT LIMITED,SM012001,MAX LIFE PENSION FUND MANAGEMENT LIMITED SCHEME E - TIER I,13.0512
04/12/2024,PFM012,MAX LIFE PENSION FUND MANAGEMENT LIMITED,SM012001,MAX LIFE PENSION FUND MANAGEMENT LIMITED SCHEME E - TIER I,12.9337
04/15/2024,PFM012,MAX LIFE PENSION FUND MANAGEMENT LIMITED,SM012001,MAX LIFE PENSION FUND MANAGEMENT LIMITED SCHEME E - TIER I,12.8107
04/16/2024,PFM012,MAX LIFE PENSION FUND MANAGEMENT LIMITED,SM012001,MAX LIFE PENSION FUND MANAGEMENT LIMITED SCHEME E - TIER I,12.7758
04/18/2024,PFM012,MAX LIFE PENSION FUND MANAGEMENT LIMITED,SM012001,MAX LIFE PENSION FUND MANAGEMENT LIMITED SCHEME E - TIER I,12.6989
04/19/2024,PFM012,MAX LIFE PENSION FUND MANAGEMENT LIMITED,SM012001,MAX LIFE PENSION FUND MANAGEMENT LIMITED SCHEME E - TIER I,12.7789
04/22/2024,PFM012,MAX LIFE PENSION FUND MANAGEMENT LIMITED,SM012001,MAX LIFE PENSION FUND MANAGEMENT LIMITED SCHEME E - TIER I,12.8760
04/23/2024,PFM012,MAX LIFE PENSION FUND MANAGEMENT LIMITED,SM012001,MAX LIFE PENSION FUND MANAGEMENT LIMITED SCHEME E - TIER I,12.9117
04/24/2024,PFM012,MAX LIFE PENSION FUND MANAGEMENT LIMITED,SM012001,MAX LIFE PENSION FUND MANAGEMENT LIMITED SCHEME E - TIER I,12.9589
04/25/2024,PFM012,MAX LIFE PENSION FUND MANAGEMENT LIMITED,SM012001,MAX LIFE PENSION FUND MANAGEMENT LIMITED SCHEME E - TIER I,13.0375
04/26/2024,PFM012,MAX LIFE PENSION FUND MANAGEMENT LIMITED,SM012001,MAX LIFE PENSION FUND MANAGEMENT LIMITED SCHEME E - TIER I,13.0179
04/29/2024,PFM012,MAX LIFE PENSION FUND MANAGEMENT LIMITED,SM012001,MAX LIFE PENSION FUND MANAGEMENT LIMITED SCHEME E - TIER I,13.1367
04/30/2024,PFM012,MAX LIFE PENSION FUND MANAGEMENT LIMITED,SM012001,MAX LIFE PENSION FUND MANAGEMENT LIMITED SCHEME E - TIER I,13.1305
05/02/2024,PFM012,MAX LIFE PENSION FUND MANAGEMENT LIMITED,SM012001,MAX LIFE PENSION FUND MANAGEMENT LIMITED SCHEME E - TIER I,13.1676
05/03/2024,PFM012,MAX LIFE PENSION FUND MANAGEMENT LIMITED,SM012001,MAX LIFE PENSION FUND MANAGEMENT LIMITED SCHEME E - TIER I,13.0949
05/06/2024,PFM012,MAX LIFE PENSION FUND MANAGEMENT LIMITED,SM012001,MAX LIFE PENSION FUND MANAGEMENT LIMITED SCHEME E - TIER I,13.0295
05/07/2024,PFM012,MAX LIFE PENSION FUND MANAGEMENT LIMITED,SM012001,MAX LIFE PENSION FUND MANAGEMENT LIMITED SCHEME E - TIER I,12.9160
05/08/2024,PFM012,MAX LIFE PENSION FUND MANAGEMENT LIMITED,SM012001,MAX LIFE PENSION FUND MANAGEMENT LIMITED SCHEME E - TIER I,12.9644
05/09/2024,PFM012,MAX LIFE PENSION FUND MANAGEMENT LIMITED,SM012001,MAX LIFE PENSION FUND MANAGEMENT LIMITED SCHEME E - TIER I,12.7328
05/10/2024,PFM012,MAX LIFE PENSION FUND MANAGEMENT LIMITED,SM012001,MAX LIFE PENSION FUND MANAGEMENT LIMITED SCHEME E - TIER I,12.8218
05/13/2024,PFM012,MAX LIFE PENSION FUND MANAGEMENT LIMITED,SM012001,MAX LIFE PENSION FUND MANAGEMENT LIMITED SCHEME E - TIER I,12.8511
05/14/2024,PFM012,MAX LIFE PENSION FUND MANAGEMENT LIMITED,SM012001,MAX LIFE PENSION FUND MANAGEMENT LIMITED SCHEME E - TIER I,12.9593
05/15/2024,PFM012,MAX LIFE PENSION FUND MANAGEMENT LIMITED,SM012001,MAX LIFE PENSION FUND MANAGEMENT LIMITED SCHEME E - TIER I,12.9814
05/16/2024,PFM012,MAX LIFE PENSION FUND MANAGEMENT LIMITED,SM012001,MAX LIFE PENSION FUND MANAGEMENT LIMITED SCHEME E - TIER I,13.0830
05/17/2024,PFM012,MAX LIFE PENSION FUND MANAGEMENT LIMITED,SM012001,MAX LIFE PENSION FUND MANAGEMENT LIMITED SCHEME E - TIER I,13.1716
05/21/2024,PFM012,MAX LIFE PENSION FUND MANAGEMENT LIMITED,SM012001,MAX LIFE PENSION FUND MANAGEMENT LIMITED SCHEME E - TIER I,13.2484
05/22/2024,PFM012,MAX LIFE PENSION FUND MANAGEMENT LIMITED,SM012001,MAX LIFE PENSION FUND MANAGEMENT LIMITED SCHEME E - TIER I,13.2794
05/24/2024,PFM012,MAX LIFE PENSION FUND MANAGEMENT LIMITED,SM012001,MAX LIFE PENSION FUND MANAGEMENT LIMITED SCHEME E - TIER I,13.4393
05/27/2024,PFM012,MAX LIFE PENSION FUND MANAGEMENT LIMITED,SM012001,MAX LIFE PENSION FUND MANAGEMENT LIMITED SCHEME E - TIER I,13.4524
05/28/2024,PFM012,MAX LIFE PENSION FUND MANAGEMENT LIMITED,SM012001,MAX LIFE PENSION FUND MANAGEMENT LIMITED SCHEME E - TIER I,13.3932
05/29/2024,PFM012,MAX LIFE PENSION FUND MANAGEMENT LIMITED,SM012001,MAX LIFE PENSION FUND MANAGEMENT LIMITED SCHEME E - TIER I,13.3234
05/30/2024,PFM012,MAX LIFE PENSION FUND MANAGEMENT LIMITED,SM012001,MAX LIFE PENSION FUND MANAGEMENT LIMITED SCHEME E - TIER I,13.1933
05/31/2024,PFM012,MAX LIFE PENSION FUND MANAGEMENT LIMITED,SM012001,MAX LIFE PENSION FUND MANAGEMENT LIMITED SCHEME E - TIER I,13.2349
06/03/2024,PFM012,MAX LIFE PENSION FUND MANAGEMENT LIMITED,SM012001,MAX LIFE PENSION FUND MANAGEMENT LIMITED SCHEME E - TIER I,13.6732
06/04/2024,PFM012,MAX LIFE PENSION FUND MANAGEMENT LIMITED,SM012001,MAX LIFE PENSION FUND MANAGEMENT LIMITED SCHEME E - TIER I,12.7317
06/05/2024,PFM012,MAX LIFE PENSION FUND MANAGEMENT LIMITED,SM012001,MAX LIFE PENSION FUND MANAGEMENT LIMITED SCHEME E - TIER I,13.1632
06/06/2024,PFM012,MAX LIFE PENSION FUND MANAGEMENT LIMITED,SM012001,MAX LIFE PENSION FUND MANAGEMENT LIMITED SCHEME E - TIER I,13.3750
06/07/2024,PFM012,MAX LIFE PENSION FUND MANAGEMENT LIMITED,SM012001,MAX LIFE PENSION FUND MANAGEMENT LIMITED SCHEME E - TIER I,13.6252
06/10/2024,PFM012,MAX LIFE PENSION FUND MANAGEMENT LIMITED,SM012001,MAX LIFE PENSION FUND MANAGEMENT LIMITED SCHEME E - TIER I,13.6154
06/11/2024,PFM012,MAX LIFE PENSION FUND MANAGEMENT LIMITED,SM012001,MAX LIFE PENSION FUND MANAGEMENT LIMITED SCHEME E - TIER I,13.6503
06/12/2024,PFM012,MAX LIFE PENSION FUND MANAGEMENT LIMITED,SM012001,MAX LIFE PENSION FUND MANAGEMENT LIMITED SCHEME E - TIER I,13.7104
06/13/2024,PFM012,MAX LIFE PENSION FUND MANAGEMENT LIMITED,SM012001,MAX LIFE PENSION FUND MANAGEMENT LIMITED SCHEME E - TIER I,13.7697
06/14/2024,PFM012,MAX LIFE PENSION FUND MANAGEMENT LIMITED,SM012001,MAX LIFE PENSION FUND MANAGEMENT LIMITED SCHEME E - TIER I,13.8397
06/18/2024,PFM012,MAX LIFE PENSION FUND MANAGEMENT LIMITED,SM012001,MAX LIFE PENSION FUND MANAGEMENT LIMITED SCHEME E - TIER I,13.8984
06/19/2024,PFM012,MAX LIFE PENSION FUND MANAGEMENT LIMITED,SM012001,MAX LIFE PENSION FUND MANAGEMENT LIMITED SCHEME E - TIER I,13.8421
06/20/2024,PFM012,MAX LIFE PENSION FUND MANAGEMENT LIMITED,SM012001,MAX LIFE PENSION FUND MANAGEMENT LIMITED SCHEME E - TIER I,13.8751
06/21/2024,PFM012,MAX LIFE PENSION FUND MANAGEMENT LIMITED,SM012001,MAX LIFE PENSION FUND MANAGEMENT LIMITED SCHEME E - TIER I,13.8762
06/24/2024,PFM012,MAX LIFE PENSION FUND MANAGEMENT LIMITED,SM012001,MAX LIFE PENSION FUND MANAGEMENT LIMITED SCHEME E - TIER I,13.9071
06/25/2024,PFM012,MAX LIFE PENSION FUND MANAGEMENT LIMITED,SM012001,MAX LIFE PENSION FUND MANAGEMENT LIMITED SCHEME E - TIER I,13.9746
06/26/2024,PFM012,MAX LIFE PENSION FUND MANAGEMENT LIMITED,SM012001,MAX LIFE PENSION FUND MANAGEMENT LIMITED SCHEME E - TIER I,14.0464
06/27/2024,PFM012,MAX LIFE PENSION FUND MANAGEMENT LIMITED,SM012001,MAX LIFE PENSION FUND MANAGEMENT LIMITED SCHEME E - TIER I,14.1393
06/28/2024,PFM012,MAX LIFE PENSION FUND MANAGEMENT LIMITED,SM012001,MAX LIFE PENSION FUND MANAGEMENT LIMITED SCHEME E - TIER I,14.1444
07/01/2024,PFM012,MAX LIFE PENSION FUND MANAGEMENT LIMITED,SM012001,MAX LIFE PENSION FUND MANAGEMENT LIMITED SCHEME E - TIER I,14.2632
07/02/2024,PFM012,MAX LIFE PENSION FUND MANAGEMENT LIMITED,SM012001,MAX LIFE PENSION FUND MANAGEMENT LIMITED SCHEME E - TIER I,14.2315
07/03/2024,PFM012,MAX LIFE PENSION FUND MANAGEMENT LIMITED,SM012001,MAX LIFE PENSION FUND MANAGEMENT LIMITED SCHEME E - TIER I,14.3403
07/04/2024,PFM012,MAX LIFE PENSION FUND MANAGEMENT LIMITED,SM012001,MAX LIFE PENSION FUND MANAGEMENT LIMITED SCHEME E - TIER I,14.3448
07/05/2024,PFM012,MAX LIFE PENSION FUND MANAGEMENT LIMITED,SM012001,MAX LIFE PENSION FUND MANAGEMENT LIMITED SCHEME E - TIER I,14.3967
07/08/2024,PFM012,MAX LIFE PENSION FUND MANAGEMENT LIMITED,SM012001,MAX LIFE PENSION FUND MANAGEMENT LIMITED SCHEME E - TIER I,14.3986
07/09/2024,PFM012,MAX LIFE PENSION FUND MANAGEMENT LIMITED,SM012001,MAX LIFE PENSION FUND MANAGEMENT LIMITED SCHEME E - TIER I,14.4467
07/10/2024,PFM012,MAX LIFE PENSION FUND MANAGEMENT LIMITED,SM012001,MAX LIFE PENSION FUND MANAGEMENT LIMITED SCHEME E - TIER I,14.4151
07/11/2024,PFM012,MAX LIFE PENSION FUND MANAGEMENT LIMITED,SM012001,MAX LIFE PENSION FUND MANAGEMENT LIMITED SCHEME E - TIER I,14.4258
07/12/2024,PFM012,MAX LIFE PENSION FUND MANAGEMENT LIMITED,SM012001,MAX LIFE PENSION FUND MANAGEMENT LIMITED SCHEME E - TIER I,14.4968
07/15/2024,PFM012,MAX LIFE PENSION FUND MANAGEMENT LIMITED,SM012001,MAX LIFE PENSION FUND MANAGEMENT LIMITED SCHEME E - TIER I,14.5526
07/18/2024,PFM012,MAX LIFE PENSION FUND MANAGEMENT LIMITED,SM012001,MAX LIFE PENSION FUND MANAGEMENT LIMITED SCHEME E - TIER I,14.6198
07/19/2024,PFM012,MAX LIFE PENSION FUND MANAGEMENT LIMITED,SM012001,MAX LIFE PENSION FUND MANAGEMENT LIMITED SCHEME E - TIER I,14.3986
07/22/2024,PFM012,MAX LIFE PENSION FUND MANAGEMENT LIMITED,SM012001,MAX LIFE PENSION FUND MANAGEMENT LIMITED SCHEME E - TIER I,14.4549
07/23/2024,PFM012,MAX LIFE PENSION FUND MANAGEMENT LIMITED,SM012001,MAX LIFE PENSION FUND MANAGEMENT LIMITED SCHEME E - TIER I,14.4391
07/24/2024,PFM012,MAX LIFE PENSION FUND MANAGEMENT LIMITED,SM012001,MAX LIFE PENSION FUND MANAGEMENT LIMITED SCHEME E - TIER I,14.4665
07/26/2024,PFM012,MAX LIFE PENSION FUND MANAGEMENT LIMITED,SM012001,MAX LIFE PENSION FUND MANAGEMENT LIMITED SCHEME E - TIER I,14.7156
07/29/2024,PFM012,MAX LIFE PENSION FUND MANAGEMENT LIMITED,SM012001,MAX LIFE PENSION FUND MANAGEMENT LIMITED SCHEME E - TIER I,14.7233
07/30/2024,PFM012,MAX LIFE PENSION FUND MANAGEMENT LIMITED,SM012001,MAX LIFE PENSION FUND MANAGEMENT LIMITED SCHEME E - TIER I,14.7441
07/31/2024,PFM012,MAX LIFE PENSION FUND MANAGEMENT LIMITED,SM012001,MAX LIFE PENSION FUND MANAGEMENT LIMITED SCHEME E - TIER I,14.7825
08/01/2024,PFM012,MAX LIFE PENSION FUND MANAGEMENT LIMITED,SM012001,MAX LIFE PENSION FUND MANAGEMENT LIMITED SCHEME E - TIER I,14.7923
08/02/2024,PFM012,MAX LIFE PENSION FUND MANAGEMENT LIMITED,SM012001,MAX LIFE PENSION FUND MANAGEMENT LIMITED SCHEME E - TIER I,14.6556
08/05/2024,PFM012,MAX LIFE PENSION FUND MANAGEMENT LIMITED,SM012001,MAX LIFE PENSION FUND MANAGEMENT LIMITED SCHEME E - TIER I,14.2434
08/06/2024,PFM012,MAX LIFE PENSION FUND MANAGEMENT LIMITED,SM012001,MAX LIFE PENSION FUND MANAGEMENT LIMITED SCHEME E - TIER I,14.1874
08/07/2024,PFM012,MAX LIFE PENSION FUND MANAGEMENT LIMITED,SM012001,MAX LIFE PENSION FUND MANAGEMENT LIMITED SCHEME E - TIER I,14.3993
08/08/2024,PFM012,MAX LIFE PENSION FUND MANAGEMENT LIMITED,SM012001,MAX LIFE PENSION FUND MANAGEMENT LIMITED SCHEME E - TIER I,14.2779
08/09/2024,PFM012,MAX LIFE PENSION FUND MANAGEMENT LIMITED,SM012001,MAX LIFE PENSION FUND MANAGEMENT LIMITED SCHEME E - TIER I,14.4396
08/12/2024,PFM012,MAX LIFE PENSION FUND MANAGEMENT LIMITED,SM012001,MAX LIFE PENSION FUND MANAGEMENT LIMITED SCHEME E - TIER I,14.4085
08/13/2024,PFM012,MAX LIFE PENSION FUND MANAGEMENT LIMITED,SM012001,MAX LIFE PENSION FUND MANAGEMENT LIMITED SCHEME E - TIER I,14.2562
08/14/2024,PFM012,MAX LIFE PENSION FUND MANAGEMENT LIMITED,SM012001,MAX LIFE PENSION FUND MANAGEMENT LIMITED SCHEME E - TIER I,14.2449
08/16/2024,PFM012,MAX LIFE PENSION FUND MANAGEMENT LIMITED,SM012001,MAX LIFE PENSION FUND MANAGEMENT LIMITED SCHEME E - TIER I,14.5048
08/19/2024,PFM012,MAX LIFE PENSION FUND MANAGEMENT LIMITED,SM012001,MAX LIFE PENSION FUND MANAGEMENT LIMITED SCHEME E - TIER I,14.5409
08/20/2024,PFM012,MAX LIFE PENSION FUND MANAGEMENT LIMITED,SM012001,MAX LIFE PENSION FUND MANAGEMENT LIMITED SCHEME E - TIER I,14.6228
08/21/2024,PFM012,MAX LIFE PENSION FUND MANAGEMENT LIMITED,SM012001,MAX LIFE PENSION FUND MANAGEMENT LIMITED SCHEME E - TIER I,14.6706
08/22/2024,PFM012,MAX LIFE PENSION FUND MANAGEMENT LIMITED,SM012001,MAX LIFE PENSION FUND MANAGEMENT LIMITED SCHEME E - TIER I,14.7026
08/23/2024,PFM012,MAX LIFE PENSION FUND MANAGEMENT LIMITED,SM012001,MAX LIFE PENSION FUND MANAGEMENT LIMITED SCHEME E - TIER I,14.7058
08/26/2024,PFM012,MAX LIFE PENSION FUND MANAGEMENT LIMITED,SM012001,MAX LIFE PENSION FUND MANAGEMENT LIMITED SCHEME E - TIER I,14.8011
08/27/2024,PFM012,MAX LIFE PENSION FUND MANAGEMENT LIMITED,SM012001,MAX LIFE PENSION FUND MANAGEMENT LIMITED SCHEME E - TIER I,14.8197
08/28/2024,PFM012,MAX LIFE PENSION FUND MANAGEMENT LIMITED,SM012001,MAX LIFE PENSION FUND MANAGEMENT LIMITED SCHEME E - TIER I,14.8290
08/29/2024,PFM012,MAX LIFE PENSION FUND MANAGEMENT LIMITED,SM012001,MAX LIFE PENSION FUND MANAGEMENT LIMITED SCHEME E - TIER I,14.8426
08/30/2024,PFM012,MAX LIFE PENSION FUND MANAGEMENT LIMITED,SM012001,MAX LIFE PENSION FUND MANAGEMENT LIMITED SCHEME E - TIER I,14.8854
09/02/2024,PFM012,MAX LIFE PENSION FUND MANAGEMENT LIMITED,SM012001,MAX LIFE PENSION FUND MANAGEMENT LIMITED SCHEME E - TIER I,14.8688
09/03/2024,PFM012,MAX LIFE PENSION FUND MANAGEMENT LIMITED,SM012001,MAX LIFE PENSION FUND MANAGEMENT LIMITED SCHEME E - TIER I,14.8651
09/04/2024,PFM012,MAX LIFE PENSION FUND MANAGEMENT LIMITED,SM012001,MAX LIFE PENSION FUND MANAGEMENT LIMITED SCHEME E - TIER I,14.8265
09/06/2024,PFM012,MAX LIFE PENSION FUND MANAGEMENT LIMITED,SM012001,MAX LIFE PENSION FUND MANAGEMENT LIMITED SCHEME E - TIER I,14.6493
09/09/2024,PFM012,MAX LIFE PENSION FUND MANAGEMENT LIMITED,SM012001,MAX LIFE PENSION FUND MANAGEMENT LIMITED SCHEME E - TIER I,14.6572
09/10/2024,PFM012,MAX LIFE PENSION FUND MANAGEMENT LIMITED,SM012001,MAX LIFE PENSION FUND MANAGEMENT LIMITED SCHEME E - TIER I,14.7329
09/11/2024,PFM012,MAX LIFE PENSION FUND MANAGEMENT LIMITED,SM012001,MAX LIFE PENSION FUND MANAGEMENT LIMITED SCHEME E - TIER I,14.6604
09/12/2024,PFM012,MAX LIFE PENSION FUND MANAGEMENT LIMITED,SM012001,MAX LIFE PENSION FUND MANAGEMENT LIMITED SCHEME E - TIER I,14.9095
09/13/2024,PFM012,MAX LIFE PENSION FUND MANAGEMENT LIMITED,SM012001,MAX LIFE PENSION FUND MANAGEMENT LIMITED SCHEME E - TIER I,14.9109
09/16/2024,PFM012,MAX LIFE PENSION FUND MANAGEMENT LIMITED,SM012001,MAX LIFE PENSION FUND MANAGEMENT LIMITED SCHEME E - TIER I,14.9176
09/17/2024,PFM012,MAX LIFE PENSION FUND MANAGEMENT LIMITED,SM012001,MAX LIFE PENSION FUND MANAGEMENT LIMITED SCHEME E - TIER I,14.9317
09/19/2024,PFM012,MAX LIFE PENSION FUND MANAGEMENT LIMITED,SM012001,MAX LIFE PENSION FUND MANAGEMENT LIMITED SCHEME E - TIER I,14.9027
09/20/2024,PFM012,MAX LIFE PENSION FUND MANAGEMENT LIMITED,SM012001,MAX LIFE PENSION FUND MANAGEMENT LIMITED SCHEME E - TIER I,15.1095
09/23/2024,PFM012,MAX LIFE PENSION FUND MANAGEMENT LIMITED,SM012001,MAX LIFE PENSION FUND MANAGEMENT LIMITED SCHEME E - TIER I,15.2381
09/24/2024,PFM012,MAX LIFE PENSION FUND MANAGEMENT LIMITED,SM012001,MAX LIFE PENSION FUND MANAGEMENT LIMITED SCHEME E - TIER I,15.2534
09/25/2024,PFM012,MAX LIFE PENSION FUND MANAGEMENT LIMITED,SM012001,MAX LIFE PENSION FUND MANAGEMENT LIMITED SCHEME E - TIER I,15.2453
09/26/2024,PFM012,MAX LIFE PENSION FUND MANAGEMENT LIMITED,SM012001,MAX LIFE PENSION FUND MANAGEMENT LIMITED SCHEME E - TIER I,15.3503
09/27/2024,PFM012,MAX LIFE PENSION FUND MANAGEMENT LIMITED,SM012001,MAX LIFE PENSION FUND MANAGEMENT LIMITED SCHEME E - TIER I,15.3646
09/30/2024,PFM012,MAX LIFE PENSION FUND MANAGEMENT LIMITED,SM012001,MAX LIFE PENSION FUND MANAGEMENT LIMITED SCHEME E - TIER I,15.2033
10/01/2024,PFM012,MAX LIFE PENSION FUND MANAGEMENT LIMITED,SM012001,MAX LIFE PENSION FUND MANAGEMENT LIMITED SCHEME E - TIER I,15.2044
10/03/2024,PFM012,MAX LIFE PENSION FUND MANAGEMENT LIMITED,SM012001,MAX LIFE PENSION FUND MANAGEMENT LIMITED SCHEME E - TIER I,14.8715
10/04/2024,PFM012,MAX LIFE PENSION FUND MANAGEMENT LIMITED,SM012001,MAX LIFE PENSION FUND MANAGEMENT LIMITED SCHEME E - TIER I,14.7225
10/07/2024,PFM012,MAX LIFE PENSION FUND MANAGEMENT LIMITED,SM012001,MAX LIFE PENSION FUND MANAGEMENT LIMITED SCHEME E - TIER I,14.5351
10/08/2024,PFM012,MAX LIFE PENSION FUND MANAGEMENT LIMITED,SM012001,MAX LIFE PENSION FUND MANAGEMENT LIMITED SCHEME E - TIER I,14.7073
10/09/2024,PFM012,MAX LIFE PENSION FUND MANAGEMENT LIMITED,SM012001,MAX LIFE PENSION FUND MANAGEMENT LIMITED SCHEME E - TIER I,14.7286
10/10/2024,PFM012,MAX LIFE PENSION FUND MANAGEMENT LIMITED,SM012001,MAX LIFE PENSION FUND MANAGEMENT LIMITED SCHEME E - TIER I,14.7394
10/11/2024,PFM012,MAX LIFE PENSION FUND MANAGEMENT LIMITED,SM012001,MAX LIFE PENSION FUND MANAGEMENT LIMITED SCHEME E - TIER I,14.7471
