10/11/2016,PFM001,SBI PENSION FUNDS PRIVATE LIMITED,SM001012,SBI PENSION FUND SCHEME A - TIER I,10
10/12/2016,PFM001,SBI PENSION FUNDS PRIVATE LIMITED,SM001012,SBI PENSION FUND SCHEME A - TIER I,10
10/15/2016,PFM001,SBI PENSION FUNDS PRIVATE LIMITED,SM001012,SBI PENSION FUND SCHEME A - TIER I,10
10/16/2016,PFM001,SBI PENSION FUNDS PRIVATE LIMITED,SM001012,SBI PENSION FUND SCHEME A - TIER I,10
10/22/2016,PFM001,SBI PENSION FUNDS PRIVATE LIMITED,SM001012,SBI PENSION FUND SCHEME A - TIER I,10
10/23/2016,PFM001,SBI PENSION FUNDS PRIVATE LIMITED,SM001012,SBI PENSION FUND SCHEME A - TIER I,10
10/29/2016,PFM001,SBI PENSION FUNDS PRIVATE LIMITED,SM001012,SBI PENSION FUND SCHEME A - TIER I,10.0125
10/30/2016,PFM001,SBI PENSION FUNDS PRIVATE LIMITED,SM001012,SBI PENSION FUND SCHEME A - TIER I,10.0125
10/31/2016,PFM001,SBI PENSION FUNDS PRIVATE LIMITED,SM001012,SBI PENSION FUND SCHEME A - TIER I,10.0125
11/04/2016,PFM001,SBI PENSION FUNDS PRIVATE LIMITED,SM001012,SBI PENSION FUND SCHEME A - TIER I,10.0248
11/05/2016,PFM001,SBI PENSION FUNDS PRIVATE LIMITED,SM001012,SBI PENSION FUND SCHEME A - TIER I,10.0248
11/06/2016,PFM001,SBI PENSION FUNDS PRIVATE LIMITED,SM001012,SBI PENSION FUND SCHEME A - TIER I,10.0248
11/09/2016,PFM001,SBI PENSION FUNDS PRIVATE LIMITED,SM001012,SBI PENSION FUND SCHEME A - TIER I,10.0331
11/12/2016,PFM001,SBI PENSION FUNDS PRIVATE LIMITED,SM001012,SBI PENSION FUND SCHEME A - TIER I,10.037
11/13/2016,PFM001,SBI PENSION FUNDS PRIVATE LIMITED,SM001012,SBI PENSION FUND SCHEME A - TIER I,10.037
11/14/2016,PFM001,SBI PENSION FUNDS PRIVATE LIMITED,SM001012,SBI PENSION FUND SCHEME A - TIER I,10.037
11/19/2016,PFM001,SBI PENSION FUNDS PRIVATE LIMITED,SM001012,SBI PENSION FUND SCHEME A - TIER I,10.0503
11/20/2016,PFM001,SBI PENSION FUNDS PRIVATE LIMITED,SM001012,SBI PENSION FUND SCHEME A - TIER I,10.0503
11/26/2016,PFM001,SBI PENSION FUNDS PRIVATE LIMITED,SM001012,SBI PENSION FUND SCHEME A - TIER I,10.0639
11/27/2016,PFM001,SBI PENSION FUNDS PRIVATE LIMITED,SM001012,SBI PENSION FUND SCHEME A - TIER I,10.0639
12/03/2016,PFM001,SBI PENSION FUNDS PRIVATE LIMITED,SM001012,SBI PENSION FUND SCHEME A - TIER I,10.0766
12/04/2016,PFM001,SBI PENSION FUNDS PRIVATE LIMITED,SM001012,SBI PENSION FUND SCHEME A - TIER I,10.0766
12/10/2016,PFM001,SBI PENSION FUNDS PRIVATE LIMITED,SM001012,SBI PENSION FUND SCHEME A - TIER I,10.0875
12/11/2016,PFM001,SBI PENSION FUNDS PRIVATE LIMITED,SM001012,SBI PENSION FUND SCHEME A - TIER I,10.0875
12/12/2016,PFM001,SBI PENSION FUNDS PRIVATE LIMITED,SM001012,SBI PENSION FUND SCHEME A - TIER I,10.0875
12/17/2016,PFM001,SBI PENSION FUNDS PRIVATE LIMITED,SM001012,SBI PENSION FUND SCHEME A - TIER I,10.1
12/18/2016,PFM001,SBI PENSION FUNDS PRIVATE LIMITED,SM001012,SBI PENSION FUND SCHEME A - TIER I,10.1
12/24/2016,PFM001,SBI PENSION FUNDS PRIVATE LIMITED,SM001012,SBI PENSION FUND SCHEME A - TIER I,10.1124
12/25/2016,PFM001,SBI PENSION FUNDS PRIVATE LIMITED,SM001012,SBI PENSION FUND SCHEME A - TIER I,10.1124
12/31/2016,PFM001,SBI PENSION FUNDS PRIVATE LIMITED,SM001012,SBI PENSION FUND SCHEME A - TIER I,10.1249
01/01/2017,PFM001,SBI PENSION FUNDS PRIVATE LIMITED,SM001012,SBI PENSION FUND SCHEME A - TIER I,10.1249
01/07/2017,PFM001,SBI PENSION FUNDS PRIVATE LIMITED,SM001012,SBI PENSION FUND SCHEME A - TIER I,10.1379
01/08/2017,PFM001,SBI PENSION FUNDS PRIVATE LIMITED,SM001012,SBI PENSION FUND SCHEME A - TIER I,10.1379
01/14/2017,PFM001,SBI PENSION FUNDS PRIVATE LIMITED,SM001012,SBI PENSION FUND SCHEME A - TIER I,10.1507
01/15/2017,PFM001,SBI PENSION FUNDS PRIVATE LIMITED,SM001012,SBI PENSION FUND SCHEME A - TIER I,10.1507
01/21/2017,PFM001,SBI PENSION FUNDS PRIVATE LIMITED,SM001012,SBI PENSION FUND SCHEME A - TIER I,10.1635
01/22/2017,PFM001,SBI PENSION FUNDS PRIVATE LIMITED,SM001012,SBI PENSION FUND SCHEME A - TIER I,10.1635
01/26/2017,PFM001,SBI PENSION FUNDS PRIVATE LIMITED,SM001012,SBI PENSION FUND SCHEME A - TIER I,10.1728
01/28/2017,PFM001,SBI PENSION FUNDS PRIVATE LIMITED,SM001012,SBI PENSION FUND SCHEME A - TIER I,10.1765
01/29/2017,PFM001,SBI PENSION FUNDS PRIVATE LIMITED,SM001012,SBI PENSION FUND SCHEME A - TIER I,10.1765
02/04/2017,PFM001,SBI PENSION FUNDS PRIVATE LIMITED,SM001012,SBI PENSION FUND SCHEME A - TIER I,10.1896
02/05/2017,PFM001,SBI PENSION FUNDS PRIVATE LIMITED,SM001012,SBI PENSION FUND SCHEME A - TIER I,10.1896
02/11/2017,PFM001,SBI PENSION FUNDS PRIVATE LIMITED,SM001012,SBI PENSION FUND SCHEME A - TIER I,10.2023
02/12/2017,PFM001,SBI PENSION FUNDS PRIVATE LIMITED,SM001012,SBI PENSION FUND SCHEME A - TIER I,10.2023
02/18/2017,PFM001,SBI PENSION FUNDS PRIVATE LIMITED,SM001012,SBI PENSION FUND SCHEME A - TIER I,10.2154
02/19/2017,PFM001,SBI PENSION FUNDS PRIVATE LIMITED,SM001012,SBI PENSION FUND SCHEME A - TIER I,10.2154
02/21/2017,PFM001,SBI PENSION FUNDS PRIVATE LIMITED,SM001012,SBI PENSION FUND SCHEME A - TIER I,10.2211
02/24/2017,PFM001,SBI PENSION FUNDS PRIVATE LIMITED,SM001012,SBI PENSION FUND SCHEME A - TIER I,10.2267
02/25/2017,PFM001,SBI PENSION FUNDS PRIVATE LIMITED,SM001012,SBI PENSION FUND SCHEME A - TIER I,10.2267
02/26/2017,PFM001,SBI PENSION FUNDS PRIVATE LIMITED,SM001012,SBI PENSION FUND SCHEME A - TIER I,10.2267
03/04/2017,PFM001,SBI PENSION FUNDS PRIVATE LIMITED,SM001012,SBI PENSION FUND SCHEME A - TIER I,10.2416
03/05/2017,PFM001,SBI PENSION FUNDS PRIVATE LIMITED,SM001012,SBI PENSION FUND SCHEME A - TIER I,10.2416
03/11/2017,PFM001,SBI PENSION FUNDS PRIVATE LIMITED,SM001012,SBI PENSION FUND SCHEME A - TIER I,10.2545
03/12/2017,PFM001,SBI PENSION FUNDS PRIVATE LIMITED,SM001012,SBI PENSION FUND SCHEME A - TIER I,10.2545
03/13/2017,PFM001,SBI PENSION FUNDS PRIVATE LIMITED,SM001012,SBI PENSION FUND SCHEME A - TIER I,10.2545
03/18/2017,PFM001,SBI PENSION FUNDS PRIVATE LIMITED,SM001012,SBI PENSION FUND SCHEME A - TIER I,10.2677
03/19/2017,PFM001,SBI PENSION FUNDS PRIVATE LIMITED,SM001012,SBI PENSION FUND SCHEME A - TIER I,10.2677
03/25/2017,PFM001,SBI PENSION FUNDS PRIVATE LIMITED,SM001012,SBI PENSION FUND SCHEME A - TIER I,10.2814
03/26/2017,PFM001,SBI PENSION FUNDS PRIVATE LIMITED,SM001012,SBI PENSION FUND SCHEME A - TIER I,10.2814
03/28/2017,PFM001,SBI PENSION FUNDS PRIVATE LIMITED,SM001012,SBI PENSION FUND SCHEME A - TIER I,10.2871
04/01/2017,PFM001,SBI PENSION FUNDS PRIVATE LIMITED,SM001012,SBI PENSION FUND SCHEME A - TIER I,10.2946
04/02/2017,PFM001,SBI PENSION FUNDS PRIVATE LIMITED,SM001012,SBI PENSION FUND SCHEME A - TIER I,10.2945
04/04/2017,PFM001,SBI PENSION FUNDS PRIVATE LIMITED,SM001012,SBI PENSION FUND SCHEME A - TIER I,10.3015
04/08/2017,PFM001,SBI PENSION FUNDS PRIVATE LIMITED,SM001012,SBI PENSION FUND SCHEME A - TIER I,10.309
04/09/2017,PFM001,SBI PENSION FUNDS PRIVATE LIMITED,SM001012,SBI PENSION FUND SCHEME A - TIER I,10.309
04/14/2017,PFM001,SBI PENSION FUNDS PRIVATE LIMITED,SM001012,SBI PENSION FUND SCHEME A - TIER I,10.32
04/15/2017,PFM001,SBI PENSION FUNDS PRIVATE LIMITED,SM001012,SBI PENSION FUND SCHEME A - TIER I,10.32
04/16/2017,PFM001,SBI PENSION FUNDS PRIVATE LIMITED,SM001012,SBI PENSION FUND SCHEME A - TIER I,10.32
04/22/2017,PFM001,SBI PENSION FUNDS PRIVATE LIMITED,SM001012,SBI PENSION FUND SCHEME A - TIER I,10.3346
04/23/2017,PFM001,SBI PENSION FUNDS PRIVATE LIMITED,SM001012,SBI PENSION FUND SCHEME A - TIER I,10.3346
04/29/2017,PFM001,SBI PENSION FUNDS PRIVATE LIMITED,SM001012,SBI PENSION FUND SCHEME A - TIER I,10.3473
04/30/2017,PFM001,SBI PENSION FUNDS PRIVATE LIMITED,SM001012,SBI PENSION FUND SCHEME A - TIER I,10.3473
05/01/2017,PFM001,SBI PENSION FUNDS PRIVATE LIMITED,SM001012,SBI PENSION FUND SCHEME A - TIER I,10.3473
05/06/2017,PFM001,SBI PENSION FUNDS PRIVATE LIMITED,SM001012,SBI PENSION FUND SCHEME A - TIER I,10.3601
05/07/2017,PFM001,SBI PENSION FUNDS PRIVATE LIMITED,SM001012,SBI PENSION FUND SCHEME A - TIER I,10.3601
05/10/2017,PFM001,SBI PENSION FUNDS PRIVATE LIMITED,SM001012,SBI PENSION FUND SCHEME A - TIER I,10.3673
05/13/2017,PFM001,SBI PENSION FUNDS PRIVATE LIMITED,SM001012,SBI PENSION FUND SCHEME A - TIER I,10.3729
05/14/2017,PFM001,SBI PENSION FUNDS PRIVATE LIMITED,SM001012,SBI PENSION FUND SCHEME A - TIER I,10.3729
05/15/2017,PFM001,SBI PENSION FUNDS PRIVATE LIMITED,SM001012,SBI PENSION FUND SCHEME A - TIER I,10.3783
05/20/2017,PFM001,SBI PENSION FUNDS PRIVATE LIMITED,SM001012,SBI PENSION FUND SCHEME A - TIER I,10.3859
05/21/2017,PFM001,SBI PENSION FUNDS PRIVATE LIMITED,SM001012,SBI PENSION FUND SCHEME A - TIER I,10.3859
05/27/2017,PFM001,SBI PENSION FUNDS PRIVATE LIMITED,SM001012,SBI PENSION FUND SCHEME A - TIER I,10.3988
05/28/2017,PFM001,SBI PENSION FUNDS PRIVATE LIMITED,SM001012,SBI PENSION FUND SCHEME A - TIER I,10.3988
05/30/2017,PFM001,SBI PENSION FUNDS PRIVATE LIMITED,SM001012,SBI PENSION FUND SCHEME A - TIER I,10.4063
06/03/2017,PFM001,SBI PENSION FUNDS PRIVATE LIMITED,SM001012,SBI PENSION FUND SCHEME A - TIER I,10.4119
06/04/2017,PFM001,SBI PENSION FUNDS PRIVATE LIMITED,SM001012,SBI PENSION FUND SCHEME A - TIER I,10.4119
06/10/2017,PFM001,SBI PENSION FUNDS PRIVATE LIMITED,SM001012,SBI PENSION FUND SCHEME A - TIER I,10.4248
06/11/2017,PFM001,SBI PENSION FUNDS PRIVATE LIMITED,SM001012,SBI PENSION FUND SCHEME A - TIER I,10.4248
06/17/2017,PFM001,SBI PENSION FUNDS PRIVATE LIMITED,SM001012,SBI PENSION FUND SCHEME A - TIER I,10.4379
06/18/2017,PFM001,SBI PENSION FUNDS PRIVATE LIMITED,SM001012,SBI PENSION FUND SCHEME A - TIER I,10.4379
06/24/2017,PFM001,SBI PENSION FUNDS PRIVATE LIMITED,SM001012,SBI PENSION FUND SCHEME A - TIER I,10.451
06/25/2017,PFM001,SBI PENSION FUNDS PRIVATE LIMITED,SM001012,SBI PENSION FUND SCHEME A - TIER I,10.451
06/26/2017,PFM001,SBI PENSION FUNDS PRIVATE LIMITED,SM001012,SBI PENSION FUND SCHEME A - TIER I,10.451
06/28/2017,PFM001,SBI PENSION FUNDS PRIVATE LIMITED,SM001012,SBI PENSION FUND SCHEME A - TIER I,10.4605
07/01/2017,PFM001,SBI PENSION FUNDS PRIVATE LIMITED,SM001012,SBI PENSION FUND SCHEME A - TIER I,10.4642
07/02/2017,PFM001,SBI PENSION FUNDS PRIVATE LIMITED,SM001012,SBI PENSION FUND SCHEME A - TIER I,10.4642
07/08/2017,PFM001,SBI PENSION FUNDS PRIVATE LIMITED,SM001012,SBI PENSION FUND SCHEME A - TIER I,10.4779
07/09/2017,PFM001,SBI PENSION FUNDS PRIVATE LIMITED,SM001012,SBI PENSION FUND SCHEME A - TIER I,10.4779
07/15/2017,PFM001,SBI PENSION FUNDS PRIVATE LIMITED,SM001012,SBI PENSION FUND SCHEME A - TIER I,10.4915
07/16/2017,PFM001,SBI PENSION FUNDS PRIVATE LIMITED,SM001012,SBI PENSION FUND SCHEME A - TIER I,10.4915
07/22/2017,PFM001,SBI PENSION FUNDS PRIVATE LIMITED,SM001012,SBI PENSION FUND SCHEME A - TIER I,10.5048
07/23/2017,PFM001,SBI PENSION FUNDS PRIVATE LIMITED,SM001012,SBI PENSION FUND SCHEME A - TIER I,10.5048
07/29/2017,PFM001,SBI PENSION FUNDS PRIVATE LIMITED,SM001012,SBI PENSION FUND SCHEME A - TIER I,10.518
07/30/2017,PFM001,SBI PENSION FUNDS PRIVATE LIMITED,SM001012,SBI PENSION FUND SCHEME A - TIER I,10.518
08/05/2017,PFM001,SBI PENSION FUNDS PRIVATE LIMITED,SM001012,SBI PENSION FUND SCHEME A - TIER I,10.5311
08/06/2017,PFM001,SBI PENSION FUNDS PRIVATE LIMITED,SM001012,SBI PENSION FUND SCHEME A - TIER I,10.5311
08/12/2017,PFM001,SBI PENSION FUNDS PRIVATE LIMITED,SM001012,SBI PENSION FUND SCHEME A - TIER I,10.5444
08/13/2017,PFM001,SBI PENSION FUNDS PRIVATE LIMITED,SM001012,SBI PENSION FUND SCHEME A - TIER I,10.5444
08/15/2017,PFM001,SBI PENSION FUNDS PRIVATE LIMITED,SM001012,SBI PENSION FUND SCHEME A - TIER I,10.55
08/17/2017,PFM001,SBI PENSION FUNDS PRIVATE LIMITED,SM001012,SBI PENSION FUND SCHEME A - TIER I,10.5537
08/19/2017,PFM001,SBI PENSION FUNDS PRIVATE LIMITED,SM001012,SBI PENSION FUND SCHEME A - TIER I,10.5574
08/20/2017,PFM001,SBI PENSION FUNDS PRIVATE LIMITED,SM001012,SBI PENSION FUND SCHEME A - TIER I,10.5574
08/25/2017,PFM001,SBI PENSION FUNDS PRIVATE LIMITED,SM001012,SBI PENSION FUND SCHEME A - TIER I,10.5685
08/26/2017,PFM001,SBI PENSION FUNDS PRIVATE LIMITED,SM001012,SBI PENSION FUND SCHEME A - TIER I,10.5685
08/27/2017,PFM001,SBI PENSION FUNDS PRIVATE LIMITED,SM001012,SBI PENSION FUND SCHEME A - TIER I,10.5685
08/29/2017,PFM001,SBI PENSION FUNDS PRIVATE LIMITED,SM001012,SBI PENSION FUND SCHEME A - TIER I,10.5776
09/02/2017,PFM001,SBI PENSION FUNDS PRIVATE LIMITED,SM001012,SBI PENSION FUND SCHEME A - TIER I,10.5831
09/03/2017,PFM001,SBI PENSION FUNDS PRIVATE LIMITED,SM001012,SBI PENSION FUND SCHEME A - TIER I,10.5831
09/09/2017,PFM001,SBI PENSION FUNDS PRIVATE LIMITED,SM001012,SBI PENSION FUND SCHEME A - TIER I,10.596
09/10/2017,PFM001,SBI PENSION FUNDS PRIVATE LIMITED,SM001012,SBI PENSION FUND SCHEME A - TIER I,10.596
09/16/2017,PFM001,SBI PENSION FUNDS PRIVATE LIMITED,SM001012,SBI PENSION FUND SCHEME A - TIER I,10.6089
09/17/2017,PFM001,SBI PENSION FUNDS PRIVATE LIMITED,SM001012,SBI PENSION FUND SCHEME A - TIER I,10.6089
09/23/2017,PFM001,SBI PENSION FUNDS PRIVATE LIMITED,SM001012,SBI PENSION FUND SCHEME A - TIER I,10.6221
09/24/2017,PFM001,SBI PENSION FUNDS PRIVATE LIMITED,SM001012,SBI PENSION FUND SCHEME A - TIER I,10.6221
09/30/2017,PFM001,SBI PENSION FUNDS PRIVATE LIMITED,SM001012,SBI PENSION FUND SCHEME A - TIER I,10.6353
10/01/2017,PFM001,SBI PENSION FUNDS PRIVATE LIMITED,SM001012,SBI PENSION FUND SCHEME A - TIER I,10.6353
10/02/2017,PFM001,SBI PENSION FUNDS PRIVATE LIMITED,SM001012,SBI PENSION FUND SCHEME A - TIER I,10.6353
10/07/2017,PFM001,SBI PENSION FUNDS PRIVATE LIMITED,SM001012,SBI PENSION FUND SCHEME A - TIER I,10.6488
10/08/2017,PFM001,SBI PENSION FUNDS PRIVATE LIMITED,SM001012,SBI PENSION FUND SCHEME A - TIER I,10.6488
10/14/2017,PFM001,SBI PENSION FUNDS PRIVATE LIMITED,SM001012,SBI PENSION FUND SCHEME A - TIER I,10.6618
10/15/2017,PFM001,SBI PENSION FUNDS PRIVATE LIMITED,SM001012,SBI PENSION FUND SCHEME A - TIER I,10.6618
10/19/2017,PFM001,SBI PENSION FUNDS PRIVATE LIMITED,SM001012,SBI PENSION FUND SCHEME A - TIER I,10.6712
10/20/2017,PFM001,SBI PENSION FUNDS PRIVATE LIMITED,SM001012,SBI PENSION FUND SCHEME A - TIER I,10.6712
10/21/2017,PFM001,SBI PENSION FUNDS PRIVATE LIMITED,SM001012,SBI PENSION FUND SCHEME A - TIER I,10.6712
10/22/2017,PFM001,SBI PENSION FUNDS PRIVATE LIMITED,SM001012,SBI PENSION FUND SCHEME A - TIER I,10.6712
10/28/2017,PFM001,SBI PENSION FUNDS PRIVATE LIMITED,SM001012,SBI PENSION FUND SCHEME A - TIER I,10.6877
10/29/2017,PFM001,SBI PENSION FUNDS PRIVATE LIMITED,SM001012,SBI PENSION FUND SCHEME A - TIER I,10.6877
11/04/2017,PFM001,SBI PENSION FUNDS PRIVATE LIMITED,SM001012,SBI PENSION FUND SCHEME A - TIER I,10.7009
11/05/2017,PFM001,SBI PENSION FUNDS PRIVATE LIMITED,SM001012,SBI PENSION FUND SCHEME A - TIER I,10.7009
11/11/2017,PFM001,SBI PENSION FUNDS PRIVATE LIMITED,SM001012,SBI PENSION FUND SCHEME A - TIER I,10.7141
11/12/2017,PFM001,SBI PENSION FUNDS PRIVATE LIMITED,SM001012,SBI PENSION FUND SCHEME A - TIER I,10.7141
11/18/2017,PFM001,SBI PENSION FUNDS PRIVATE LIMITED,SM001012,SBI PENSION FUND SCHEME A - TIER I,10.7271
11/19/2017,PFM001,SBI PENSION FUNDS PRIVATE LIMITED,SM001012,SBI PENSION FUND SCHEME A - TIER I,10.7271
11/25/2017,PFM001,SBI PENSION FUNDS PRIVATE LIMITED,SM001012,SBI PENSION FUND SCHEME A - TIER I,11.0415
11/26/2017,PFM001,SBI PENSION FUNDS PRIVATE LIMITED,SM001012,SBI PENSION FUND SCHEME A - TIER I,11.0434
12/01/2017,PFM001,SBI PENSION FUNDS PRIVATE LIMITED,SM001012,SBI PENSION FUND SCHEME A - TIER I,10.9176
12/02/2017,PFM001,SBI PENSION FUNDS PRIVATE LIMITED,SM001012,SBI PENSION FUND SCHEME A - TIER I,10.9194
12/03/2017,PFM001,SBI PENSION FUNDS PRIVATE LIMITED,SM001012,SBI PENSION FUND SCHEME A - TIER I,10.9213
12/09/2017,PFM001,SBI PENSION FUNDS PRIVATE LIMITED,SM001012,SBI PENSION FUND SCHEME A - TIER I,10.9282
12/10/2017,PFM001,SBI PENSION FUNDS PRIVATE LIMITED,SM001012,SBI PENSION FUND SCHEME A - TIER I,10.93
12/16/2017,PFM001,SBI PENSION FUNDS PRIVATE LIMITED,SM001012,SBI PENSION FUND SCHEME A - TIER I,11.0382
12/17/2017,PFM001,SBI PENSION FUNDS PRIVATE LIMITED,SM001012,SBI PENSION FUND SCHEME A - TIER I,11.0399
12/23/2017,PFM001,SBI PENSION FUNDS PRIVATE LIMITED,SM001012,SBI PENSION FUND SCHEME A - TIER I,10.9399
12/24/2017,PFM001,SBI PENSION FUNDS PRIVATE LIMITED,SM001012,SBI PENSION FUND SCHEME A - TIER I,10.9415
12/25/2017,PFM001,SBI PENSION FUNDS PRIVATE LIMITED,SM001012,SBI PENSION FUND SCHEME A - TIER I,10.9432
12/30/2017,PFM001,SBI PENSION FUNDS PRIVATE LIMITED,SM001012,SBI PENSION FUND SCHEME A - TIER I,11.0313
12/31/2017,PFM001,SBI PENSION FUNDS PRIVATE LIMITED,SM001012,SBI PENSION FUND SCHEME A - TIER I,11.0329
01/06/2018,PFM001,SBI PENSION FUNDS PRIVATE LIMITED,SM001012,SBI PENSION FUND SCHEME A - TIER I,10.8257
01/07/2018,PFM001,SBI PENSION FUNDS PRIVATE LIMITED,SM001012,SBI PENSION FUND SCHEME A - TIER I,10.8272
01/13/2018,PFM001,SBI PENSION FUNDS PRIVATE LIMITED,SM001012,SBI PENSION FUND SCHEME A - TIER I,10.9295
01/14/2018,PFM001,SBI PENSION FUNDS PRIVATE LIMITED,SM001012,SBI PENSION FUND SCHEME A - TIER I,10.9309
01/20/2018,PFM001,SBI PENSION FUNDS PRIVATE LIMITED,SM001012,SBI PENSION FUND SCHEME A - TIER I,10.8679
01/21/2018,PFM001,SBI PENSION FUNDS PRIVATE LIMITED,SM001012,SBI PENSION FUND SCHEME A - TIER I,10.8693
01/26/2018,PFM001,SBI PENSION FUNDS PRIVATE LIMITED,SM001012,SBI PENSION FUND SCHEME A - TIER I,11.0537
01/27/2018,PFM001,SBI PENSION FUNDS PRIVATE LIMITED,SM001012,SBI PENSION FUND SCHEME A - TIER I,11.055
01/28/2018,PFM001,SBI PENSION FUNDS PRIVATE LIMITED,SM001012,SBI PENSION FUND SCHEME A - TIER I,11.0563
02/03/2018,PFM001,SBI PENSION FUNDS PRIVATE LIMITED,SM001012,SBI PENSION FUND SCHEME A - TIER I,10.9569
02/04/2018,PFM001,SBI PENSION FUNDS PRIVATE LIMITED,SM001012,SBI PENSION FUND SCHEME A - TIER I,10.9581
02/10/2018,PFM001,SBI PENSION FUNDS PRIVATE LIMITED,SM001012,SBI PENSION FUND SCHEME A - TIER I,10.9761
02/11/2018,PFM001,SBI PENSION FUNDS PRIVATE LIMITED,SM001012,SBI PENSION FUND SCHEME A - TIER I,10.9772
02/13/2018,PFM001,SBI PENSION FUNDS PRIVATE LIMITED,SM001012,SBI PENSION FUND SCHEME A - TIER I,10.9914
02/17/2018,PFM001,SBI PENSION FUNDS PRIVATE LIMITED,SM001012,SBI PENSION FUND SCHEME A - TIER I,11.0601
02/18/2018,PFM001,SBI PENSION FUNDS PRIVATE LIMITED,SM001012,SBI PENSION FUND SCHEME A - TIER I,11.0623
02/19/2018,PFM001,SBI PENSION FUNDS PRIVATE LIMITED,SM001012,SBI PENSION FUND SCHEME A - TIER I,11.0646
02/24/2018,PFM001,SBI PENSION FUNDS PRIVATE LIMITED,SM001012,SBI PENSION FUND SCHEME A - TIER I,10.9225
02/25/2018,PFM001,SBI PENSION FUNDS PRIVATE LIMITED,SM001012,SBI PENSION FUND SCHEME A - TIER I,10.9246
03/02/2018,PFM001,SBI PENSION FUNDS PRIVATE LIMITED,SM001012,SBI PENSION FUND SCHEME A - TIER I,10.9329
03/03/2018,PFM001,SBI PENSION FUNDS PRIVATE LIMITED,SM001012,SBI PENSION FUND SCHEME A - TIER I,10.935
03/04/2018,PFM001,SBI PENSION FUNDS PRIVATE LIMITED,SM001012,SBI PENSION FUND SCHEME A - TIER I,10.9371
03/10/2018,PFM001,SBI PENSION FUNDS PRIVATE LIMITED,SM001012,SBI PENSION FUND SCHEME A - TIER I,10.9547
03/11/2018,PFM001,SBI PENSION FUNDS PRIVATE LIMITED,SM001012,SBI PENSION FUND SCHEME A - TIER I,10.9567
03/13/2018,PFM001,SBI PENSION FUNDS PRIVATE LIMITED,SM001012,SBI PENSION FUND SCHEME A - TIER I,11.0072
03/17/2018,PFM001,SBI PENSION FUNDS PRIVATE LIMITED,SM001012,SBI PENSION FUND SCHEME A - TIER I,11.0297
03/18/2018,PFM001,SBI PENSION FUNDS PRIVATE LIMITED,SM001012,SBI PENSION FUND SCHEME A - TIER I,11.0316
03/24/2018,PFM001,SBI PENSION FUNDS PRIVATE LIMITED,SM001012,SBI PENSION FUND SCHEME A - TIER I,11.0647
03/25/2018,PFM001,SBI PENSION FUNDS PRIVATE LIMITED,SM001012,SBI PENSION FUND SCHEME A - TIER I,11.067
03/29/2018,PFM001,SBI PENSION FUNDS PRIVATE LIMITED,SM001012,SBI PENSION FUND SCHEME A - TIER I,11.1398
03/30/2018,PFM001,SBI PENSION FUNDS PRIVATE LIMITED,SM001012,SBI PENSION FUND SCHEME A - TIER I,11.142
04/01/2018,PFM001,SBI PENSION FUNDS PRIVATE LIMITED,SM001012,SBI PENSION FUND SCHEME A - TIER I,11.3019
04/02/2018,PFM001,SBI PENSION FUNDS PRIVATE LIMITED,SM001012,SBI PENSION FUND SCHEME A - TIER I,11.3041
04/07/2018,PFM001,SBI PENSION FUNDS PRIVATE LIMITED,SM001012,SBI PENSION FUND SCHEME A - TIER I,11.189
04/08/2018,PFM001,SBI PENSION FUNDS PRIVATE LIMITED,SM001012,SBI PENSION FUND SCHEME A - TIER I,11.191
04/14/2018,PFM001,SBI PENSION FUNDS PRIVATE LIMITED,SM001012,SBI PENSION FUND SCHEME A - TIER I,11.2703
04/15/2018,PFM001,SBI PENSION FUNDS PRIVATE LIMITED,SM001012,SBI PENSION FUND SCHEME A - TIER I,11.2722
04/20/2018,PFM001,SBI PENSION FUNDS PRIVATE LIMITED,SM001012,SBI PENSION FUND SCHEME A - TIER I,11.1497
04/21/2018,PFM001,SBI PENSION FUNDS PRIVATE LIMITED,SM001012,SBI PENSION FUND SCHEME A - TIER I,11.1517
04/22/2018,PFM001,SBI PENSION FUNDS PRIVATE LIMITED,SM001012,SBI PENSION FUND SCHEME A - TIER I,11.1536
04/28/2018,PFM001,SBI PENSION FUNDS PRIVATE LIMITED,SM001012,SBI PENSION FUND SCHEME A - TIER I,11.1204
04/29/2018,PFM001,SBI PENSION FUNDS PRIVATE LIMITED,SM001012,SBI PENSION FUND SCHEME A - TIER I,11.1223
04/30/2018,PFM001,SBI PENSION FUNDS PRIVATE LIMITED,SM001012,SBI PENSION FUND SCHEME A - TIER I,11.1242
05/01/2018,PFM001,SBI PENSION FUNDS PRIVATE LIMITED,SM001012,SBI PENSION FUND SCHEME A - TIER I,11.1262
05/05/2018,PFM001,SBI PENSION FUNDS PRIVATE LIMITED,SM001012,SBI PENSION FUND SCHEME A - TIER I,11.2035
05/06/2018,PFM001,SBI PENSION FUNDS PRIVATE LIMITED,SM001012,SBI PENSION FUND SCHEME A - TIER I,11.2054
05/12/2018,PFM001,SBI PENSION FUNDS PRIVATE LIMITED,SM001012,SBI PENSION FUND SCHEME A - TIER I,11.1309
05/13/2018,PFM001,SBI PENSION FUNDS PRIVATE LIMITED,SM001012,SBI PENSION FUND SCHEME A - TIER I,11.1328
05/19/2018,PFM001,SBI PENSION FUNDS PRIVATE LIMITED,SM001012,SBI PENSION FUND SCHEME A - TIER I,11.0661
05/20/2018,PFM001,SBI PENSION FUNDS PRIVATE LIMITED,SM001012,SBI PENSION FUND SCHEME A - TIER I,11.068
05/26/2018,PFM001,SBI PENSION FUNDS PRIVATE LIMITED,SM001012,SBI PENSION FUND SCHEME A - TIER I,11.1866
05/27/2018,PFM001,SBI PENSION FUNDS PRIVATE LIMITED,SM001012,SBI PENSION FUND SCHEME A - TIER I,11.1885
06/02/2018,PFM001,SBI PENSION FUNDS PRIVATE LIMITED,SM001012,SBI PENSION FUND SCHEME A - TIER I,11.1339
06/03/2018,PFM001,SBI PENSION FUNDS PRIVATE LIMITED,SM001012,SBI PENSION FUND SCHEME A - TIER I,11.1357
06/09/2018,PFM001,SBI PENSION FUNDS PRIVATE LIMITED,SM001012,SBI PENSION FUND SCHEME A - TIER I,11.0949
06/10/2018,PFM001,SBI PENSION FUNDS PRIVATE LIMITED,SM001012,SBI PENSION FUND SCHEME A - TIER I,11.0967
06/16/2018,PFM001,SBI PENSION FUNDS PRIVATE LIMITED,SM001012,SBI PENSION FUND SCHEME A - TIER I,11.1494
06/17/2018,PFM001,SBI PENSION FUNDS PRIVATE LIMITED,SM001012,SBI PENSION FUND SCHEME A - TIER I,11.1512
06/23/2018,PFM001,SBI PENSION FUNDS PRIVATE LIMITED,SM001012,SBI PENSION FUND SCHEME A - TIER I,11.2385
06/24/2018,PFM001,SBI PENSION FUNDS PRIVATE LIMITED,SM001012,SBI PENSION FUND SCHEME A - TIER I,11.2403
06/30/2018,PFM001,SBI PENSION FUNDS PRIVATE LIMITED,SM001012,SBI PENSION FUND SCHEME A - TIER I,11.209
07/01/2018,PFM001,SBI PENSION FUNDS PRIVATE LIMITED,SM001012,SBI PENSION FUND SCHEME A - TIER I,11.2108
07/07/2018,PFM001,SBI PENSION FUNDS PRIVATE LIMITED,SM001012,SBI PENSION FUND SCHEME A - TIER I,11.2767
07/08/2018,PFM001,SBI PENSION FUNDS PRIVATE LIMITED,SM001012,SBI PENSION FUND SCHEME A - TIER I,11.2784
07/14/2018,PFM001,SBI PENSION FUNDS PRIVATE LIMITED,SM001012,SBI PENSION FUND SCHEME A - TIER I,11.2714
07/15/2018,PFM001,SBI PENSION FUNDS PRIVATE LIMITED,SM001012,SBI PENSION FUND SCHEME A - TIER I,11.2732
07/21/2018,PFM001,SBI PENSION FUNDS PRIVATE LIMITED,SM001012,SBI PENSION FUND SCHEME A - TIER I,11.2904
07/22/2018,PFM001,SBI PENSION FUNDS PRIVATE LIMITED,SM001012,SBI PENSION FUND SCHEME A - TIER I,11.2921
07/28/2018,PFM001,SBI PENSION FUNDS PRIVATE LIMITED,SM001012,SBI PENSION FUND SCHEME A - TIER I,11.2599
07/29/2018,PFM001,SBI PENSION FUNDS PRIVATE LIMITED,SM001012,SBI PENSION FUND SCHEME A - TIER I,11.2617
08/04/2018,PFM001,SBI PENSION FUNDS PRIVATE LIMITED,SM001012,SBI PENSION FUND SCHEME A - TIER I,11.3572
08/05/2018,PFM001,SBI PENSION FUNDS PRIVATE LIMITED,SM001012,SBI PENSION FUND SCHEME A - TIER I,11.3599
08/11/2018,PFM001,SBI PENSION FUNDS PRIVATE LIMITED,SM001012,SBI PENSION FUND SCHEME A - TIER I,11.3642
08/12/2018,PFM001,SBI PENSION FUNDS PRIVATE LIMITED,SM001012,SBI PENSION FUND SCHEME A - TIER I,11.3669
08/15/2018,PFM001,SBI PENSION FUNDS PRIVATE LIMITED,SM001012,SBI PENSION FUND SCHEME A - TIER I,11.3853
08/17/2018,PFM001,SBI PENSION FUNDS PRIVATE LIMITED,SM001012,SBI PENSION FUND SCHEME A - TIER I,11.3676
08/18/2018,PFM001,SBI PENSION FUNDS PRIVATE LIMITED,SM001012,SBI PENSION FUND SCHEME A - TIER I,11.3702
08/19/2018,PFM001,SBI PENSION FUNDS PRIVATE LIMITED,SM001012,SBI PENSION FUND SCHEME A - TIER I,11.3728
08/22/2018,PFM001,SBI PENSION FUNDS PRIVATE LIMITED,SM001012,SBI PENSION FUND SCHEME A - TIER I,11.3787
08/25/2018,PFM001,SBI PENSION FUNDS PRIVATE LIMITED,SM001012,SBI PENSION FUND SCHEME A - TIER I,11.3694
08/26/2018,PFM001,SBI PENSION FUNDS PRIVATE LIMITED,SM001012,SBI PENSION FUND SCHEME A - TIER I,11.372
09/01/2018,PFM001,SBI PENSION FUNDS PRIVATE LIMITED,SM001012,SBI PENSION FUND SCHEME A - TIER I,11.3863
09/02/2018,PFM001,SBI PENSION FUNDS PRIVATE LIMITED,SM001012,SBI PENSION FUND SCHEME A - TIER I,11.3889
09/08/2018,PFM001,SBI PENSION FUNDS PRIVATE LIMITED,SM001012,SBI PENSION FUND SCHEME A - TIER I,11.2931
09/09/2018,PFM001,SBI PENSION FUNDS PRIVATE LIMITED,SM001012,SBI PENSION FUND SCHEME A - TIER I,11.2956
09/13/2018,PFM001,SBI PENSION FUNDS PRIVATE LIMITED,SM001012,SBI PENSION FUND SCHEME A - TIER I,11.3431
09/15/2018,PFM001,SBI PENSION FUNDS PRIVATE LIMITED,SM001012,SBI PENSION FUND SCHEME A - TIER I,11.257
09/16/2018,PFM001,SBI PENSION FUNDS PRIVATE LIMITED,SM001012,SBI PENSION FUND SCHEME A - TIER I,11.2597
09/20/2018,PFM001,SBI PENSION FUNDS PRIVATE LIMITED,SM001012,SBI PENSION FUND SCHEME A - TIER I,11.3008
09/22/2018,PFM001,SBI PENSION FUNDS PRIVATE LIMITED,SM001012,SBI PENSION FUND SCHEME A - TIER I,11.2523
09/23/2018,PFM001,SBI PENSION FUNDS PRIVATE LIMITED,SM001012,SBI PENSION FUND SCHEME A - TIER I,11.2549
09/29/2018,PFM001,SBI PENSION FUNDS PRIVATE LIMITED,SM001012,SBI PENSION FUND SCHEME A - TIER I,11.312
09/30/2018,PFM001,SBI PENSION FUNDS PRIVATE LIMITED,SM001012,SBI PENSION FUND SCHEME A - TIER I,11.3147
10/02/2018,PFM001,SBI PENSION FUNDS PRIVATE LIMITED,SM001012,SBI PENSION FUND SCHEME A - TIER I,11.1853
10/06/2018,PFM001,SBI PENSION FUNDS PRIVATE LIMITED,SM001012,SBI PENSION FUND SCHEME A - TIER I,11.2778
10/07/2018,PFM001,SBI PENSION FUNDS PRIVATE LIMITED,SM001012,SBI PENSION FUND SCHEME A - TIER I,11.2804
10/13/2018,PFM001,SBI PENSION FUNDS PRIVATE LIMITED,SM001012,SBI PENSION FUND SCHEME A - TIER I,11.2255
10/14/2018,PFM001,SBI PENSION FUNDS PRIVATE LIMITED,SM001012,SBI PENSION FUND SCHEME A - TIER I,11.2281
10/18/2018,PFM001,SBI PENSION FUNDS PRIVATE LIMITED,SM001012,SBI PENSION FUND SCHEME A - TIER I,11.3534
10/20/2018,PFM001,SBI PENSION FUNDS PRIVATE LIMITED,SM001012,SBI PENSION FUND SCHEME A - TIER I,11.3305
10/21/2018,PFM001,SBI PENSION FUNDS PRIVATE LIMITED,SM001012,SBI PENSION FUND SCHEME A - TIER I,11.3331
10/27/2018,PFM001,SBI PENSION FUNDS PRIVATE LIMITED,SM001012,SBI PENSION FUND SCHEME A - TIER I,11.3075
10/28/2018,PFM001,SBI PENSION FUNDS PRIVATE LIMITED,SM001012,SBI PENSION FUND SCHEME A - TIER I,11.3101
11/03/2018,PFM001,SBI PENSION FUNDS PRIVATE LIMITED,SM001012,SBI PENSION FUND SCHEME A - TIER I,11.304
11/04/2018,PFM001,SBI PENSION FUNDS PRIVATE LIMITED,SM001012,SBI PENSION FUND SCHEME A - TIER I,11.3066
11/07/2018,PFM001,SBI PENSION FUNDS PRIVATE LIMITED,SM001012,SBI PENSION FUND SCHEME A - TIER I,11.3697
11/08/2018,PFM001,SBI PENSION FUNDS PRIVATE LIMITED,SM001012,SBI PENSION FUND SCHEME A - TIER I,11.3722
11/10/2018,PFM001,SBI PENSION FUNDS PRIVATE LIMITED,SM001012,SBI PENSION FUND SCHEME A - TIER I,11.4319
11/11/2018,PFM001,SBI PENSION FUNDS PRIVATE LIMITED,SM001012,SBI PENSION FUND SCHEME A - TIER I,11.4345
11/17/2018,PFM001,SBI PENSION FUNDS PRIVATE LIMITED,SM001012,SBI PENSION FUND SCHEME A - TIER I,11.3965
11/18/2018,PFM001,SBI PENSION FUNDS PRIVATE LIMITED,SM001012,SBI PENSION FUND SCHEME A - TIER I,11.3989
11/21/2018,PFM001,SBI PENSION FUNDS PRIVATE LIMITED,SM001012,SBI PENSION FUND SCHEME A - TIER I,11.511
11/23/2018,PFM001,SBI PENSION FUNDS PRIVATE LIMITED,SM001012,SBI PENSION FUND SCHEME A - TIER I,11.4276
11/24/2018,PFM001,SBI PENSION FUNDS PRIVATE LIMITED,SM001012,SBI PENSION FUND SCHEME A - TIER I,11.43
11/25/2018,PFM001,SBI PENSION FUNDS PRIVATE LIMITED,SM001012,SBI PENSION FUND SCHEME A - TIER I,11.4325
12/01/2018,PFM001,SBI PENSION FUNDS PRIVATE LIMITED,SM001012,SBI PENSION FUND SCHEME A - TIER I,11.4642
12/02/2018,PFM001,SBI PENSION FUNDS PRIVATE LIMITED,SM001012,SBI PENSION FUND SCHEME A - TIER I,11.4667
12/08/2018,PFM001,SBI PENSION FUNDS PRIVATE LIMITED,SM001012,SBI PENSION FUND SCHEME A - TIER I,11.6099
12/09/2018,PFM001,SBI PENSION FUNDS PRIVATE LIMITED,SM001012,SBI PENSION FUND SCHEME A - TIER I,11.6123
12/15/2018,PFM001,SBI PENSION FUNDS PRIVATE LIMITED,SM001012,SBI PENSION FUND SCHEME A - TIER I,11.6223
12/16/2018,PFM001,SBI PENSION FUNDS PRIVATE LIMITED,SM001012,SBI PENSION FUND SCHEME A - TIER I,11.6246
12/22/2018,PFM001,SBI PENSION FUNDS PRIVATE LIMITED,SM001012,SBI PENSION FUND SCHEME A - TIER I,11.7034
12/23/2018,PFM001,SBI PENSION FUNDS PRIVATE LIMITED,SM001012,SBI PENSION FUND SCHEME A - TIER I,11.7057
12/25/2018,PFM001,SBI PENSION FUNDS PRIVATE LIMITED,SM001012,SBI PENSION FUND SCHEME A - TIER I,11.7178
12/29/2018,PFM001,SBI PENSION FUNDS PRIVATE LIMITED,SM001012,SBI PENSION FUND SCHEME A - TIER I,11.7239
12/30/2018,PFM001,SBI PENSION FUNDS PRIVATE LIMITED,SM001012,SBI PENSION FUND SCHEME A - TIER I,11.7266
01/05/2019,PFM001,SBI PENSION FUNDS PRIVATE LIMITED,SM001012,SBI PENSION FUND SCHEME A - TIER I,11.6267
01/06/2019,PFM001,SBI PENSION FUNDS PRIVATE LIMITED,SM001012,SBI PENSION FUND SCHEME A - TIER I,11.6293
01/12/2019,PFM001,SBI PENSION FUNDS PRIVATE LIMITED,SM001012,SBI PENSION FUND SCHEME A - TIER I,11.7723
01/13/2019,PFM001,SBI PENSION FUNDS PRIVATE LIMITED,SM001012,SBI PENSION FUND SCHEME A - TIER I,11.7749
01/19/2019,PFM001,SBI PENSION FUNDS PRIVATE LIMITED,SM001012,SBI PENSION FUND SCHEME A - TIER I,11.6479
01/20/2019,PFM001,SBI PENSION FUNDS PRIVATE LIMITED,SM001012,SBI PENSION FUND SCHEME A - TIER I,11.6503
01/26/2019,PFM001,SBI PENSION FUNDS PRIVATE LIMITED,SM001012,SBI PENSION FUND SCHEME A - TIER I,11.7115
01/27/2019,PFM001,SBI PENSION FUNDS PRIVATE LIMITED,SM001012,SBI PENSION FUND SCHEME A - TIER I,11.7139
02/02/2019,PFM001,SBI PENSION FUNDS PRIVATE LIMITED,SM001012,SBI PENSION FUND SCHEME A - TIER I,11.6911
02/03/2019,PFM001,SBI PENSION FUNDS PRIVATE LIMITED,SM001012,SBI PENSION FUND SCHEME A - TIER I,11.6935
02/09/2019,PFM001,SBI PENSION FUNDS PRIVATE LIMITED,SM001012,SBI PENSION FUND SCHEME A - TIER I,11.7498
02/10/2019,PFM001,SBI PENSION FUNDS PRIVATE LIMITED,SM001012,SBI PENSION FUND SCHEME A - TIER I,11.7521
02/16/2019,PFM001,SBI PENSION FUNDS PRIVATE LIMITED,SM001012,SBI PENSION FUND SCHEME A - TIER I,11.7458
02/17/2019,PFM001,SBI PENSION FUNDS PRIVATE LIMITED,SM001012,SBI PENSION FUND SCHEME A - TIER I,11.7479
02/19/2019,PFM001,SBI PENSION FUNDS PRIVATE LIMITED,SM001012,SBI PENSION FUND SCHEME A - TIER I,11.748
02/23/2019,PFM001,SBI PENSION FUNDS PRIVATE LIMITED,SM001012,SBI PENSION FUND SCHEME A - TIER I,11.6906
02/24/2019,PFM001,SBI PENSION FUNDS PRIVATE LIMITED,SM001012,SBI PENSION FUND SCHEME A - TIER I,11.6928
03/02/2019,PFM001,SBI PENSION FUNDS PRIVATE LIMITED,SM001012,SBI PENSION FUND SCHEME A - TIER I,11.7415
03/03/2019,PFM001,SBI PENSION FUNDS PRIVATE LIMITED,SM001012,SBI PENSION FUND SCHEME A - TIER I,11.7436
03/04/2019,PFM001,SBI PENSION FUNDS PRIVATE LIMITED,SM001012,SBI PENSION FUND SCHEME A - TIER I,11.7456
03/09/2019,PFM001,SBI PENSION FUNDS PRIVATE LIMITED,SM001012,SBI PENSION FUND SCHEME A - TIER I,11.7857
03/10/2019,PFM001,SBI PENSION FUNDS PRIVATE LIMITED,SM001012,SBI PENSION FUND SCHEME A - TIER I,11.7877
03/16/2019,PFM001,SBI PENSION FUNDS PRIVATE LIMITED,SM001012,SBI PENSION FUND SCHEME A - TIER I,11.8521
03/17/2019,PFM001,SBI PENSION FUNDS PRIVATE LIMITED,SM001012,SBI PENSION FUND SCHEME A - TIER I,11.854
03/21/2019,PFM001,SBI PENSION FUNDS PRIVATE LIMITED,SM001012,SBI PENSION FUND SCHEME A - TIER I,11.8697
03/23/2019,PFM001,SBI PENSION FUNDS PRIVATE LIMITED,SM001012,SBI PENSION FUND SCHEME A - TIER I,12.0377
03/24/2019,PFM001,SBI PENSION FUNDS PRIVATE LIMITED,SM001012,SBI PENSION FUND SCHEME A - TIER I,12.0403
04/01/2019,PFM001,SBI PENSION FUNDS PRIVATE LIMITED,SM001012,SBI PENSION FUND SCHEME A - TIER I,12.1361
04/06/2019,PFM001,SBI PENSION FUNDS PRIVATE LIMITED,SM001012,SBI PENSION FUND SCHEME A - TIER I,12.1024
04/07/2019,PFM001,SBI PENSION FUNDS PRIVATE LIMITED,SM001012,SBI PENSION FUND SCHEME A - TIER I,12.1048
04/13/2019,PFM001,SBI PENSION FUNDS PRIVATE LIMITED,SM001012,SBI PENSION FUND SCHEME A - TIER I,12.0233
04/14/2019,PFM001,SBI PENSION FUNDS PRIVATE LIMITED,SM001012,SBI PENSION FUND SCHEME A - TIER I,12.0256
04/17/2019,PFM001,SBI PENSION FUNDS PRIVATE LIMITED,SM001012,SBI PENSION FUND SCHEME A - TIER I,12.105
04/19/2019,PFM001,SBI PENSION FUNDS PRIVATE LIMITED,SM001012,SBI PENSION FUND SCHEME A - TIER I,12.0907
04/20/2019,PFM001,SBI PENSION FUNDS PRIVATE LIMITED,SM001012,SBI PENSION FUND SCHEME A - TIER I,12.093
04/21/2019,PFM001,SBI PENSION FUNDS PRIVATE LIMITED,SM001012,SBI PENSION FUND SCHEME A - TIER I,12.0954
04/27/2019,PFM001,SBI PENSION FUNDS PRIVATE LIMITED,SM001012,SBI PENSION FUND SCHEME A - TIER I,12.0688
04/28/2019,PFM001,SBI PENSION FUNDS PRIVATE LIMITED,SM001012,SBI PENSION FUND SCHEME A - TIER I,12.0711
04/29/2019,PFM001,SBI PENSION FUNDS PRIVATE LIMITED,SM001012,SBI PENSION FUND SCHEME A - TIER I,12.0734
05/01/2019,PFM001,SBI PENSION FUNDS PRIVATE LIMITED,SM001012,SBI PENSION FUND SCHEME A - TIER I,12.0876
05/04/2019,PFM001,SBI PENSION FUNDS PRIVATE LIMITED,SM001012,SBI PENSION FUND SCHEME A - TIER I,12.0903
05/05/2019,PFM001,SBI PENSION FUNDS PRIVATE LIMITED,SM001012,SBI PENSION FUND SCHEME A - TIER I,12.0926
05/11/2019,PFM001,SBI PENSION FUNDS PRIVATE LIMITED,SM001012,SBI PENSION FUND SCHEME A - TIER I,12.0972
05/12/2019,PFM001,SBI PENSION FUNDS PRIVATE LIMITED,SM001012,SBI PENSION FUND SCHEME A - TIER I,12.0988
05/18/2019,PFM001,SBI PENSION FUNDS PRIVATE LIMITED,SM001012,SBI PENSION FUND SCHEME A - TIER I,12.131
05/19/2019,PFM001,SBI PENSION FUNDS PRIVATE LIMITED,SM001012,SBI PENSION FUND SCHEME A - TIER I,12.1326
05/25/2019,PFM001,SBI PENSION FUNDS PRIVATE LIMITED,SM001012,SBI PENSION FUND SCHEME A - TIER I,12.2105
05/26/2019,PFM001,SBI PENSION FUNDS PRIVATE LIMITED,SM001012,SBI PENSION FUND SCHEME A - TIER I,12.2121
06/01/2019,PFM001,SBI PENSION FUNDS PRIVATE LIMITED,SM001012,SBI PENSION FUND SCHEME A - TIER I,12.2141
06/02/2019,PFM001,SBI PENSION FUNDS PRIVATE LIMITED,SM001012,SBI PENSION FUND SCHEME A - TIER I,12.2157
06/05/2019,PFM001,SBI PENSION FUNDS PRIVATE LIMITED,SM001012,SBI PENSION FUND SCHEME A - TIER I,12.2658
06/08/2019,PFM001,SBI PENSION FUNDS PRIVATE LIMITED,SM001012,SBI PENSION FUND SCHEME A - TIER I,12.2782
06/09/2019,PFM001,SBI PENSION FUNDS PRIVATE LIMITED,SM001012,SBI PENSION FUND SCHEME A - TIER I,12.2798
06/15/2019,PFM001,SBI PENSION FUNDS PRIVATE LIMITED,SM001012,SBI PENSION FUND SCHEME A - TIER I,12.296
06/16/2019,PFM001,SBI PENSION FUNDS PRIVATE LIMITED,SM001012,SBI PENSION FUND SCHEME A - TIER I,12.2976
06/22/2019,PFM001,SBI PENSION FUNDS PRIVATE LIMITED,SM001012,SBI PENSION FUND SCHEME A - TIER I,12.2938
06/23/2019,PFM001,SBI PENSION FUNDS PRIVATE LIMITED,SM001012,SBI PENSION FUND SCHEME A - TIER I,12.2954
06/29/2019,PFM001,SBI PENSION FUNDS PRIVATE LIMITED,SM001012,SBI PENSION FUND SCHEME A - TIER I,12.3273
06/30/2019,PFM001,SBI PENSION FUNDS PRIVATE LIMITED,SM001012,SBI PENSION FUND SCHEME A - TIER I,12.3288
07/06/2019,PFM001,SBI PENSION FUNDS PRIVATE LIMITED,SM001012,SBI PENSION FUND SCHEME A - TIER I,12.3656
07/07/2019,PFM001,SBI PENSION FUNDS PRIVATE LIMITED,SM001012,SBI PENSION FUND SCHEME A - TIER I,12.3672
07/13/2019,PFM001,SBI PENSION FUNDS PRIVATE LIMITED,SM001012,SBI PENSION FUND SCHEME A - TIER I,12.392
07/14/2019,PFM001,SBI PENSION FUNDS PRIVATE LIMITED,SM001012,SBI PENSION FUND SCHEME A - TIER I,12.3935
07/20/2019,PFM001,SBI PENSION FUNDS PRIVATE LIMITED,SM001012,SBI PENSION FUND SCHEME A - TIER I,12.4144
07/21/2019,PFM001,SBI PENSION FUNDS PRIVATE LIMITED,SM001012,SBI PENSION FUND SCHEME A - TIER I,12.4159
07/22/2019,PFM001,SBI PENSION FUNDS PRIVATE LIMITED,SM001012,SBI PENSION FUND SCHEME A - TIER I,12.4068
07/27/2019,PFM001,SBI PENSION FUNDS PRIVATE LIMITED,SM001012,SBI PENSION FUND SCHEME A - TIER I,12.4443
07/28/2019,PFM001,SBI PENSION FUNDS PRIVATE LIMITED,SM001012,SBI PENSION FUND SCHEME A - TIER I,12.4457
08/03/2019,PFM001,SBI PENSION FUNDS PRIVATE LIMITED,SM001012,SBI PENSION FUND SCHEME A - TIER I,12.3999
08/04/2019,PFM001,SBI PENSION FUNDS PRIVATE LIMITED,SM001012,SBI PENSION FUND SCHEME A - TIER I,12.4014
08/10/2019,PFM001,SBI PENSION FUNDS PRIVATE LIMITED,SM001012,SBI PENSION FUND SCHEME A - TIER I,12.4819
08/11/2019,PFM001,SBI PENSION FUNDS PRIVATE LIMITED,SM001012,SBI PENSION FUND SCHEME A - TIER I,12.4834
08/12/2019,PFM001,SBI PENSION FUNDS PRIVATE LIMITED,SM001012,SBI PENSION FUND SCHEME A - TIER I,12.4848
08/15/2019,PFM001,SBI PENSION FUNDS PRIVATE LIMITED,SM001012,SBI PENSION FUND SCHEME A - TIER I,12.5002
08/17/2019,PFM001,SBI PENSION FUNDS PRIVATE LIMITED,SM001012,SBI PENSION FUND SCHEME A - TIER I,12.5062
08/18/2019,PFM001,SBI PENSION FUNDS PRIVATE LIMITED,SM001012,SBI PENSION FUND SCHEME A - TIER I,12.5077
11/30/2019,PFM001,SBI PENSION FUNDS PRIVATE LIMITED,SM001012,SBI PENSION FUND SCHEME A - TIER I,12.8313
06/26/2020,PFM001,SBI PENSION FUNDS PRIVATE LIMITED,SM001012,SBI PENSION FUND SCHEME A - TIER I,14.2006
