10/15/2016,PFM005,KOTAK MAHINDRA PENSION FUND LIMITED,SM005008,KOTAK PENSION FUND SCHEME A - TIER I,10
10/16/2016,PFM005,KOTAK MAHINDRA PENSION FUND LIMITED,SM005008,KOTAK PENSION FUND SCHEME A - TIER I,10
10/22/2016,PFM005,KOTAK MAHINDRA PENSION FUND LIMITED,SM005008,KOTAK PENSION FUND SCHEME A - TIER I,10
10/23/2016,PFM005,KOTAK MAHINDRA PENSION FUND LIMITED,SM005008,KOTAK PENSION FUND SCHEME A - TIER I,10
10/29/2016,PFM005,KOTAK MAHINDRA PENSION FUND LIMITED,SM005008,KOTAK PENSION FUND SCHEME A - TIER I,10
10/30/2016,PFM005,KOTAK MAHINDRA PENSION FUND LIMITED,SM005008,KOTAK PENSION FUND SCHEME A - TIER I,10
10/31/2016,PFM005,KOTAK MAHINDRA PENSION FUND LIMITED,SM005008,KOTAK PENSION FUND SCHEME A - TIER I,10
11/04/2016,PFM005,KOTAK MAHINDRA PENSION FUND LIMITED,SM005008,KOTAK PENSION FUND SCHEME A - TIER I,10
11/05/2016,PFM005,KOTAK MAHINDRA PENSION FUND LIMITED,SM005008,KOTAK PENSION FUND SCHEME A - TIER I,10
11/06/2016,PFM005,KOTAK MAHINDRA PENSION FUND LIMITED,SM005008,KOTAK PENSION FUND SCHEME A - TIER I,10
11/09/2016,PFM005,KOTAK MAHINDRA PENSION FUND LIMITED,SM005008,KOTAK PENSION FUND SCHEME A - TIER I,10
11/12/2016,PFM005,KOTAK MAHINDRA PENSION FUND LIMITED,SM005008,KOTAK PENSION FUND SCHEME A - TIER I,10
11/13/2016,PFM005,KOTAK MAHINDRA PENSION FUND LIMITED,SM005008,KOTAK PENSION FUND SCHEME A - TIER I,10
11/14/2016,PFM005,KOTAK MAHINDRA PENSION FUND LIMITED,SM005008,KOTAK PENSION FUND SCHEME A - TIER I,10
11/19/2016,PFM005,KOTAK MAHINDRA PENSION FUND LIMITED,SM005008,KOTAK PENSION FUND SCHEME A - TIER I,10
11/20/2016,PFM005,KOTAK MAHINDRA PENSION FUND LIMITED,SM005008,KOTAK PENSION FUND SCHEME A - TIER I,10
11/26/2016,PFM005,KOTAK MAHINDRA PENSION FUND LIMITED,SM005008,KOTAK PENSION FUND SCHEME A - TIER I,10
11/27/2016,PFM005,KOTAK MAHINDRA PENSION FUND LIMITED,SM005008,KOTAK PENSION FUND SCHEME A - TIER I,10
12/03/2016,PFM005,KOTAK MAHINDRA PENSION FUND LIMITED,SM005008,KOTAK PENSION FUND SCHEME A - TIER I,10.0097
12/04/2016,PFM005,KOTAK MAHINDRA PENSION FUND LIMITED,SM005008,KOTAK PENSION FUND SCHEME A - TIER I,10.0097
12/10/2016,PFM005,KOTAK MAHINDRA PENSION FUND LIMITED,SM005008,KOTAK PENSION FUND SCHEME A - TIER I,10.0198
12/11/2016,PFM005,KOTAK MAHINDRA PENSION FUND LIMITED,SM005008,KOTAK PENSION FUND SCHEME A - TIER I,10.0198
12/12/2016,PFM005,KOTAK MAHINDRA PENSION FUND LIMITED,SM005008,KOTAK PENSION FUND SCHEME A - TIER I,10.0198
12/17/2016,PFM005,KOTAK MAHINDRA PENSION FUND LIMITED,SM005008,KOTAK PENSION FUND SCHEME A - TIER I,10.03
12/18/2016,PFM005,KOTAK MAHINDRA PENSION FUND LIMITED,SM005008,KOTAK PENSION FUND SCHEME A - TIER I,10.03
12/24/2016,PFM005,KOTAK MAHINDRA PENSION FUND LIMITED,SM005008,KOTAK PENSION FUND SCHEME A - TIER I,10.0424
12/25/2016,PFM005,KOTAK MAHINDRA PENSION FUND LIMITED,SM005008,KOTAK PENSION FUND SCHEME A - TIER I,10.0423
12/31/2016,PFM005,KOTAK MAHINDRA PENSION FUND LIMITED,SM005008,KOTAK PENSION FUND SCHEME A - TIER I,10.0547
01/01/2017,PFM005,KOTAK MAHINDRA PENSION FUND LIMITED,SM005008,KOTAK PENSION FUND SCHEME A - TIER I,10.0547
01/07/2017,PFM005,KOTAK MAHINDRA PENSION FUND LIMITED,SM005008,KOTAK PENSION FUND SCHEME A - TIER I,10.0678
01/08/2017,PFM005,KOTAK MAHINDRA PENSION FUND LIMITED,SM005008,KOTAK PENSION FUND SCHEME A - TIER I,10.0678
01/14/2017,PFM005,KOTAK MAHINDRA PENSION FUND LIMITED,SM005008,KOTAK PENSION FUND SCHEME A - TIER I,10.0794
01/15/2017,PFM005,KOTAK MAHINDRA PENSION FUND LIMITED,SM005008,KOTAK PENSION FUND SCHEME A - TIER I,10.0794
01/21/2017,PFM005,KOTAK MAHINDRA PENSION FUND LIMITED,SM005008,KOTAK PENSION FUND SCHEME A - TIER I,10.0916
01/22/2017,PFM005,KOTAK MAHINDRA PENSION FUND LIMITED,SM005008,KOTAK PENSION FUND SCHEME A - TIER I,10.0916
01/26/2017,PFM005,KOTAK MAHINDRA PENSION FUND LIMITED,SM005008,KOTAK PENSION FUND SCHEME A - TIER I,10.1004
01/28/2017,PFM005,KOTAK MAHINDRA PENSION FUND LIMITED,SM005008,KOTAK PENSION FUND SCHEME A - TIER I,10.1040
01/29/2017,PFM005,KOTAK MAHINDRA PENSION FUND LIMITED,SM005008,KOTAK PENSION FUND SCHEME A - TIER I,10.1040
02/04/2017,PFM005,KOTAK MAHINDRA PENSION FUND LIMITED,SM005008,KOTAK PENSION FUND SCHEME A - TIER I,10.1167
02/05/2017,PFM005,KOTAK MAHINDRA PENSION FUND LIMITED,SM005008,KOTAK PENSION FUND SCHEME A - TIER I,10.1167
02/11/2017,PFM005,KOTAK MAHINDRA PENSION FUND LIMITED,SM005008,KOTAK PENSION FUND SCHEME A - TIER I,10.1289
02/12/2017,PFM005,KOTAK MAHINDRA PENSION FUND LIMITED,SM005008,KOTAK PENSION FUND SCHEME A - TIER I,10.1289
02/18/2017,PFM005,KOTAK MAHINDRA PENSION FUND LIMITED,SM005008,KOTAK PENSION FUND SCHEME A - TIER I,10.1415
02/19/2017,PFM005,KOTAK MAHINDRA PENSION FUND LIMITED,SM005008,KOTAK PENSION FUND SCHEME A - TIER I,10.1415
02/21/2017,PFM005,KOTAK MAHINDRA PENSION FUND LIMITED,SM005008,KOTAK PENSION FUND SCHEME A - TIER I,10.1471
02/24/2017,PFM005,KOTAK MAHINDRA PENSION FUND LIMITED,SM005008,KOTAK PENSION FUND SCHEME A - TIER I,10.1524
02/25/2017,PFM005,KOTAK MAHINDRA PENSION FUND LIMITED,SM005008,KOTAK PENSION FUND SCHEME A - TIER I,10.1524
02/26/2017,PFM005,KOTAK MAHINDRA PENSION FUND LIMITED,SM005008,KOTAK PENSION FUND SCHEME A - TIER I,10.1524
03/04/2017,PFM005,KOTAK MAHINDRA PENSION FUND LIMITED,SM005008,KOTAK PENSION FUND SCHEME A - TIER I,10.1669
03/05/2017,PFM005,KOTAK MAHINDRA PENSION FUND LIMITED,SM005008,KOTAK PENSION FUND SCHEME A - TIER I,10.1669
03/11/2017,PFM005,KOTAK MAHINDRA PENSION FUND LIMITED,SM005008,KOTAK PENSION FUND SCHEME A - TIER I,10.1792
03/12/2017,PFM005,KOTAK MAHINDRA PENSION FUND LIMITED,SM005008,KOTAK PENSION FUND SCHEME A - TIER I,10.1792
03/13/2017,PFM005,KOTAK MAHINDRA PENSION FUND LIMITED,SM005008,KOTAK PENSION FUND SCHEME A - TIER I,10.1791
03/18/2017,PFM005,KOTAK MAHINDRA PENSION FUND LIMITED,SM005008,KOTAK PENSION FUND SCHEME A - TIER I,10.1919
03/19/2017,PFM005,KOTAK MAHINDRA PENSION FUND LIMITED,SM005008,KOTAK PENSION FUND SCHEME A - TIER I,10.1919
03/25/2017,PFM005,KOTAK MAHINDRA PENSION FUND LIMITED,SM005008,KOTAK PENSION FUND SCHEME A - TIER I,10.2050
03/26/2017,PFM005,KOTAK MAHINDRA PENSION FUND LIMITED,SM005008,KOTAK PENSION FUND SCHEME A - TIER I,10.2050
03/28/2017,PFM005,KOTAK MAHINDRA PENSION FUND LIMITED,SM005008,KOTAK PENSION FUND SCHEME A - TIER I,10.2103
04/01/2017,PFM005,KOTAK MAHINDRA PENSION FUND LIMITED,SM005008,KOTAK PENSION FUND SCHEME A - TIER I,10.2177
04/02/2017,PFM005,KOTAK MAHINDRA PENSION FUND LIMITED,SM005008,KOTAK PENSION FUND SCHEME A - TIER I,10.2177
04/04/2017,PFM005,KOTAK MAHINDRA PENSION FUND LIMITED,SM005008,KOTAK PENSION FUND SCHEME A - TIER I,10.2249
04/08/2017,PFM005,KOTAK MAHINDRA PENSION FUND LIMITED,SM005008,KOTAK PENSION FUND SCHEME A - TIER I,10.2321
04/09/2017,PFM005,KOTAK MAHINDRA PENSION FUND LIMITED,SM005008,KOTAK PENSION FUND SCHEME A - TIER I,10.2321
04/14/2017,PFM005,KOTAK MAHINDRA PENSION FUND LIMITED,SM005008,KOTAK PENSION FUND SCHEME A - TIER I,10.2429
04/15/2017,PFM005,KOTAK MAHINDRA PENSION FUND LIMITED,SM005008,KOTAK PENSION FUND SCHEME A - TIER I,10.2429
04/16/2017,PFM005,KOTAK MAHINDRA PENSION FUND LIMITED,SM005008,KOTAK PENSION FUND SCHEME A - TIER I,10.2429
04/22/2017,PFM005,KOTAK MAHINDRA PENSION FUND LIMITED,SM005008,KOTAK PENSION FUND SCHEME A - TIER I,10.2571
04/23/2017,PFM005,KOTAK MAHINDRA PENSION FUND LIMITED,SM005008,KOTAK PENSION FUND SCHEME A - TIER I,10.2571
04/29/2017,PFM005,KOTAK MAHINDRA PENSION FUND LIMITED,SM005008,KOTAK PENSION FUND SCHEME A - TIER I,10.2695
04/30/2017,PFM005,KOTAK MAHINDRA PENSION FUND LIMITED,SM005008,KOTAK PENSION FUND SCHEME A - TIER I,10.2695
05/01/2017,PFM005,KOTAK MAHINDRA PENSION FUND LIMITED,SM005008,KOTAK PENSION FUND SCHEME A - TIER I,10.2695
05/06/2017,PFM005,KOTAK MAHINDRA PENSION FUND LIMITED,SM005008,KOTAK PENSION FUND SCHEME A - TIER I,10.2820
05/07/2017,PFM005,KOTAK MAHINDRA PENSION FUND LIMITED,SM005008,KOTAK PENSION FUND SCHEME A - TIER I,10.2820
05/10/2017,PFM005,KOTAK MAHINDRA PENSION FUND LIMITED,SM005008,KOTAK PENSION FUND SCHEME A - TIER I,10.2891
05/13/2017,PFM005,KOTAK MAHINDRA PENSION FUND LIMITED,SM005008,KOTAK PENSION FUND SCHEME A - TIER I,10.2945
05/14/2017,PFM005,KOTAK MAHINDRA PENSION FUND LIMITED,SM005008,KOTAK PENSION FUND SCHEME A - TIER I,10.2945
05/15/2017,PFM005,KOTAK MAHINDRA PENSION FUND LIMITED,SM005008,KOTAK PENSION FUND SCHEME A - TIER I,10.2999
05/20/2017,PFM005,KOTAK MAHINDRA PENSION FUND LIMITED,SM005008,KOTAK PENSION FUND SCHEME A - TIER I,10.3073
05/21/2017,PFM005,KOTAK MAHINDRA PENSION FUND LIMITED,SM005008,KOTAK PENSION FUND SCHEME A - TIER I,10.3072
05/27/2017,PFM005,KOTAK MAHINDRA PENSION FUND LIMITED,SM005008,KOTAK PENSION FUND SCHEME A - TIER I,10.3199
05/28/2017,PFM005,KOTAK MAHINDRA PENSION FUND LIMITED,SM005008,KOTAK PENSION FUND SCHEME A - TIER I,10.3199
05/30/2017,PFM005,KOTAK MAHINDRA PENSION FUND LIMITED,SM005008,KOTAK PENSION FUND SCHEME A - TIER I,10.3272
06/03/2017,PFM005,KOTAK MAHINDRA PENSION FUND LIMITED,SM005008,KOTAK PENSION FUND SCHEME A - TIER I,10.3327
06/04/2017,PFM005,KOTAK MAHINDRA PENSION FUND LIMITED,SM005008,KOTAK PENSION FUND SCHEME A - TIER I,10.3327
06/10/2017,PFM005,KOTAK MAHINDRA PENSION FUND LIMITED,SM005008,KOTAK PENSION FUND SCHEME A - TIER I,10.3453
06/11/2017,PFM005,KOTAK MAHINDRA PENSION FUND LIMITED,SM005008,KOTAK PENSION FUND SCHEME A - TIER I,10.3453
06/17/2017,PFM005,KOTAK MAHINDRA PENSION FUND LIMITED,SM005008,KOTAK PENSION FUND SCHEME A - TIER I,10.3580
06/18/2017,PFM005,KOTAK MAHINDRA PENSION FUND LIMITED,SM005008,KOTAK PENSION FUND SCHEME A - TIER I,10.3580
06/24/2017,PFM005,KOTAK MAHINDRA PENSION FUND LIMITED,SM005008,KOTAK PENSION FUND SCHEME A - TIER I,10.3705
06/25/2017,PFM005,KOTAK MAHINDRA PENSION FUND LIMITED,SM005008,KOTAK PENSION FUND SCHEME A - TIER I,10.3705
06/26/2017,PFM005,KOTAK MAHINDRA PENSION FUND LIMITED,SM005008,KOTAK PENSION FUND SCHEME A - TIER I,10.3705
06/28/2017,PFM005,KOTAK MAHINDRA PENSION FUND LIMITED,SM005008,KOTAK PENSION FUND SCHEME A - TIER I,10.3797
07/01/2017,PFM005,KOTAK MAHINDRA PENSION FUND LIMITED,SM005008,KOTAK PENSION FUND SCHEME A - TIER I,10.3835
07/02/2017,PFM005,KOTAK MAHINDRA PENSION FUND LIMITED,SM005008,KOTAK PENSION FUND SCHEME A - TIER I,10.3835
07/08/2017,PFM005,KOTAK MAHINDRA PENSION FUND LIMITED,SM005008,KOTAK PENSION FUND SCHEME A - TIER I,10.3970
07/09/2017,PFM005,KOTAK MAHINDRA PENSION FUND LIMITED,SM005008,KOTAK PENSION FUND SCHEME A - TIER I,10.3970
07/15/2017,PFM005,KOTAK MAHINDRA PENSION FUND LIMITED,SM005008,KOTAK PENSION FUND SCHEME A - TIER I,10.4101
07/16/2017,PFM005,KOTAK MAHINDRA PENSION FUND LIMITED,SM005008,KOTAK PENSION FUND SCHEME A - TIER I,10.41
07/22/2017,PFM005,KOTAK MAHINDRA PENSION FUND LIMITED,SM005008,KOTAK PENSION FUND SCHEME A - TIER I,10.4230
07/23/2017,PFM005,KOTAK MAHINDRA PENSION FUND LIMITED,SM005008,KOTAK PENSION FUND SCHEME A - TIER I,10.4230
07/29/2017,PFM005,KOTAK MAHINDRA PENSION FUND LIMITED,SM005008,KOTAK PENSION FUND SCHEME A - TIER I,10.4360
07/30/2017,PFM005,KOTAK MAHINDRA PENSION FUND LIMITED,SM005008,KOTAK PENSION FUND SCHEME A - TIER I,10.4360
08/05/2017,PFM005,KOTAK MAHINDRA PENSION FUND LIMITED,SM005008,KOTAK PENSION FUND SCHEME A - TIER I,10.4490
08/06/2017,PFM005,KOTAK MAHINDRA PENSION FUND LIMITED,SM005008,KOTAK PENSION FUND SCHEME A - TIER I,10.4490
08/12/2017,PFM005,KOTAK MAHINDRA PENSION FUND LIMITED,SM005008,KOTAK PENSION FUND SCHEME A - TIER I,10.4620
08/13/2017,PFM005,KOTAK MAHINDRA PENSION FUND LIMITED,SM005008,KOTAK PENSION FUND SCHEME A - TIER I,10.4620
08/15/2017,PFM005,KOTAK MAHINDRA PENSION FUND LIMITED,SM005008,KOTAK PENSION FUND SCHEME A - TIER I,10.4675
08/17/2017,PFM005,KOTAK MAHINDRA PENSION FUND LIMITED,SM005008,KOTAK PENSION FUND SCHEME A - TIER I,10.4712
08/19/2017,PFM005,KOTAK MAHINDRA PENSION FUND LIMITED,SM005008,KOTAK PENSION FUND SCHEME A - TIER I,10.4748
08/20/2017,PFM005,KOTAK MAHINDRA PENSION FUND LIMITED,SM005008,KOTAK PENSION FUND SCHEME A - TIER I,10.4748
08/25/2017,PFM005,KOTAK MAHINDRA PENSION FUND LIMITED,SM005008,KOTAK PENSION FUND SCHEME A - TIER I,10.4856
08/26/2017,PFM005,KOTAK MAHINDRA PENSION FUND LIMITED,SM005008,KOTAK PENSION FUND SCHEME A - TIER I,10.4856
08/27/2017,PFM005,KOTAK MAHINDRA PENSION FUND LIMITED,SM005008,KOTAK PENSION FUND SCHEME A - TIER I,10.4856
08/29/2017,PFM005,KOTAK MAHINDRA PENSION FUND LIMITED,SM005008,KOTAK PENSION FUND SCHEME A - TIER I,10.4946
09/02/2017,PFM005,KOTAK MAHINDRA PENSION FUND LIMITED,SM005008,KOTAK PENSION FUND SCHEME A - TIER I,10.5002
09/03/2017,PFM005,KOTAK MAHINDRA PENSION FUND LIMITED,SM005008,KOTAK PENSION FUND SCHEME A - TIER I,10.5002
09/09/2017,PFM005,KOTAK MAHINDRA PENSION FUND LIMITED,SM005008,KOTAK PENSION FUND SCHEME A - TIER I,10.5128
09/10/2017,PFM005,KOTAK MAHINDRA PENSION FUND LIMITED,SM005008,KOTAK PENSION FUND SCHEME A - TIER I,10.5127
09/16/2017,PFM005,KOTAK MAHINDRA PENSION FUND LIMITED,SM005008,KOTAK PENSION FUND SCHEME A - TIER I,10.5253
09/17/2017,PFM005,KOTAK MAHINDRA PENSION FUND LIMITED,SM005008,KOTAK PENSION FUND SCHEME A - TIER I,10.5253
09/23/2017,PFM005,KOTAK MAHINDRA PENSION FUND LIMITED,SM005008,KOTAK PENSION FUND SCHEME A - TIER I,10.5381
09/24/2017,PFM005,KOTAK MAHINDRA PENSION FUND LIMITED,SM005008,KOTAK PENSION FUND SCHEME A - TIER I,10.5381
09/30/2017,PFM005,KOTAK MAHINDRA PENSION FUND LIMITED,SM005008,KOTAK PENSION FUND SCHEME A - TIER I,10.5507
10/01/2017,PFM005,KOTAK MAHINDRA PENSION FUND LIMITED,SM005008,KOTAK PENSION FUND SCHEME A - TIER I,10.5507
10/02/2017,PFM005,KOTAK MAHINDRA PENSION FUND LIMITED,SM005008,KOTAK PENSION FUND SCHEME A - TIER I,10.5507
10/07/2017,PFM005,KOTAK MAHINDRA PENSION FUND LIMITED,SM005008,KOTAK PENSION FUND SCHEME A - TIER I,10.5642
10/08/2017,PFM005,KOTAK MAHINDRA PENSION FUND LIMITED,SM005008,KOTAK PENSION FUND SCHEME A - TIER I,10.5642
10/14/2017,PFM005,KOTAK MAHINDRA PENSION FUND LIMITED,SM005008,KOTAK PENSION FUND SCHEME A - TIER I,10.5768
10/15/2017,PFM005,KOTAK MAHINDRA PENSION FUND LIMITED,SM005008,KOTAK PENSION FUND SCHEME A - TIER I,10.5768
10/19/2017,PFM005,KOTAK MAHINDRA PENSION FUND LIMITED,SM005008,KOTAK PENSION FUND SCHEME A - TIER I,10.5861
10/20/2017,PFM005,KOTAK MAHINDRA PENSION FUND LIMITED,SM005008,KOTAK PENSION FUND SCHEME A - TIER I,10.5861
10/21/2017,PFM005,KOTAK MAHINDRA PENSION FUND LIMITED,SM005008,KOTAK PENSION FUND SCHEME A - TIER I,10.5861
10/22/2017,PFM005,KOTAK MAHINDRA PENSION FUND LIMITED,SM005008,KOTAK PENSION FUND SCHEME A - TIER I,10.5861
10/28/2017,PFM005,KOTAK MAHINDRA PENSION FUND LIMITED,SM005008,KOTAK PENSION FUND SCHEME A - TIER I,10.6185
10/29/2017,PFM005,KOTAK MAHINDRA PENSION FUND LIMITED,SM005008,KOTAK PENSION FUND SCHEME A - TIER I,10.62
11/04/2017,PFM005,KOTAK MAHINDRA PENSION FUND LIMITED,SM005008,KOTAK PENSION FUND SCHEME A - TIER I,10.5899
11/05/2017,PFM005,KOTAK MAHINDRA PENSION FUND LIMITED,SM005008,KOTAK PENSION FUND SCHEME A - TIER I,10.5913
11/11/2017,PFM005,KOTAK MAHINDRA PENSION FUND LIMITED,SM005008,KOTAK PENSION FUND SCHEME A - TIER I,10.6661
11/12/2017,PFM005,KOTAK MAHINDRA PENSION FUND LIMITED,SM005008,KOTAK PENSION FUND SCHEME A - TIER I,10.6675
11/18/2017,PFM005,KOTAK MAHINDRA PENSION FUND LIMITED,SM005008,KOTAK PENSION FUND SCHEME A - TIER I,10.6822
11/19/2017,PFM005,KOTAK MAHINDRA PENSION FUND LIMITED,SM005008,KOTAK PENSION FUND SCHEME A - TIER I,10.6835
11/25/2017,PFM005,KOTAK MAHINDRA PENSION FUND LIMITED,SM005008,KOTAK PENSION FUND SCHEME A - TIER I,10.6138
11/26/2017,PFM005,KOTAK MAHINDRA PENSION FUND LIMITED,SM005008,KOTAK PENSION FUND SCHEME A - TIER I,10.6151
12/01/2017,PFM005,KOTAK MAHINDRA PENSION FUND LIMITED,SM005008,KOTAK PENSION FUND SCHEME A - TIER I,10.6255
12/02/2017,PFM005,KOTAK MAHINDRA PENSION FUND LIMITED,SM005008,KOTAK PENSION FUND SCHEME A - TIER I,10.6267
12/03/2017,PFM005,KOTAK MAHINDRA PENSION FUND LIMITED,SM005008,KOTAK PENSION FUND SCHEME A - TIER I,10.6279
12/09/2017,PFM005,KOTAK MAHINDRA PENSION FUND LIMITED,SM005008,KOTAK PENSION FUND SCHEME A - TIER I,10.6953
12/10/2017,PFM005,KOTAK MAHINDRA PENSION FUND LIMITED,SM005008,KOTAK PENSION FUND SCHEME A - TIER I,10.6964
12/16/2017,PFM005,KOTAK MAHINDRA PENSION FUND LIMITED,SM005008,KOTAK PENSION FUND SCHEME A - TIER I,10.6442
12/17/2017,PFM005,KOTAK MAHINDRA PENSION FUND LIMITED,SM005008,KOTAK PENSION FUND SCHEME A - TIER I,10.6454
12/23/2017,PFM005,KOTAK MAHINDRA PENSION FUND LIMITED,SM005008,KOTAK PENSION FUND SCHEME A - TIER I,10.6408
12/24/2017,PFM005,KOTAK MAHINDRA PENSION FUND LIMITED,SM005008,KOTAK PENSION FUND SCHEME A - TIER I,10.6419
12/25/2017,PFM005,KOTAK MAHINDRA PENSION FUND LIMITED,SM005008,KOTAK PENSION FUND SCHEME A - TIER I,10.6430
12/30/2017,PFM005,KOTAK MAHINDRA PENSION FUND LIMITED,SM005008,KOTAK PENSION FUND SCHEME A - TIER I,10.6355
12/31/2017,PFM005,KOTAK MAHINDRA PENSION FUND LIMITED,SM005008,KOTAK PENSION FUND SCHEME A - TIER I,10.6366
01/06/2018,PFM005,KOTAK MAHINDRA PENSION FUND LIMITED,SM005008,KOTAK PENSION FUND SCHEME A - TIER I,10.6897
01/07/2018,PFM005,KOTAK MAHINDRA PENSION FUND LIMITED,SM005008,KOTAK PENSION FUND SCHEME A - TIER I,10.6908
01/13/2018,PFM005,KOTAK MAHINDRA PENSION FUND LIMITED,SM005008,KOTAK PENSION FUND SCHEME A - TIER I,10.7880
01/14/2018,PFM005,KOTAK MAHINDRA PENSION FUND LIMITED,SM005008,KOTAK PENSION FUND SCHEME A - TIER I,10.79
01/20/2018,PFM005,KOTAK MAHINDRA PENSION FUND LIMITED,SM005008,KOTAK PENSION FUND SCHEME A - TIER I,10.8175
01/21/2018,PFM005,KOTAK MAHINDRA PENSION FUND LIMITED,SM005008,KOTAK PENSION FUND SCHEME A - TIER I,10.8194
01/26/2018,PFM005,KOTAK MAHINDRA PENSION FUND LIMITED,SM005008,KOTAK PENSION FUND SCHEME A - TIER I,10.7460
01/27/2018,PFM005,KOTAK MAHINDRA PENSION FUND LIMITED,SM005008,KOTAK PENSION FUND SCHEME A - TIER I,10.7476
01/28/2018,PFM005,KOTAK MAHINDRA PENSION FUND LIMITED,SM005008,KOTAK PENSION FUND SCHEME A - TIER I,10.7492
02/03/2018,PFM005,KOTAK MAHINDRA PENSION FUND LIMITED,SM005008,KOTAK PENSION FUND SCHEME A - TIER I,10.8590
02/04/2018,PFM005,KOTAK MAHINDRA PENSION FUND LIMITED,SM005008,KOTAK PENSION FUND SCHEME A - TIER I,10.8614
02/10/2018,PFM005,KOTAK MAHINDRA PENSION FUND LIMITED,SM005008,KOTAK PENSION FUND SCHEME A - TIER I,10.9555
02/11/2018,PFM005,KOTAK MAHINDRA PENSION FUND LIMITED,SM005008,KOTAK PENSION FUND SCHEME A - TIER I,10.9576
02/13/2018,PFM005,KOTAK MAHINDRA PENSION FUND LIMITED,SM005008,KOTAK PENSION FUND SCHEME A - TIER I,10.9745
02/17/2018,PFM005,KOTAK MAHINDRA PENSION FUND LIMITED,SM005008,KOTAK PENSION FUND SCHEME A - TIER I,10.8373
02/18/2018,PFM005,KOTAK MAHINDRA PENSION FUND LIMITED,SM005008,KOTAK PENSION FUND SCHEME A - TIER I,10.8394
02/19/2018,PFM005,KOTAK MAHINDRA PENSION FUND LIMITED,SM005008,KOTAK PENSION FUND SCHEME A - TIER I,10.8414
02/24/2018,PFM005,KOTAK MAHINDRA PENSION FUND LIMITED,SM005008,KOTAK PENSION FUND SCHEME A - TIER I,10.7278
02/25/2018,PFM005,KOTAK MAHINDRA PENSION FUND LIMITED,SM005008,KOTAK PENSION FUND SCHEME A - TIER I,10.7298
03/02/2018,PFM005,KOTAK MAHINDRA PENSION FUND LIMITED,SM005008,KOTAK PENSION FUND SCHEME A - TIER I,10.6735
03/03/2018,PFM005,KOTAK MAHINDRA PENSION FUND LIMITED,SM005008,KOTAK PENSION FUND SCHEME A - TIER I,10.6754
03/04/2018,PFM005,KOTAK MAHINDRA PENSION FUND LIMITED,SM005008,KOTAK PENSION FUND SCHEME A - TIER I,10.6772
03/10/2018,PFM005,KOTAK MAHINDRA PENSION FUND LIMITED,SM005008,KOTAK PENSION FUND SCHEME A - TIER I,10.8636
03/11/2018,PFM005,KOTAK MAHINDRA PENSION FUND LIMITED,SM005008,KOTAK PENSION FUND SCHEME A - TIER I,10.8654
03/13/2018,PFM005,KOTAK MAHINDRA PENSION FUND LIMITED,SM005008,KOTAK PENSION FUND SCHEME A - TIER I,10.9412
03/17/2018,PFM005,KOTAK MAHINDRA PENSION FUND LIMITED,SM005008,KOTAK PENSION FUND SCHEME A - TIER I,10.9029
03/18/2018,PFM005,KOTAK MAHINDRA PENSION FUND LIMITED,SM005008,KOTAK PENSION FUND SCHEME A - TIER I,10.9051
03/24/2018,PFM005,KOTAK MAHINDRA PENSION FUND LIMITED,SM005008,KOTAK PENSION FUND SCHEME A - TIER I,10.9265
03/25/2018,PFM005,KOTAK MAHINDRA PENSION FUND LIMITED,SM005008,KOTAK PENSION FUND SCHEME A - TIER I,10.9285
03/29/2018,PFM005,KOTAK MAHINDRA PENSION FUND LIMITED,SM005008,KOTAK PENSION FUND SCHEME A - TIER I,10.9224
03/30/2018,PFM005,KOTAK MAHINDRA PENSION FUND LIMITED,SM005008,KOTAK PENSION FUND SCHEME A - TIER I,10.9242
04/01/2018,PFM005,KOTAK MAHINDRA PENSION FUND LIMITED,SM005008,KOTAK PENSION FUND SCHEME A - TIER I,11.0068
04/02/2018,PFM005,KOTAK MAHINDRA PENSION FUND LIMITED,SM005008,KOTAK PENSION FUND SCHEME A - TIER I,11.0087
04/07/2018,PFM005,KOTAK MAHINDRA PENSION FUND LIMITED,SM005008,KOTAK PENSION FUND SCHEME A - TIER I,11.1599
04/08/2018,PFM005,KOTAK MAHINDRA PENSION FUND LIMITED,SM005008,KOTAK PENSION FUND SCHEME A - TIER I,11.1620
04/14/2018,PFM005,KOTAK MAHINDRA PENSION FUND LIMITED,SM005008,KOTAK PENSION FUND SCHEME A - TIER I,11.1343
04/15/2018,PFM005,KOTAK MAHINDRA PENSION FUND LIMITED,SM005008,KOTAK PENSION FUND SCHEME A - TIER I,11.1364
04/20/2018,PFM005,KOTAK MAHINDRA PENSION FUND LIMITED,SM005008,KOTAK PENSION FUND SCHEME A - TIER I,11.0661
04/21/2018,PFM005,KOTAK MAHINDRA PENSION FUND LIMITED,SM005008,KOTAK PENSION FUND SCHEME A - TIER I,11.0682
04/22/2018,PFM005,KOTAK MAHINDRA PENSION FUND LIMITED,SM005008,KOTAK PENSION FUND SCHEME A - TIER I,11.0703
04/28/2018,PFM005,KOTAK MAHINDRA PENSION FUND LIMITED,SM005008,KOTAK PENSION FUND SCHEME A - TIER I,11.0111
04/29/2018,PFM005,KOTAK MAHINDRA PENSION FUND LIMITED,SM005008,KOTAK PENSION FUND SCHEME A - TIER I,11.0132
04/30/2018,PFM005,KOTAK MAHINDRA PENSION FUND LIMITED,SM005008,KOTAK PENSION FUND SCHEME A - TIER I,11.0153
05/01/2018,PFM005,KOTAK MAHINDRA PENSION FUND LIMITED,SM005008,KOTAK PENSION FUND SCHEME A - TIER I,11.0174
05/05/2018,PFM005,KOTAK MAHINDRA PENSION FUND LIMITED,SM005008,KOTAK PENSION FUND SCHEME A - TIER I,11.0826
05/06/2018,PFM005,KOTAK MAHINDRA PENSION FUND LIMITED,SM005008,KOTAK PENSION FUND SCHEME A - TIER I,11.0847
05/12/2018,PFM005,KOTAK MAHINDRA PENSION FUND LIMITED,SM005008,KOTAK PENSION FUND SCHEME A - TIER I,11.0295
05/13/2018,PFM005,KOTAK MAHINDRA PENSION FUND LIMITED,SM005008,KOTAK PENSION FUND SCHEME A - TIER I,11.0316
05/19/2018,PFM005,KOTAK MAHINDRA PENSION FUND LIMITED,SM005008,KOTAK PENSION FUND SCHEME A - TIER I,10.7686
05/20/2018,PFM005,KOTAK MAHINDRA PENSION FUND LIMITED,SM005008,KOTAK PENSION FUND SCHEME A - TIER I,10.7707
05/26/2018,PFM005,KOTAK MAHINDRA PENSION FUND LIMITED,SM005008,KOTAK PENSION FUND SCHEME A - TIER I,11.0556
05/27/2018,PFM005,KOTAK MAHINDRA PENSION FUND LIMITED,SM005008,KOTAK PENSION FUND SCHEME A - TIER I,11.0577
06/02/2018,PFM005,KOTAK MAHINDRA PENSION FUND LIMITED,SM005008,KOTAK PENSION FUND SCHEME A - TIER I,11.05
06/03/2018,PFM005,KOTAK MAHINDRA PENSION FUND LIMITED,SM005008,KOTAK PENSION FUND SCHEME A - TIER I,11.0521
06/16/2018,PFM005,KOTAK MAHINDRA PENSION FUND LIMITED,SM005008,KOTAK PENSION FUND SCHEME A - TIER I,11.0623
06/17/2018,PFM005,KOTAK MAHINDRA PENSION FUND LIMITED,SM005008,KOTAK PENSION FUND SCHEME A - TIER I,11.0647
06/23/2018,PFM005,KOTAK MAHINDRA PENSION FUND LIMITED,SM005008,KOTAK PENSION FUND SCHEME A - TIER I,10.7816
06/24/2018,PFM005,KOTAK MAHINDRA PENSION FUND LIMITED,SM005008,KOTAK PENSION FUND SCHEME A - TIER I,10.7840
06/30/2018,PFM005,KOTAK MAHINDRA PENSION FUND LIMITED,SM005008,KOTAK PENSION FUND SCHEME A - TIER I,11.1587
07/01/2018,PFM005,KOTAK MAHINDRA PENSION FUND LIMITED,SM005008,KOTAK PENSION FUND SCHEME A - TIER I,11.1611
07/07/2018,PFM005,KOTAK MAHINDRA PENSION FUND LIMITED,SM005008,KOTAK PENSION FUND SCHEME A - TIER I,10.8183
07/08/2018,PFM005,KOTAK MAHINDRA PENSION FUND LIMITED,SM005008,KOTAK PENSION FUND SCHEME A - TIER I,10.8206
07/14/2018,PFM005,KOTAK MAHINDRA PENSION FUND LIMITED,SM005008,KOTAK PENSION FUND SCHEME A - TIER I,10.8490
07/15/2018,PFM005,KOTAK MAHINDRA PENSION FUND LIMITED,SM005008,KOTAK PENSION FUND SCHEME A - TIER I,10.8513
07/21/2018,PFM005,KOTAK MAHINDRA PENSION FUND LIMITED,SM005008,KOTAK PENSION FUND SCHEME A - TIER I,10.8672
07/22/2018,PFM005,KOTAK MAHINDRA PENSION FUND LIMITED,SM005008,KOTAK PENSION FUND SCHEME A - TIER I,10.8695
07/28/2018,PFM005,KOTAK MAHINDRA PENSION FUND LIMITED,SM005008,KOTAK PENSION FUND SCHEME A - TIER I,10.8770
07/29/2018,PFM005,KOTAK MAHINDRA PENSION FUND LIMITED,SM005008,KOTAK PENSION FUND SCHEME A - TIER I,10.8794
08/04/2018,PFM005,KOTAK MAHINDRA PENSION FUND LIMITED,SM005008,KOTAK PENSION FUND SCHEME A - TIER I,11.2618
08/05/2018,PFM005,KOTAK MAHINDRA PENSION FUND LIMITED,SM005008,KOTAK PENSION FUND SCHEME A - TIER I,11.2639
08/11/2018,PFM005,KOTAK MAHINDRA PENSION FUND LIMITED,SM005008,KOTAK PENSION FUND SCHEME A - TIER I,10.9502
08/12/2018,PFM005,KOTAK MAHINDRA PENSION FUND LIMITED,SM005008,KOTAK PENSION FUND SCHEME A - TIER I,10.9527
08/15/2018,PFM005,KOTAK MAHINDRA PENSION FUND LIMITED,SM005008,KOTAK PENSION FUND SCHEME A - TIER I,10.9004
08/17/2018,PFM005,KOTAK MAHINDRA PENSION FUND LIMITED,SM005008,KOTAK PENSION FUND SCHEME A - TIER I,10.8889
08/18/2018,PFM005,KOTAK MAHINDRA PENSION FUND LIMITED,SM005008,KOTAK PENSION FUND SCHEME A - TIER I,10.8913
08/19/2018,PFM005,KOTAK MAHINDRA PENSION FUND LIMITED,SM005008,KOTAK PENSION FUND SCHEME A - TIER I,10.8938
08/22/2018,PFM005,KOTAK MAHINDRA PENSION FUND LIMITED,SM005008,KOTAK PENSION FUND SCHEME A - TIER I,10.9239
08/25/2018,PFM005,KOTAK MAHINDRA PENSION FUND LIMITED,SM005008,KOTAK PENSION FUND SCHEME A - TIER I,10.8981
08/26/2018,PFM005,KOTAK MAHINDRA PENSION FUND LIMITED,SM005008,KOTAK PENSION FUND SCHEME A - TIER I,10.9006
09/01/2018,PFM005,KOTAK MAHINDRA PENSION FUND LIMITED,SM005008,KOTAK PENSION FUND SCHEME A - TIER I,10.9039
09/02/2018,PFM005,KOTAK MAHINDRA PENSION FUND LIMITED,SM005008,KOTAK PENSION FUND SCHEME A - TIER I,10.9064
09/08/2018,PFM005,KOTAK MAHINDRA PENSION FUND LIMITED,SM005008,KOTAK PENSION FUND SCHEME A - TIER I,11.1686
09/09/2018,PFM005,KOTAK MAHINDRA PENSION FUND LIMITED,SM005008,KOTAK PENSION FUND SCHEME A - TIER I,11.1710
09/13/2018,PFM005,KOTAK MAHINDRA PENSION FUND LIMITED,SM005008,KOTAK PENSION FUND SCHEME A - TIER I,11.2637
09/15/2018,PFM005,KOTAK MAHINDRA PENSION FUND LIMITED,SM005008,KOTAK PENSION FUND SCHEME A - TIER I,10.6372
09/16/2018,PFM005,KOTAK MAHINDRA PENSION FUND LIMITED,SM005008,KOTAK PENSION FUND SCHEME A - TIER I,10.6397
09/20/2018,PFM005,KOTAK MAHINDRA PENSION FUND LIMITED,SM005008,KOTAK PENSION FUND SCHEME A - TIER I,10.6710
09/22/2018,PFM005,KOTAK MAHINDRA PENSION FUND LIMITED,SM005008,KOTAK PENSION FUND SCHEME A - TIER I,10.6761
09/23/2018,PFM005,KOTAK MAHINDRA PENSION FUND LIMITED,SM005008,KOTAK PENSION FUND SCHEME A - TIER I,10.6785
09/29/2018,PFM005,KOTAK MAHINDRA PENSION FUND LIMITED,SM005008,KOTAK PENSION FUND SCHEME A - TIER I,10.7213
09/30/2018,PFM005,KOTAK MAHINDRA PENSION FUND LIMITED,SM005008,KOTAK PENSION FUND SCHEME A - TIER I,10.7237
10/02/2018,PFM005,KOTAK MAHINDRA PENSION FUND LIMITED,SM005008,KOTAK PENSION FUND SCHEME A - TIER I,10.7598
10/06/2018,PFM005,KOTAK MAHINDRA PENSION FUND LIMITED,SM005008,KOTAK PENSION FUND SCHEME A - TIER I,10.7438
10/07/2018,PFM005,KOTAK MAHINDRA PENSION FUND LIMITED,SM005008,KOTAK PENSION FUND SCHEME A - TIER I,10.7462
10/13/2018,PFM005,KOTAK MAHINDRA PENSION FUND LIMITED,SM005008,KOTAK PENSION FUND SCHEME A - TIER I,10.8188
10/14/2018,PFM005,KOTAK MAHINDRA PENSION FUND LIMITED,SM005008,KOTAK PENSION FUND SCHEME A - TIER I,10.8211
10/20/2018,PFM005,KOTAK MAHINDRA PENSION FUND LIMITED,SM005008,KOTAK PENSION FUND SCHEME A - TIER I,10.8842
10/21/2018,PFM005,KOTAK MAHINDRA PENSION FUND LIMITED,SM005008,KOTAK PENSION FUND SCHEME A - TIER I,10.8865
10/27/2018,PFM005,KOTAK MAHINDRA PENSION FUND LIMITED,SM005008,KOTAK PENSION FUND SCHEME A - TIER I,10.8958
10/28/2018,PFM005,KOTAK MAHINDRA PENSION FUND LIMITED,SM005008,KOTAK PENSION FUND SCHEME A - TIER I,10.8981
11/03/2018,PFM005,KOTAK MAHINDRA PENSION FUND LIMITED,SM005008,KOTAK PENSION FUND SCHEME A - TIER I,10.9538
11/04/2018,PFM005,KOTAK MAHINDRA PENSION FUND LIMITED,SM005008,KOTAK PENSION FUND SCHEME A - TIER I,10.9561
11/07/2018,PFM005,KOTAK MAHINDRA PENSION FUND LIMITED,SM005008,KOTAK PENSION FUND SCHEME A - TIER I,10.9272
11/08/2018,PFM005,KOTAK MAHINDRA PENSION FUND LIMITED,SM005008,KOTAK PENSION FUND SCHEME A - TIER I,10.9295
11/10/2018,PFM005,KOTAK MAHINDRA PENSION FUND LIMITED,SM005008,KOTAK PENSION FUND SCHEME A - TIER I,10.9698
11/11/2018,PFM005,KOTAK MAHINDRA PENSION FUND LIMITED,SM005008,KOTAK PENSION FUND SCHEME A - TIER I,10.9721
11/17/2018,PFM005,KOTAK MAHINDRA PENSION FUND LIMITED,SM005008,KOTAK PENSION FUND SCHEME A - TIER I,11.0121
11/18/2018,PFM005,KOTAK MAHINDRA PENSION FUND LIMITED,SM005008,KOTAK PENSION FUND SCHEME A - TIER I,11.0144
11/21/2018,PFM005,KOTAK MAHINDRA PENSION FUND LIMITED,SM005008,KOTAK PENSION FUND SCHEME A - TIER I,11.0649
11/23/2018,PFM005,KOTAK MAHINDRA PENSION FUND LIMITED,SM005008,KOTAK PENSION FUND SCHEME A - TIER I,11.0541
11/24/2018,PFM005,KOTAK MAHINDRA PENSION FUND LIMITED,SM005008,KOTAK PENSION FUND SCHEME A - TIER I,11.0564
11/25/2018,PFM005,KOTAK MAHINDRA PENSION FUND LIMITED,SM005008,KOTAK PENSION FUND SCHEME A - TIER I,11.0586
12/01/2018,PFM005,KOTAK MAHINDRA PENSION FUND LIMITED,SM005008,KOTAK PENSION FUND SCHEME A - TIER I,11.1459
12/02/2018,PFM005,KOTAK MAHINDRA PENSION FUND LIMITED,SM005008,KOTAK PENSION FUND SCHEME A - TIER I,11.1486
12/08/2018,PFM005,KOTAK MAHINDRA PENSION FUND LIMITED,SM005008,KOTAK PENSION FUND SCHEME A - TIER I,11.2140
12/15/2018,PFM005,KOTAK MAHINDRA PENSION FUND LIMITED,SM005008,KOTAK PENSION FUND SCHEME A - TIER I,11.1883
12/16/2018,PFM005,KOTAK MAHINDRA PENSION FUND LIMITED,SM005008,KOTAK PENSION FUND SCHEME A - TIER I,11.1908
12/22/2018,PFM005,KOTAK MAHINDRA PENSION FUND LIMITED,SM005008,KOTAK PENSION FUND SCHEME A - TIER I,11.3376
12/23/2018,PFM005,KOTAK MAHINDRA PENSION FUND LIMITED,SM005008,KOTAK PENSION FUND SCHEME A - TIER I,11.3401
12/25/2018,PFM005,KOTAK MAHINDRA PENSION FUND LIMITED,SM005008,KOTAK PENSION FUND SCHEME A - TIER I,11.3363
12/29/2018,PFM005,KOTAK MAHINDRA PENSION FUND LIMITED,SM005008,KOTAK PENSION FUND SCHEME A - TIER I,11.2727
12/30/2018,PFM005,KOTAK MAHINDRA PENSION FUND LIMITED,SM005008,KOTAK PENSION FUND SCHEME A - TIER I,11.2752
01/05/2019,PFM005,KOTAK MAHINDRA PENSION FUND LIMITED,SM005008,KOTAK PENSION FUND SCHEME A - TIER I,11.3714
01/06/2019,PFM005,KOTAK MAHINDRA PENSION FUND LIMITED,SM005008,KOTAK PENSION FUND SCHEME A - TIER I,11.3739
01/12/2019,PFM005,KOTAK MAHINDRA PENSION FUND LIMITED,SM005008,KOTAK PENSION FUND SCHEME A - TIER I,11.4040
01/13/2019,PFM005,KOTAK MAHINDRA PENSION FUND LIMITED,SM005008,KOTAK PENSION FUND SCHEME A - TIER I,11.4064
01/19/2019,PFM005,KOTAK MAHINDRA PENSION FUND LIMITED,SM005008,KOTAK PENSION FUND SCHEME A - TIER I,11.2138
01/20/2019,PFM005,KOTAK MAHINDRA PENSION FUND LIMITED,SM005008,KOTAK PENSION FUND SCHEME A - TIER I,11.2162
01/26/2019,PFM005,KOTAK MAHINDRA PENSION FUND LIMITED,SM005008,KOTAK PENSION FUND SCHEME A - TIER I,11.2182
01/27/2019,PFM005,KOTAK MAHINDRA PENSION FUND LIMITED,SM005008,KOTAK PENSION FUND SCHEME A - TIER I,11.2205
02/02/2019,PFM005,KOTAK MAHINDRA PENSION FUND LIMITED,SM005008,KOTAK PENSION FUND SCHEME A - TIER I,11.1669
02/03/2019,PFM005,KOTAK MAHINDRA PENSION FUND LIMITED,SM005008,KOTAK PENSION FUND SCHEME A - TIER I,11.1695
02/09/2019,PFM005,KOTAK MAHINDRA PENSION FUND LIMITED,SM005008,KOTAK PENSION FUND SCHEME A - TIER I,11.2151
02/10/2019,PFM005,KOTAK MAHINDRA PENSION FUND LIMITED,SM005008,KOTAK PENSION FUND SCHEME A - TIER I,11.2176
02/16/2019,PFM005,KOTAK MAHINDRA PENSION FUND LIMITED,SM005008,KOTAK PENSION FUND SCHEME A - TIER I,11.1527
02/17/2019,PFM005,KOTAK MAHINDRA PENSION FUND LIMITED,SM005008,KOTAK PENSION FUND SCHEME A - TIER I,11.1551
02/19/2019,PFM005,KOTAK MAHINDRA PENSION FUND LIMITED,SM005008,KOTAK PENSION FUND SCHEME A - TIER I,11.1362
02/23/2019,PFM005,KOTAK MAHINDRA PENSION FUND LIMITED,SM005008,KOTAK PENSION FUND SCHEME A - TIER I,11.1510
03/02/2019,PFM005,KOTAK MAHINDRA PENSION FUND LIMITED,SM005008,KOTAK PENSION FUND SCHEME A - TIER I,11.1636
03/03/2019,PFM005,KOTAK MAHINDRA PENSION FUND LIMITED,SM005008,KOTAK PENSION FUND SCHEME A - TIER I,11.1659
03/04/2019,PFM005,KOTAK MAHINDRA PENSION FUND LIMITED,SM005008,KOTAK PENSION FUND SCHEME A - TIER I,11.1683
03/09/2019,PFM005,KOTAK MAHINDRA PENSION FUND LIMITED,SM005008,KOTAK PENSION FUND SCHEME A - TIER I,11.2525
03/10/2019,PFM005,KOTAK MAHINDRA PENSION FUND LIMITED,SM005008,KOTAK PENSION FUND SCHEME A - TIER I,11.2551
03/16/2019,PFM005,KOTAK MAHINDRA PENSION FUND LIMITED,SM005008,KOTAK PENSION FUND SCHEME A - TIER I,11.3192
03/17/2019,PFM005,KOTAK MAHINDRA PENSION FUND LIMITED,SM005008,KOTAK PENSION FUND SCHEME A - TIER I,11.3218
03/21/2019,PFM005,KOTAK MAHINDRA PENSION FUND LIMITED,SM005008,KOTAK PENSION FUND SCHEME A - TIER I,11.3715
03/23/2019,PFM005,KOTAK MAHINDRA PENSION FUND LIMITED,SM005008,KOTAK PENSION FUND SCHEME A - TIER I,11.4164
03/24/2019,PFM005,KOTAK MAHINDRA PENSION FUND LIMITED,SM005008,KOTAK PENSION FUND SCHEME A - TIER I,11.4189
04/01/2019,PFM005,KOTAK MAHINDRA PENSION FUND LIMITED,SM005008,KOTAK PENSION FUND SCHEME A - TIER I,11.5569
04/06/2019,PFM005,KOTAK MAHINDRA PENSION FUND LIMITED,SM005008,KOTAK PENSION FUND SCHEME A - TIER I,11.8078
04/07/2019,PFM005,KOTAK MAHINDRA PENSION FUND LIMITED,SM005008,KOTAK PENSION FUND SCHEME A - TIER I,11.8101
04/13/2019,PFM005,KOTAK MAHINDRA PENSION FUND LIMITED,SM005008,KOTAK PENSION FUND SCHEME A - TIER I,11.7945
04/14/2019,PFM005,KOTAK MAHINDRA PENSION FUND LIMITED,SM005008,KOTAK PENSION FUND SCHEME A - TIER I,11.7970
04/17/2019,PFM005,KOTAK MAHINDRA PENSION FUND LIMITED,SM005008,KOTAK PENSION FUND SCHEME A - TIER I,11.8415
04/19/2019,PFM005,KOTAK MAHINDRA PENSION FUND LIMITED,SM005008,KOTAK PENSION FUND SCHEME A - TIER I,11.8143
04/20/2019,PFM005,KOTAK MAHINDRA PENSION FUND LIMITED,SM005008,KOTAK PENSION FUND SCHEME A - TIER I,11.8168
04/21/2019,PFM005,KOTAK MAHINDRA PENSION FUND LIMITED,SM005008,KOTAK PENSION FUND SCHEME A - TIER I,11.8193
04/27/2019,PFM005,KOTAK MAHINDRA PENSION FUND LIMITED,SM005008,KOTAK PENSION FUND SCHEME A - TIER I,11.7928
04/28/2019,PFM005,KOTAK MAHINDRA PENSION FUND LIMITED,SM005008,KOTAK PENSION FUND SCHEME A - TIER I,11.7953
04/29/2019,PFM005,KOTAK MAHINDRA PENSION FUND LIMITED,SM005008,KOTAK PENSION FUND SCHEME A - TIER I,11.7978
05/01/2019,PFM005,KOTAK MAHINDRA PENSION FUND LIMITED,SM005008,KOTAK PENSION FUND SCHEME A - TIER I,11.8196
05/04/2019,PFM005,KOTAK MAHINDRA PENSION FUND LIMITED,SM005008,KOTAK PENSION FUND SCHEME A - TIER I,11.8182
05/05/2019,PFM005,KOTAK MAHINDRA PENSION FUND LIMITED,SM005008,KOTAK PENSION FUND SCHEME A - TIER I,11.8208
05/11/2019,PFM005,KOTAK MAHINDRA PENSION FUND LIMITED,SM005008,KOTAK PENSION FUND SCHEME A - TIER I,11.8355
05/12/2019,PFM005,KOTAK MAHINDRA PENSION FUND LIMITED,SM005008,KOTAK PENSION FUND SCHEME A - TIER I,11.8380
05/18/2019,PFM005,KOTAK MAHINDRA PENSION FUND LIMITED,SM005008,KOTAK PENSION FUND SCHEME A - TIER I,11.8826
05/19/2019,PFM005,KOTAK MAHINDRA PENSION FUND LIMITED,SM005008,KOTAK PENSION FUND SCHEME A - TIER I,11.8851
05/25/2019,PFM005,KOTAK MAHINDRA PENSION FUND LIMITED,SM005008,KOTAK PENSION FUND SCHEME A - TIER I,11.9705
05/26/2019,PFM005,KOTAK MAHINDRA PENSION FUND LIMITED,SM005008,KOTAK PENSION FUND SCHEME A - TIER I,11.9729
06/01/2019,PFM005,KOTAK MAHINDRA PENSION FUND LIMITED,SM005008,KOTAK PENSION FUND SCHEME A - TIER I,11.9885
06/02/2019,PFM005,KOTAK MAHINDRA PENSION FUND LIMITED,SM005008,KOTAK PENSION FUND SCHEME A - TIER I,11.9910
06/05/2019,PFM005,KOTAK MAHINDRA PENSION FUND LIMITED,SM005008,KOTAK PENSION FUND SCHEME A - TIER I,12.0408
06/08/2019,PFM005,KOTAK MAHINDRA PENSION FUND LIMITED,SM005008,KOTAK PENSION FUND SCHEME A - TIER I,12.0350
06/09/2019,PFM005,KOTAK MAHINDRA PENSION FUND LIMITED,SM005008,KOTAK PENSION FUND SCHEME A - TIER I,12.0375
06/15/2019,PFM005,KOTAK MAHINDRA PENSION FUND LIMITED,SM005008,KOTAK PENSION FUND SCHEME A - TIER I,12.0450
06/16/2019,PFM005,KOTAK MAHINDRA PENSION FUND LIMITED,SM005008,KOTAK PENSION FUND SCHEME A - TIER I,12.0474
06/22/2019,PFM005,KOTAK MAHINDRA PENSION FUND LIMITED,SM005008,KOTAK PENSION FUND SCHEME A - TIER I,12.0783
06/23/2019,PFM005,KOTAK MAHINDRA PENSION FUND LIMITED,SM005008,KOTAK PENSION FUND SCHEME A - TIER I,12.0808
06/29/2019,PFM005,KOTAK MAHINDRA PENSION FUND LIMITED,SM005008,KOTAK PENSION FUND SCHEME A - TIER I,12.0813
06/30/2019,PFM005,KOTAK MAHINDRA PENSION FUND LIMITED,SM005008,KOTAK PENSION FUND SCHEME A - TIER I,12.0837
07/06/2019,PFM005,KOTAK MAHINDRA PENSION FUND LIMITED,SM005008,KOTAK PENSION FUND SCHEME A - TIER I,12.1272
07/07/2019,PFM005,KOTAK MAHINDRA PENSION FUND LIMITED,SM005008,KOTAK PENSION FUND SCHEME A - TIER I,12.1296
07/13/2019,PFM005,KOTAK MAHINDRA PENSION FUND LIMITED,SM005008,KOTAK PENSION FUND SCHEME A - TIER I,12.1662
07/14/2019,PFM005,KOTAK MAHINDRA PENSION FUND LIMITED,SM005008,KOTAK PENSION FUND SCHEME A - TIER I,12.1686
07/20/2019,PFM005,KOTAK MAHINDRA PENSION FUND LIMITED,SM005008,KOTAK PENSION FUND SCHEME A - TIER I,12.1993
07/21/2019,PFM005,KOTAK MAHINDRA PENSION FUND LIMITED,SM005008,KOTAK PENSION FUND SCHEME A - TIER I,12.2017
07/27/2019,PFM005,KOTAK MAHINDRA PENSION FUND LIMITED,SM005008,KOTAK PENSION FUND SCHEME A - TIER I,12.2160
07/28/2019,PFM005,KOTAK MAHINDRA PENSION FUND LIMITED,SM005008,KOTAK PENSION FUND SCHEME A - TIER I,12.2183
08/03/2019,PFM005,KOTAK MAHINDRA PENSION FUND LIMITED,SM005008,KOTAK PENSION FUND SCHEME A - TIER I,12.2632
08/04/2019,PFM005,KOTAK MAHINDRA PENSION FUND LIMITED,SM005008,KOTAK PENSION FUND SCHEME A - TIER I,12.2655
08/10/2019,PFM005,KOTAK MAHINDRA PENSION FUND LIMITED,SM005008,KOTAK PENSION FUND SCHEME A - TIER I,12.2691
08/11/2019,PFM005,KOTAK MAHINDRA PENSION FUND LIMITED,SM005008,KOTAK PENSION FUND SCHEME A - TIER I,12.2717
08/12/2019,PFM005,KOTAK MAHINDRA PENSION FUND LIMITED,SM005008,KOTAK PENSION FUND SCHEME A - TIER I,12.2742
08/15/2019,PFM005,KOTAK MAHINDRA PENSION FUND LIMITED,SM005008,KOTAK PENSION FUND SCHEME A - TIER I,12.3221
08/17/2019,PFM005,KOTAK MAHINDRA PENSION FUND LIMITED,SM005008,KOTAK PENSION FUND SCHEME A - TIER I,12.3513
08/18/2019,PFM005,KOTAK MAHINDRA PENSION FUND LIMITED,SM005008,KOTAK PENSION FUND SCHEME A - TIER I,12.3539
08/24/2019,PFM005,KOTAK MAHINDRA PENSION FUND LIMITED,SM005008,KOTAK PENSION FUND SCHEME A - TIER I,12.3921
08/25/2019,PFM005,KOTAK MAHINDRA PENSION FUND LIMITED,SM005008,KOTAK PENSION FUND SCHEME A - TIER I,12.3946
08/31/2019,PFM005,KOTAK MAHINDRA PENSION FUND LIMITED,SM005008,KOTAK PENSION FUND SCHEME A - TIER I,12.4236
09/01/2019,PFM005,KOTAK MAHINDRA PENSION FUND LIMITED,SM005008,KOTAK PENSION FUND SCHEME A - TIER I,12.4261
09/02/2019,PFM005,KOTAK MAHINDRA PENSION FUND LIMITED,SM005008,KOTAK PENSION FUND SCHEME A - TIER I,12.4286
09/07/2019,PFM005,KOTAK MAHINDRA PENSION FUND LIMITED,SM005008,KOTAK PENSION FUND SCHEME A - TIER I,12.3842
09/08/2019,PFM005,KOTAK MAHINDRA PENSION FUND LIMITED,SM005008,KOTAK PENSION FUND SCHEME A - TIER I,12.3867
09/10/2019,PFM005,KOTAK MAHINDRA PENSION FUND LIMITED,SM005008,KOTAK PENSION FUND SCHEME A - TIER I,12.4678
09/14/2019,PFM005,KOTAK MAHINDRA PENSION FUND LIMITED,SM005008,KOTAK PENSION FUND SCHEME A - TIER I,12.4204
09/15/2019,PFM005,KOTAK MAHINDRA PENSION FUND LIMITED,SM005008,KOTAK PENSION FUND SCHEME A - TIER I,12.4228
09/21/2019,PFM005,KOTAK MAHINDRA PENSION FUND LIMITED,SM005008,KOTAK PENSION FUND SCHEME A - TIER I,12.4397
09/22/2019,PFM005,KOTAK MAHINDRA PENSION FUND LIMITED,SM005008,KOTAK PENSION FUND SCHEME A - TIER I,12.4421
09/28/2019,PFM005,KOTAK MAHINDRA PENSION FUND LIMITED,SM005008,KOTAK PENSION FUND SCHEME A - TIER I,12.4322
09/29/2019,PFM005,KOTAK MAHINDRA PENSION FUND LIMITED,SM005008,KOTAK PENSION FUND SCHEME A - TIER I,12.4345
10/02/2019,PFM005,KOTAK MAHINDRA PENSION FUND LIMITED,SM005008,KOTAK PENSION FUND SCHEME A - TIER I,12.4996
10/05/2019,PFM005,KOTAK MAHINDRA PENSION FUND LIMITED,SM005008,KOTAK PENSION FUND SCHEME A - TIER I,12.4865
10/06/2019,PFM005,KOTAK MAHINDRA PENSION FUND LIMITED,SM005008,KOTAK PENSION FUND SCHEME A - TIER I,12.4889
10/08/2019,PFM005,KOTAK MAHINDRA PENSION FUND LIMITED,SM005008,KOTAK PENSION FUND SCHEME A - TIER I,12.5072
10/12/2019,PFM005,KOTAK MAHINDRA PENSION FUND LIMITED,SM005008,KOTAK PENSION FUND SCHEME A - TIER I,12.5183
10/13/2019,PFM005,KOTAK MAHINDRA PENSION FUND LIMITED,SM005008,KOTAK PENSION FUND SCHEME A - TIER I,12.5207
10/19/2019,PFM005,KOTAK MAHINDRA PENSION FUND LIMITED,SM005008,KOTAK PENSION FUND SCHEME A - TIER I,12.5684
10/20/2019,PFM005,KOTAK MAHINDRA PENSION FUND LIMITED,SM005008,KOTAK PENSION FUND SCHEME A - TIER I,12.5707
10/21/2019,PFM005,KOTAK MAHINDRA PENSION FUND LIMITED,SM005008,KOTAK PENSION FUND SCHEME A - TIER I,12.5730
10/26/2019,PFM005,KOTAK MAHINDRA PENSION FUND LIMITED,SM005008,KOTAK PENSION FUND SCHEME A - TIER I,12.6068
10/27/2019,PFM005,KOTAK MAHINDRA PENSION FUND LIMITED,SM005008,KOTAK PENSION FUND SCHEME A - TIER I,12.6092
10/28/2019,PFM005,KOTAK MAHINDRA PENSION FUND LIMITED,SM005008,KOTAK PENSION FUND SCHEME A - TIER I,12.6115
11/02/2019,PFM005,KOTAK MAHINDRA PENSION FUND LIMITED,SM005008,KOTAK PENSION FUND SCHEME A - TIER I,12.6510
11/03/2019,PFM005,KOTAK MAHINDRA PENSION FUND LIMITED,SM005008,KOTAK PENSION FUND SCHEME A - TIER I,12.6533
11/09/2019,PFM005,KOTAK MAHINDRA PENSION FUND LIMITED,SM005008,KOTAK PENSION FUND SCHEME A - TIER I,12.6595
11/10/2019,PFM005,KOTAK MAHINDRA PENSION FUND LIMITED,SM005008,KOTAK PENSION FUND SCHEME A - TIER I,12.6617
11/12/2019,PFM005,KOTAK MAHINDRA PENSION FUND LIMITED,SM005008,KOTAK PENSION FUND SCHEME A - TIER I,12.6641
11/16/2019,PFM005,KOTAK MAHINDRA PENSION FUND LIMITED,SM005008,KOTAK PENSION FUND SCHEME A - TIER I,12.7196
11/17/2019,PFM005,KOTAK MAHINDRA PENSION FUND LIMITED,SM005008,KOTAK PENSION FUND SCHEME A - TIER I,12.7219
11/23/2019,PFM005,KOTAK MAHINDRA PENSION FUND LIMITED,SM005008,KOTAK PENSION FUND SCHEME A - TIER I,12.7018
11/24/2019,PFM005,KOTAK MAHINDRA PENSION FUND LIMITED,SM005008,KOTAK PENSION FUND SCHEME A - TIER I,12.7041
11/30/2019,PFM005,KOTAK MAHINDRA PENSION FUND LIMITED,SM005008,KOTAK PENSION FUND SCHEME A - TIER I,12.7390
12/01/2019,PFM005,KOTAK MAHINDRA PENSION FUND LIMITED,SM005008,KOTAK PENSION FUND SCHEME A - TIER I,12.7412
12/07/2019,PFM005,KOTAK MAHINDRA PENSION FUND LIMITED,SM005008,KOTAK PENSION FUND SCHEME A - TIER I,12.7449
12/08/2019,PFM005,KOTAK MAHINDRA PENSION FUND LIMITED,SM005008,KOTAK PENSION FUND SCHEME A - TIER I,12.7471
12/14/2019,PFM005,KOTAK MAHINDRA PENSION FUND LIMITED,SM005008,KOTAK PENSION FUND SCHEME A - TIER I,12.6881
12/15/2019,PFM005,KOTAK MAHINDRA PENSION FUND LIMITED,SM005008,KOTAK PENSION FUND SCHEME A - TIER I,12.6903
12/21/2019,PFM005,KOTAK MAHINDRA PENSION FUND LIMITED,SM005008,KOTAK PENSION FUND SCHEME A - TIER I,12.7665
12/22/2019,PFM005,KOTAK MAHINDRA PENSION FUND LIMITED,SM005008,KOTAK PENSION FUND SCHEME A - TIER I,12.7689
12/25/2019,PFM005,KOTAK MAHINDRA PENSION FUND LIMITED,SM005008,KOTAK PENSION FUND SCHEME A - TIER I,12.7973
12/28/2019,PFM005,KOTAK MAHINDRA PENSION FUND LIMITED,SM005008,KOTAK PENSION FUND SCHEME A - TIER I,12.7722
12/29/2019,PFM005,KOTAK MAHINDRA PENSION FUND LIMITED,SM005008,KOTAK PENSION FUND SCHEME A - TIER I,12.7746
01/04/2020,PFM005,KOTAK MAHINDRA PENSION FUND LIMITED,SM005008,KOTAK PENSION FUND SCHEME A - TIER I,12.7009
01/05/2020,PFM005,KOTAK MAHINDRA PENSION FUND LIMITED,SM005008,KOTAK PENSION FUND SCHEME A - TIER I,12.7032
01/11/2020,PFM005,KOTAK MAHINDRA PENSION FUND LIMITED,SM005008,KOTAK PENSION FUND SCHEME A - TIER I,12.7155
01/12/2020,PFM005,KOTAK MAHINDRA PENSION FUND LIMITED,SM005008,KOTAK PENSION FUND SCHEME A - TIER I,12.7177
01/18/2020,PFM005,KOTAK MAHINDRA PENSION FUND LIMITED,SM005008,KOTAK PENSION FUND SCHEME A - TIER I,12.7444
01/25/2020,PFM005,KOTAK MAHINDRA PENSION FUND LIMITED,SM005008,KOTAK PENSION FUND SCHEME A - TIER I,12.7936
01/26/2020,PFM005,KOTAK MAHINDRA PENSION FUND LIMITED,SM005008,KOTAK PENSION FUND SCHEME A - TIER I,12.7958
02/01/2020,PFM005,KOTAK MAHINDRA PENSION FUND LIMITED,SM005008,KOTAK PENSION FUND SCHEME A - TIER I,12.8089
02/02/2020,PFM005,KOTAK MAHINDRA PENSION FUND LIMITED,SM005008,KOTAK PENSION FUND SCHEME A - TIER I,12.8111
02/08/2020,PFM005,KOTAK MAHINDRA PENSION FUND LIMITED,SM005008,KOTAK PENSION FUND SCHEME A - TIER I,12.8979
02/09/2020,PFM005,KOTAK MAHINDRA PENSION FUND LIMITED,SM005008,KOTAK PENSION FUND SCHEME A - TIER I,12.90
02/15/2020,PFM005,KOTAK MAHINDRA PENSION FUND LIMITED,SM005008,KOTAK PENSION FUND SCHEME A - TIER I,12.9337
02/16/2020,PFM005,KOTAK MAHINDRA PENSION FUND LIMITED,SM005008,KOTAK PENSION FUND SCHEME A - TIER I,12.9357
02/19/2020,PFM005,KOTAK MAHINDRA PENSION FUND LIMITED,SM005008,KOTAK PENSION FUND SCHEME A - TIER I,12.9362
02/21/2020,PFM005,KOTAK MAHINDRA PENSION FUND LIMITED,SM005008,KOTAK PENSION FUND SCHEME A - TIER I,12.9353
02/22/2020,PFM005,KOTAK MAHINDRA PENSION FUND LIMITED,SM005008,KOTAK PENSION FUND SCHEME A - TIER I,12.9374
02/23/2020,PFM005,KOTAK MAHINDRA PENSION FUND LIMITED,SM005008,KOTAK PENSION FUND SCHEME A - TIER I,12.9394
02/29/2020,PFM005,KOTAK MAHINDRA PENSION FUND LIMITED,SM005008,KOTAK PENSION FUND SCHEME A - TIER I,12.9580
03/01/2020,PFM005,KOTAK MAHINDRA PENSION FUND LIMITED,SM005008,KOTAK PENSION FUND SCHEME A - TIER I,12.96
03/07/2020,PFM005,KOTAK MAHINDRA PENSION FUND LIMITED,SM005008,KOTAK PENSION FUND SCHEME A - TIER I,12.9815
03/08/2020,PFM005,KOTAK MAHINDRA PENSION FUND LIMITED,SM005008,KOTAK PENSION FUND SCHEME A - TIER I,12.9835
03/10/2020,PFM005,KOTAK MAHINDRA PENSION FUND LIMITED,SM005008,KOTAK PENSION FUND SCHEME A - TIER I,12.7782
03/14/2020,PFM005,KOTAK MAHINDRA PENSION FUND LIMITED,SM005008,KOTAK PENSION FUND SCHEME A - TIER I,12.7360
03/15/2020,PFM005,KOTAK MAHINDRA PENSION FUND LIMITED,SM005008,KOTAK PENSION FUND SCHEME A - TIER I,12.7379
04/18/2020,PFM005,KOTAK MAHINDRA PENSION FUND LIMITED,SM005008,KOTAK PENSION FUND SCHEME A - TIER I,12.8021
04/19/2020,PFM005,KOTAK MAHINDRA PENSION FUND LIMITED,SM005008,KOTAK PENSION FUND SCHEME A - TIER I,12.8039
04/25/2020,PFM005,KOTAK MAHINDRA PENSION FUND LIMITED,SM005008,KOTAK PENSION FUND SCHEME A - TIER I,12.8667
04/26/2020,PFM005,KOTAK MAHINDRA PENSION FUND LIMITED,SM005008,KOTAK PENSION FUND SCHEME A - TIER I,12.8685
05/01/2020,PFM005,KOTAK MAHINDRA PENSION FUND LIMITED,SM005008,KOTAK PENSION FUND SCHEME A - TIER I,12.7886
05/02/2020,PFM005,KOTAK MAHINDRA PENSION FUND LIMITED,SM005008,KOTAK PENSION FUND SCHEME A - TIER I,12.7904
05/03/2020,PFM005,KOTAK MAHINDRA PENSION FUND LIMITED,SM005008,KOTAK PENSION FUND SCHEME A - TIER I,12.7922
05/07/2020,PFM005,KOTAK MAHINDRA PENSION FUND LIMITED,SM005008,KOTAK PENSION FUND SCHEME A - TIER I,12.8449
05/09/2020,PFM005,KOTAK MAHINDRA PENSION FUND LIMITED,SM005008,KOTAK PENSION FUND SCHEME A - TIER I,12.8593
05/10/2020,PFM005,KOTAK MAHINDRA PENSION FUND LIMITED,SM005008,KOTAK PENSION FUND SCHEME A - TIER I,12.8611
05/16/2020,PFM005,KOTAK MAHINDRA PENSION FUND LIMITED,SM005008,KOTAK PENSION FUND SCHEME A - TIER I,12.9262
05/17/2020,PFM005,KOTAK MAHINDRA PENSION FUND LIMITED,SM005008,KOTAK PENSION FUND SCHEME A - TIER I,12.9279
05/23/2020,PFM005,KOTAK MAHINDRA PENSION FUND LIMITED,SM005008,KOTAK PENSION FUND SCHEME A - TIER I,13.0179
05/24/2020,PFM005,KOTAK MAHINDRA PENSION FUND LIMITED,SM005008,KOTAK PENSION FUND SCHEME A - TIER I,13.0196
05/25/2020,PFM005,KOTAK MAHINDRA PENSION FUND LIMITED,SM005008,KOTAK PENSION FUND SCHEME A - TIER I,13.0214
05/30/2020,PFM005,KOTAK MAHINDRA PENSION FUND LIMITED,SM005008,KOTAK PENSION FUND SCHEME A - TIER I,13.0428
05/31/2020,PFM005,KOTAK MAHINDRA PENSION FUND LIMITED,SM005008,KOTAK PENSION FUND SCHEME A - TIER I,13.0446
06/06/2020,PFM005,KOTAK MAHINDRA PENSION FUND LIMITED,SM005008,KOTAK PENSION FUND SCHEME A - TIER I,13.0440
06/07/2020,PFM005,KOTAK MAHINDRA PENSION FUND LIMITED,SM005008,KOTAK PENSION FUND SCHEME A - TIER I,13.0457
06/13/2020,PFM005,KOTAK MAHINDRA PENSION FUND LIMITED,SM005008,KOTAK PENSION FUND SCHEME A - TIER I,13.0747
06/14/2020,PFM005,KOTAK MAHINDRA PENSION FUND LIMITED,SM005008,KOTAK PENSION FUND SCHEME A - TIER I,13.0764
06/20/2020,PFM005,KOTAK MAHINDRA PENSION FUND LIMITED,SM005008,KOTAK PENSION FUND SCHEME A - TIER I,13.1337
06/21/2020,PFM005,KOTAK MAHINDRA PENSION FUND LIMITED,SM005008,KOTAK PENSION FUND SCHEME A - TIER I,13.1355
06/26/2020,PFM005,KOTAK MAHINDRA PENSION FUND LIMITED,SM005008,KOTAK PENSION FUND SCHEME A - TIER I,13.1738
06/27/2020,PFM005,KOTAK MAHINDRA PENSION FUND LIMITED,SM005008,KOTAK PENSION FUND SCHEME A - TIER I,13.1755
06/28/2020,PFM005,KOTAK MAHINDRA PENSION FUND LIMITED,SM005008,KOTAK PENSION FUND SCHEME A - TIER I,13.1773
07/04/2020,PFM005,KOTAK MAHINDRA PENSION FUND LIMITED,SM005008,KOTAK PENSION FUND SCHEME A - TIER I,13.2071
07/05/2020,PFM005,KOTAK MAHINDRA PENSION FUND LIMITED,SM005008,KOTAK PENSION FUND SCHEME A - TIER I,13.2089
07/11/2020,PFM005,KOTAK MAHINDRA PENSION FUND LIMITED,SM005008,KOTAK PENSION FUND SCHEME A - TIER I,13.2664
07/12/2020,PFM005,KOTAK MAHINDRA PENSION FUND LIMITED,SM005008,KOTAK PENSION FUND SCHEME A - TIER I,13.2683
07/18/2020,PFM005,KOTAK MAHINDRA PENSION FUND LIMITED,SM005008,KOTAK PENSION FUND SCHEME A - TIER I,13.2807
07/19/2020,PFM005,KOTAK MAHINDRA PENSION FUND LIMITED,SM005008,KOTAK PENSION FUND SCHEME A - TIER I,13.2826
07/25/2020,PFM005,KOTAK MAHINDRA PENSION FUND LIMITED,SM005008,KOTAK PENSION FUND SCHEME A - TIER I,13.3030
07/26/2020,PFM005,KOTAK MAHINDRA PENSION FUND LIMITED,SM005008,KOTAK PENSION FUND SCHEME A - TIER I,13.3048
08/01/2020,PFM005,KOTAK MAHINDRA PENSION FUND LIMITED,SM005008,KOTAK PENSION FUND SCHEME A - TIER I,13.3367
08/02/2020,PFM005,KOTAK MAHINDRA PENSION FUND LIMITED,SM005008,KOTAK PENSION FUND SCHEME A - TIER I,13.3385
08/08/2020,PFM005,KOTAK MAHINDRA PENSION FUND LIMITED,SM005008,KOTAK PENSION FUND SCHEME A - TIER I,13.3519
08/09/2020,PFM005,KOTAK MAHINDRA PENSION FUND LIMITED,SM005008,KOTAK PENSION FUND SCHEME A - TIER I,13.3537
08/15/2020,PFM005,KOTAK MAHINDRA PENSION FUND LIMITED,SM005008,KOTAK PENSION FUND SCHEME A - TIER I,13.3716
08/16/2020,PFM005,KOTAK MAHINDRA PENSION FUND LIMITED,SM005008,KOTAK PENSION FUND SCHEME A - TIER I,13.3734
08/22/2020,PFM005,KOTAK MAHINDRA PENSION FUND LIMITED,SM005008,KOTAK PENSION FUND SCHEME A - TIER I,13.3727
08/23/2020,PFM005,KOTAK MAHINDRA PENSION FUND LIMITED,SM005008,KOTAK PENSION FUND SCHEME A - TIER I,13.3745
08/29/2020,PFM005,KOTAK MAHINDRA PENSION FUND LIMITED,SM005008,KOTAK PENSION FUND SCHEME A - TIER I,13.3757
08/30/2020,PFM005,KOTAK MAHINDRA PENSION FUND LIMITED,SM005008,KOTAK PENSION FUND SCHEME A - TIER I,13.3775
09/05/2020,PFM005,KOTAK MAHINDRA PENSION FUND LIMITED,SM005008,KOTAK PENSION FUND SCHEME A - TIER I,13.3997
09/06/2020,PFM005,KOTAK MAHINDRA PENSION FUND LIMITED,SM005008,KOTAK PENSION FUND SCHEME A - TIER I,13.4015
09/12/2020,PFM005,KOTAK MAHINDRA PENSION FUND LIMITED,SM005008,KOTAK PENSION FUND SCHEME A - TIER I,13.3951
09/13/2020,PFM005,KOTAK MAHINDRA PENSION FUND LIMITED,SM005008,KOTAK PENSION FUND SCHEME A - TIER I,13.3969
09/19/2020,PFM005,KOTAK MAHINDRA PENSION FUND LIMITED,SM005008,KOTAK PENSION FUND SCHEME A - TIER I,13.4127
09/20/2020,PFM005,KOTAK MAHINDRA PENSION FUND LIMITED,SM005008,KOTAK PENSION FUND SCHEME A - TIER I,13.4145
09/26/2020,PFM005,KOTAK MAHINDRA PENSION FUND LIMITED,SM005008,KOTAK PENSION FUND SCHEME A - TIER I,13.4209
09/27/2020,PFM005,KOTAK MAHINDRA PENSION FUND LIMITED,SM005008,KOTAK PENSION FUND SCHEME A - TIER I,13.4226
10/02/2020,PFM005,KOTAK MAHINDRA PENSION FUND LIMITED,SM005008,KOTAK PENSION FUND SCHEME A - TIER I,13.4391
10/03/2020,PFM005,KOTAK MAHINDRA PENSION FUND LIMITED,SM005008,KOTAK PENSION FUND SCHEME A - TIER I,13.4408
10/04/2020,PFM005,KOTAK MAHINDRA PENSION FUND LIMITED,SM005008,KOTAK PENSION FUND SCHEME A - TIER I,13.4425
10/10/2020,PFM005,KOTAK MAHINDRA PENSION FUND LIMITED,SM005008,KOTAK PENSION FUND SCHEME A - TIER I,13.4858
10/11/2020,PFM005,KOTAK MAHINDRA PENSION FUND LIMITED,SM005008,KOTAK PENSION FUND SCHEME A - TIER I,13.4875
10/17/2020,PFM005,KOTAK MAHINDRA PENSION FUND LIMITED,SM005008,KOTAK PENSION FUND SCHEME A - TIER I,13.4854
10/18/2020,PFM005,KOTAK MAHINDRA PENSION FUND LIMITED,SM005008,KOTAK PENSION FUND SCHEME A - TIER I,13.4871
10/24/2020,PFM005,KOTAK MAHINDRA PENSION FUND LIMITED,SM005008,KOTAK PENSION FUND SCHEME A - TIER I,13.5053
10/25/2020,PFM005,KOTAK MAHINDRA PENSION FUND LIMITED,SM005008,KOTAK PENSION FUND SCHEME A - TIER I,13.5070
10/30/2020,PFM005,KOTAK MAHINDRA PENSION FUND LIMITED,SM005008,KOTAK PENSION FUND SCHEME A - TIER I,13.5197
10/31/2020,PFM005,KOTAK MAHINDRA PENSION FUND LIMITED,SM005008,KOTAK PENSION FUND SCHEME A - TIER I,13.5214
11/01/2020,PFM005,KOTAK MAHINDRA PENSION FUND LIMITED,SM005008,KOTAK PENSION FUND SCHEME A - TIER I,13.5231
11/07/2020,PFM005,KOTAK MAHINDRA PENSION FUND LIMITED,SM005008,KOTAK PENSION FUND SCHEME A - TIER I,13.5468
11/08/2020,PFM005,KOTAK MAHINDRA PENSION FUND LIMITED,SM005008,KOTAK PENSION FUND SCHEME A - TIER I,13.5485
11/14/2020,PFM005,KOTAK MAHINDRA PENSION FUND LIMITED,SM005008,KOTAK PENSION FUND SCHEME A - TIER I,13.5703
11/15/2020,PFM005,KOTAK MAHINDRA PENSION FUND LIMITED,SM005008,KOTAK PENSION FUND SCHEME A - TIER I,13.5719
11/16/2020,PFM005,KOTAK MAHINDRA PENSION FUND LIMITED,SM005008,KOTAK PENSION FUND SCHEME A - TIER I,13.5736
11/21/2020,PFM005,KOTAK MAHINDRA PENSION FUND LIMITED,SM005008,KOTAK PENSION FUND SCHEME A - TIER I,13.5975
11/22/2020,PFM005,KOTAK MAHINDRA PENSION FUND LIMITED,SM005008,KOTAK PENSION FUND SCHEME A - TIER I,13.5991
11/28/2020,PFM005,KOTAK MAHINDRA PENSION FUND LIMITED,SM005008,KOTAK PENSION FUND SCHEME A - TIER I,13.6309
11/29/2020,PFM005,KOTAK MAHINDRA PENSION FUND LIMITED,SM005008,KOTAK PENSION FUND SCHEME A - TIER I,13.6326
11/30/2020,PFM005,KOTAK MAHINDRA PENSION FUND LIMITED,SM005008,KOTAK PENSION FUND SCHEME A - TIER I,13.6342
12/05/2020,PFM005,KOTAK MAHINDRA PENSION FUND LIMITED,SM005008,KOTAK PENSION FUND SCHEME A - TIER I,13.6531
12/06/2020,PFM005,KOTAK MAHINDRA PENSION FUND LIMITED,SM005008,KOTAK PENSION FUND SCHEME A - TIER I,13.6547
12/12/2020,PFM005,KOTAK MAHINDRA PENSION FUND LIMITED,SM005008,KOTAK PENSION FUND SCHEME A - TIER I,13.6587
12/13/2020,PFM005,KOTAK MAHINDRA PENSION FUND LIMITED,SM005008,KOTAK PENSION FUND SCHEME A - TIER I,13.6603
12/19/2020,PFM005,KOTAK MAHINDRA PENSION FUND LIMITED,SM005008,KOTAK PENSION FUND SCHEME A - TIER I,13.6860
12/20/2020,PFM005,KOTAK MAHINDRA PENSION FUND LIMITED,SM005008,KOTAK PENSION FUND SCHEME A - TIER I,13.6876
12/25/2020,PFM005,KOTAK MAHINDRA PENSION FUND LIMITED,SM005008,KOTAK PENSION FUND SCHEME A - TIER I,13.7011
12/26/2020,PFM005,KOTAK MAHINDRA PENSION FUND LIMITED,SM005008,KOTAK PENSION FUND SCHEME A - TIER I,13.7027
12/27/2020,PFM005,KOTAK MAHINDRA PENSION FUND LIMITED,SM005008,KOTAK PENSION FUND SCHEME A - TIER I,13.7043
01/02/2021,PFM005,KOTAK MAHINDRA PENSION FUND LIMITED,SM005008,KOTAK PENSION FUND SCHEME A - TIER I,13.7283
01/03/2021,PFM005,KOTAK MAHINDRA PENSION FUND LIMITED,SM005008,KOTAK PENSION FUND SCHEME A - TIER I,13.7298
01/09/2021,PFM005,KOTAK MAHINDRA PENSION FUND LIMITED,SM005008,KOTAK PENSION FUND SCHEME A - TIER I,13.7479
01/10/2021,PFM005,KOTAK MAHINDRA PENSION FUND LIMITED,SM005008,KOTAK PENSION FUND SCHEME A - TIER I,13.7495
01/16/2021,PFM005,KOTAK MAHINDRA PENSION FUND LIMITED,SM005008,KOTAK PENSION FUND SCHEME A - TIER I,13.7404
01/17/2021,PFM005,KOTAK MAHINDRA PENSION FUND LIMITED,SM005008,KOTAK PENSION FUND SCHEME A - TIER I,13.7419
01/23/2021,PFM005,KOTAK MAHINDRA PENSION FUND LIMITED,SM005008,KOTAK PENSION FUND SCHEME A - TIER I,13.7430
01/24/2021,PFM005,KOTAK MAHINDRA PENSION FUND LIMITED,SM005008,KOTAK PENSION FUND SCHEME A - TIER I,13.7445
01/26/2021,PFM005,KOTAK MAHINDRA PENSION FUND LIMITED,SM005008,KOTAK PENSION FUND SCHEME A - TIER I,13.7445
01/30/2021,PFM005,KOTAK MAHINDRA PENSION FUND LIMITED,SM005008,KOTAK PENSION FUND SCHEME A - TIER I,13.7526
01/31/2021,PFM005,KOTAK MAHINDRA PENSION FUND LIMITED,SM005008,KOTAK PENSION FUND SCHEME A - TIER I,13.7540
02/06/2021,PFM005,KOTAK MAHINDRA PENSION FUND LIMITED,SM005008,KOTAK PENSION FUND SCHEME A - TIER I,13.7425
02/07/2021,PFM005,KOTAK MAHINDRA PENSION FUND LIMITED,SM005008,KOTAK PENSION FUND SCHEME A - TIER I,13.7439
02/13/2021,PFM005,KOTAK MAHINDRA PENSION FUND LIMITED,SM005008,KOTAK PENSION FUND SCHEME A - TIER I,13.7631
02/14/2021,PFM005,KOTAK MAHINDRA PENSION FUND LIMITED,SM005008,KOTAK PENSION FUND SCHEME A - TIER I,13.7646
02/19/2021,PFM005,KOTAK MAHINDRA PENSION FUND LIMITED,SM005008,KOTAK PENSION FUND SCHEME A - TIER I,13.7776
02/20/2021,PFM005,KOTAK MAHINDRA PENSION FUND LIMITED,SM005008,KOTAK PENSION FUND SCHEME A - TIER I,13.7791
02/21/2021,PFM005,KOTAK MAHINDRA PENSION FUND LIMITED,SM005008,KOTAK PENSION FUND SCHEME A - TIER I,13.7805
02/27/2021,PFM005,KOTAK MAHINDRA PENSION FUND LIMITED,SM005008,KOTAK PENSION FUND SCHEME A - TIER I,13.7925
02/28/2021,PFM005,KOTAK MAHINDRA PENSION FUND LIMITED,SM005008,KOTAK PENSION FUND SCHEME A - TIER I,13.7939
03/06/2021,PFM005,KOTAK MAHINDRA PENSION FUND LIMITED,SM005008,KOTAK PENSION FUND SCHEME A - TIER I,13.8097
03/07/2021,PFM005,KOTAK MAHINDRA PENSION FUND LIMITED,SM005008,KOTAK PENSION FUND SCHEME A - TIER I,13.8111
03/11/2021,PFM005,KOTAK MAHINDRA PENSION FUND LIMITED,SM005008,KOTAK PENSION FUND SCHEME A - TIER I,13.8169
03/13/2021,PFM005,KOTAK MAHINDRA PENSION FUND LIMITED,SM005008,KOTAK PENSION FUND SCHEME A - TIER I,13.8058
03/14/2021,PFM005,KOTAK MAHINDRA PENSION FUND LIMITED,SM005008,KOTAK PENSION FUND SCHEME A - TIER I,13.8072
03/20/2021,PFM005,KOTAK MAHINDRA PENSION FUND LIMITED,SM005008,KOTAK PENSION FUND SCHEME A - TIER I,13.7512
03/21/2021,PFM005,KOTAK MAHINDRA PENSION FUND LIMITED,SM005008,KOTAK PENSION FUND SCHEME A - TIER I,13.7526
03/27/2021,PFM005,KOTAK MAHINDRA PENSION FUND LIMITED,SM005008,KOTAK PENSION FUND SCHEME A - TIER I,13.7599
03/28/2021,PFM005,KOTAK MAHINDRA PENSION FUND LIMITED,SM005008,KOTAK PENSION FUND SCHEME A - TIER I,13.7612
03/29/2021,PFM005,KOTAK MAHINDRA PENSION FUND LIMITED,SM005008,KOTAK PENSION FUND SCHEME A - TIER I,13.7626
04/01/2021,PFM005,KOTAK MAHINDRA PENSION FUND LIMITED,SM005008,KOTAK PENSION FUND SCHEME A - TIER I,13.7725
04/02/2021,PFM005,KOTAK MAHINDRA PENSION FUND LIMITED,SM005008,KOTAK PENSION FUND SCHEME A - TIER I,13.7739
04/03/2021,PFM005,KOTAK MAHINDRA PENSION FUND LIMITED,SM005008,KOTAK PENSION FUND SCHEME A - TIER I,13.7752
04/04/2021,PFM005,KOTAK MAHINDRA PENSION FUND LIMITED,SM005008,KOTAK PENSION FUND SCHEME A - TIER I,13.7765
04/10/2021,PFM005,KOTAK MAHINDRA PENSION FUND LIMITED,SM005008,KOTAK PENSION FUND SCHEME A - TIER I,13.8079
04/11/2021,PFM005,KOTAK MAHINDRA PENSION FUND LIMITED,SM005008,KOTAK PENSION FUND SCHEME A - TIER I,13.8091
04/13/2021,PFM005,KOTAK MAHINDRA PENSION FUND LIMITED,SM005008,KOTAK PENSION FUND SCHEME A - TIER I,13.8206
04/14/2021,PFM005,KOTAK MAHINDRA PENSION FUND LIMITED,SM005008,KOTAK PENSION FUND SCHEME A - TIER I,13.8219
04/17/2021,PFM005,KOTAK MAHINDRA PENSION FUND LIMITED,SM005008,KOTAK PENSION FUND SCHEME A - TIER I,13.8231
04/18/2021,PFM005,KOTAK MAHINDRA PENSION FUND LIMITED,SM005008,KOTAK PENSION FUND SCHEME A - TIER I,13.8244
04/21/2021,PFM005,KOTAK MAHINDRA PENSION FUND LIMITED,SM005008,KOTAK PENSION FUND SCHEME A - TIER I,13.8298
04/24/2021,PFM005,KOTAK MAHINDRA PENSION FUND LIMITED,SM005008,KOTAK PENSION FUND SCHEME A - TIER I,13.8393
04/25/2021,PFM005,KOTAK MAHINDRA PENSION FUND LIMITED,SM005008,KOTAK PENSION FUND SCHEME A - TIER I,13.8406
05/01/2021,PFM005,KOTAK MAHINDRA PENSION FUND LIMITED,SM005008,KOTAK PENSION FUND SCHEME A - TIER I,13.8671
05/02/2021,PFM005,KOTAK MAHINDRA PENSION FUND LIMITED,SM005008,KOTAK PENSION FUND SCHEME A - TIER I,13.8684
05/08/2021,PFM005,KOTAK MAHINDRA PENSION FUND LIMITED,SM005008,KOTAK PENSION FUND SCHEME A - TIER I,13.8931
05/09/2021,PFM005,KOTAK MAHINDRA PENSION FUND LIMITED,SM005008,KOTAK PENSION FUND SCHEME A - TIER I,13.8944
05/13/2021,PFM005,KOTAK MAHINDRA PENSION FUND LIMITED,SM005008,KOTAK PENSION FUND SCHEME A - TIER I,13.9061
05/15/2021,PFM005,KOTAK MAHINDRA PENSION FUND LIMITED,SM005008,KOTAK PENSION FUND SCHEME A - TIER I,13.8853
05/16/2021,PFM005,KOTAK MAHINDRA PENSION FUND LIMITED,SM005008,KOTAK PENSION FUND SCHEME A - TIER I,13.8865
05/22/2021,PFM005,KOTAK MAHINDRA PENSION FUND LIMITED,SM005008,KOTAK PENSION FUND SCHEME A - TIER I,13.9226
05/23/2021,PFM005,KOTAK MAHINDRA PENSION FUND LIMITED,SM005008,KOTAK PENSION FUND SCHEME A - TIER I,13.9239
05/26/2021,PFM005,KOTAK MAHINDRA PENSION FUND LIMITED,SM005008,KOTAK PENSION FUND SCHEME A - TIER I,13.9332
05/29/2021,PFM005,KOTAK MAHINDRA PENSION FUND LIMITED,SM005008,KOTAK PENSION FUND SCHEME A - TIER I,13.9365
05/30/2021,PFM005,KOTAK MAHINDRA PENSION FUND LIMITED,SM005008,KOTAK PENSION FUND SCHEME A - TIER I,13.9378
06/05/2021,PFM005,KOTAK MAHINDRA PENSION FUND LIMITED,SM005008,KOTAK PENSION FUND SCHEME A - TIER I,13.9725
06/06/2021,PFM005,KOTAK MAHINDRA PENSION FUND LIMITED,SM005008,KOTAK PENSION FUND SCHEME A - TIER I,13.9737
06/12/2021,PFM005,KOTAK MAHINDRA PENSION FUND LIMITED,SM005008,KOTAK PENSION FUND SCHEME A - TIER I,13.9945
06/13/2021,PFM005,KOTAK MAHINDRA PENSION FUND LIMITED,SM005008,KOTAK PENSION FUND SCHEME A - TIER I,13.9957
06/19/2021,PFM005,KOTAK MAHINDRA PENSION FUND LIMITED,SM005008,KOTAK PENSION FUND SCHEME A - TIER I,13.9616
06/20/2021,PFM005,KOTAK MAHINDRA PENSION FUND LIMITED,SM005008,KOTAK PENSION FUND SCHEME A - TIER I,13.9628
06/26/2021,PFM005,KOTAK MAHINDRA PENSION FUND LIMITED,SM005008,KOTAK PENSION FUND SCHEME A - TIER I,13.9954
06/27/2021,PFM005,KOTAK MAHINDRA PENSION FUND LIMITED,SM005008,KOTAK PENSION FUND SCHEME A - TIER I,13.9966
07/03/2021,PFM005,KOTAK MAHINDRA PENSION FUND LIMITED,SM005008,KOTAK PENSION FUND SCHEME A - TIER I,13.9780
07/04/2021,PFM005,KOTAK MAHINDRA PENSION FUND LIMITED,SM005008,KOTAK PENSION FUND SCHEME A - TIER I,13.9792
07/10/2021,PFM005,KOTAK MAHINDRA PENSION FUND LIMITED,SM005008,KOTAK PENSION FUND SCHEME A - TIER I,13.9977
07/11/2021,PFM005,KOTAK MAHINDRA PENSION FUND LIMITED,SM005008,KOTAK PENSION FUND SCHEME A - TIER I,13.9993
07/17/2021,PFM005,KOTAK MAHINDRA PENSION FUND LIMITED,SM005008,KOTAK PENSION FUND SCHEME A - TIER I,14.0145
07/18/2021,PFM005,KOTAK MAHINDRA PENSION FUND LIMITED,SM005008,KOTAK PENSION FUND SCHEME A - TIER I,14.0161
07/21/2021,PFM005,KOTAK MAHINDRA PENSION FUND LIMITED,SM005008,KOTAK PENSION FUND SCHEME A - TIER I,14.0579
07/24/2021,PFM005,KOTAK MAHINDRA PENSION FUND LIMITED,SM005008,KOTAK PENSION FUND SCHEME A - TIER I,14.0080
07/25/2021,PFM005,KOTAK MAHINDRA PENSION FUND LIMITED,SM005008,KOTAK PENSION FUND SCHEME A - TIER I,14.0096
07/31/2021,PFM005,KOTAK MAHINDRA PENSION FUND LIMITED,SM005008,KOTAK PENSION FUND SCHEME A - TIER I,14.0834
08/01/2021,PFM005,KOTAK MAHINDRA PENSION FUND LIMITED,SM005008,KOTAK PENSION FUND SCHEME A - TIER I,14.0850
08/07/2021,PFM005,KOTAK MAHINDRA PENSION FUND LIMITED,SM005008,KOTAK PENSION FUND SCHEME A - TIER I,14.1304
08/08/2021,PFM005,KOTAK MAHINDRA PENSION FUND LIMITED,SM005008,KOTAK PENSION FUND SCHEME A - TIER I,14.1320
