06/26/2020,PFM003,LIC PENSION FUND LIMITED,SM003010,LIC PENSION FUND SCHEME G - TIER II,22.4197
05/16/2020,PFM003,LIC PENSION FUND LIMITED,SM003010,LIC PENSION FUND SCHEME G - TIER II,22.7861
08/10/2019,PFM003,LIC PENSION FUND LIMITED,SM003010,LIC PENSION FUND SCHEME G - TIER II,20.3119
04/20/2018,PFM003,LIC PENSION FUND LIMITED,SM003010,LIC PENSION FUND SCHEME G - TIER II,16.1907
03/13/2018,PFM003,LIC PENSION FUND LIMITED,SM003010,LIC PENSION FUND SCHEME G - TIER II,15.8519
08/29/2017,PFM003,LIC PENSION FUND LIMITED,SM003010,LIC PENSION FUND SCHEME G - TIER II,16.3776
06/28/2017,PFM003,LIC PENSION FUND LIMITED,SM003010,LIC PENSION FUND SCHEME G - TIER II,16.2454
05/30/2017,PFM003,LIC PENSION FUND LIMITED,SM003010,LIC PENSION FUND SCHEME G - TIER II,15.8452
05/15/2017,PFM003,LIC PENSION FUND LIMITED,SM003010,LIC PENSION FUND SCHEME G - TIER II,15.7145
04/23/2017,PFM003,LIC PENSION FUND LIMITED,SM003010,LIC PENSION FUND SCHEME G - TIER II,16.1724
11/04/2016,PFM003,LIC PENSION FUND LIMITED,SM003010,LIC PENSION FUND SCHEME G - TIER II,15.162
04/25/2016,PFM003,LIC PENSION FUND LIMITED,SM003010,LIC PENSION FUND SCHEME G - TIER II,13.8505
04/18/2016,PFM003,LIC PENSION FUND LIMITED,SM003010,LIC PENSION FUND SCHEME G - TIER II,13.8842
04/13/2016,PFM003,LIC PENSION FUND LIMITED,SM003010,LIC PENSION FUND SCHEME G - TIER II,13.8599
03/15/2016,PFM003,LIC PENSION FUND LIMITED,SM003010,LIC PENSION FUND SCHEME G - TIER II,13.448
02/27/2016,PFM003,LIC PENSION FUND LIMITED,SM003010,LIC PENSION FUND SCHEME G - TIER II,15.3334
01/30/2016,PFM003,LIC PENSION FUND LIMITED,SM003010,LIC PENSION FUND SCHEME G - TIER II,15.7152
01/06/2016,PFM003,LIC PENSION FUND LIMITED,SM003010,LIC PENSION FUND SCHEME G - TIER II,13.324
12/23/2015,PFM003,LIC PENSION FUND LIMITED,SM003010,LIC PENSION FUND SCHEME G - TIER II,13.3002
12/20/2015,PFM003,LIC PENSION FUND LIMITED,SM003010,LIC PENSION FUND SCHEME G - TIER II,16.1612
10/04/2015,PFM003,LIC PENSION FUND LIMITED,SM003010,LIC PENSION FUND SCHEME G - TIER II,16.3408
08/21/2015,PFM003,LIC PENSION FUND LIMITED,SM003010,LIC PENSION FUND SCHEME G - TIER II,12.9998
06/19/2015,PFM003,LIC PENSION FUND LIMITED,SM003010,LIC PENSION FUND SCHEME G - TIER II,12.7735
04/06/2015,PFM003,LIC PENSION FUND LIMITED,SM003010,LIC PENSION FUND SCHEME G - TIER II,12.8781
03/08/2015,PFM003,LIC PENSION FUND LIMITED,SM003010,LIC PENSION FUND SCHEME G - TIER II,13.359
01/30/2015,PFM003,LIC PENSION FUND LIMITED,SM003010,LIC PENSION FUND SCHEME G - TIER II,12.7863
01/01/1970,PFM003,LIC PENSION FUND LIMITED,SM003010,LIC PENSION FUND SCHEME G - TIER II,12.9368
12/16/2014,PFM003,LIC PENSION FUND LIMITED,SM003010,LIC PENSION FUND SCHEME G - TIER II,12.3969
10/17/2014,PFM003,LIC PENSION FUND LIMITED,SM003010,LIC PENSION FUND SCHEME G - TIER II,11.6941
08/14/2014,PFM003,LIC PENSION FUND LIMITED,SM003010,LIC PENSION FUND SCHEME G - TIER II,11.3291
07/03/2014,PFM003,LIC PENSION FUND LIMITED,SM003010,LIC PENSION FUND SCHEME G - TIER II,11.3158
06/26/2014,PFM003,LIC PENSION FUND LIMITED,SM003010,LIC PENSION FUND SCHEME G - TIER II,11.2458
06/25/2014,PFM003,LIC PENSION FUND LIMITED,SM003010,LIC PENSION FUND SCHEME G - TIER II,11.2591
06/23/2014,PFM003,LIC PENSION FUND LIMITED,SM003010,LIC PENSION FUND SCHEME G - TIER II,11.2238
06/20/2014,PFM003,LIC PENSION FUND LIMITED,SM003010,LIC PENSION FUND SCHEME G - TIER II,11.2508
06/18/2014,PFM003,LIC PENSION FUND LIMITED,SM003010,LIC PENSION FUND SCHEME G - TIER II,11.2979
06/17/2014,PFM003,LIC PENSION FUND LIMITED,SM003010,LIC PENSION FUND SCHEME G - TIER II,11.3405
06/16/2014,PFM003,LIC PENSION FUND LIMITED,SM003010,LIC PENSION FUND SCHEME G - TIER II,11.3153
06/13/2014,PFM003,LIC PENSION FUND LIMITED,SM003010,LIC PENSION FUND SCHEME G - TIER II,11.3337
06/12/2014,PFM003,LIC PENSION FUND LIMITED,SM003010,LIC PENSION FUND SCHEME G - TIER II,11.3665
06/11/2014,PFM003,LIC PENSION FUND LIMITED,SM003010,LIC PENSION FUND SCHEME G - TIER II,11.3799
06/10/2014,PFM003,LIC PENSION FUND LIMITED,SM003010,LIC PENSION FUND SCHEME G - TIER II,11.3695
06/09/2014,PFM003,LIC PENSION FUND LIMITED,SM003010,LIC PENSION FUND SCHEME G - TIER II,11.3721
06/06/2014,PFM003,LIC PENSION FUND LIMITED,SM003010,LIC PENSION FUND SCHEME G - TIER II,11.4013
06/05/2014,PFM003,LIC PENSION FUND LIMITED,SM003010,LIC PENSION FUND SCHEME G - TIER II,11.3535
06/03/2014,PFM003,LIC PENSION FUND LIMITED,SM003010,LIC PENSION FUND SCHEME G - TIER II,11.2376
06/02/2014,PFM003,LIC PENSION FUND LIMITED,SM003010,LIC PENSION FUND SCHEME G - TIER II,11.1765
05/30/2014,PFM003,LIC PENSION FUND LIMITED,SM003010,LIC PENSION FUND SCHEME G - TIER II,11.17
05/27/2014,PFM003,LIC PENSION FUND LIMITED,SM003010,LIC PENSION FUND SCHEME G - TIER II,11.0802
05/26/2014,PFM003,LIC PENSION FUND LIMITED,SM003010,LIC PENSION FUND SCHEME G - TIER II,11.0565
05/23/2014,PFM003,LIC PENSION FUND LIMITED,SM003010,LIC PENSION FUND SCHEME G - TIER II,11.0889
05/22/2014,PFM003,LIC PENSION FUND LIMITED,SM003010,LIC PENSION FUND SCHEME G - TIER II,11.0312
05/20/2014,PFM003,LIC PENSION FUND LIMITED,SM003010,LIC PENSION FUND SCHEME G - TIER II,10.942
05/19/2014,PFM003,LIC PENSION FUND LIMITED,SM003010,LIC PENSION FUND SCHEME G - TIER II,10.9183
05/16/2014,PFM003,LIC PENSION FUND LIMITED,SM003010,LIC PENSION FUND SCHEME G - TIER II,10.9074
05/15/2014,PFM003,LIC PENSION FUND LIMITED,SM003010,LIC PENSION FUND SCHEME G - TIER II,10.9194
05/13/2014,PFM003,LIC PENSION FUND LIMITED,SM003010,LIC PENSION FUND SCHEME G - TIER II,10.8989
05/12/2014,PFM003,LIC PENSION FUND LIMITED,SM003010,LIC PENSION FUND SCHEME G - TIER II,10.9268
05/09/2014,PFM003,LIC PENSION FUND LIMITED,SM003010,LIC PENSION FUND SCHEME G - TIER II,10.9179
05/08/2014,PFM003,LIC PENSION FUND LIMITED,SM003010,LIC PENSION FUND SCHEME G - TIER II,10.9008
05/07/2014,PFM003,LIC PENSION FUND LIMITED,SM003010,LIC PENSION FUND SCHEME G - TIER II,10.8808
05/06/2014,PFM003,LIC PENSION FUND LIMITED,SM003010,LIC PENSION FUND SCHEME G - TIER II,10.898
05/05/2014,PFM003,LIC PENSION FUND LIMITED,SM003010,LIC PENSION FUND SCHEME G - TIER II,10.9095
05/02/2014,PFM003,LIC PENSION FUND LIMITED,SM003010,LIC PENSION FUND SCHEME G - TIER II,10.8488
04/28/2014,PFM003,LIC PENSION FUND LIMITED,SM003010,LIC PENSION FUND SCHEME G - TIER II,10.7961
04/25/2014,PFM003,LIC PENSION FUND LIMITED,SM003010,LIC PENSION FUND SCHEME G - TIER II,10.7752
04/23/2014,PFM003,LIC PENSION FUND LIMITED,SM003010,LIC PENSION FUND SCHEME G - TIER II,10.7921
04/22/2014,PFM003,LIC PENSION FUND LIMITED,SM003010,LIC PENSION FUND SCHEME G - TIER II,10.7934
04/21/2014,PFM003,LIC PENSION FUND LIMITED,SM003010,LIC PENSION FUND SCHEME G - TIER II,10.7707
04/17/2014,PFM003,LIC PENSION FUND LIMITED,SM003010,LIC PENSION FUND SCHEME G - TIER II,10.7031
04/16/2014,PFM003,LIC PENSION FUND LIMITED,SM003010,LIC PENSION FUND SCHEME G - TIER II,10.6345
04/15/2014,PFM003,LIC PENSION FUND LIMITED,SM003010,LIC PENSION FUND SCHEME G - TIER II,10.6362
04/11/2014,PFM003,LIC PENSION FUND LIMITED,SM003010,LIC PENSION FUND SCHEME G - TIER II,10.6082
04/10/2014,PFM003,LIC PENSION FUND LIMITED,SM003010,LIC PENSION FUND SCHEME G - TIER II,10.5693
04/09/2014,PFM003,LIC PENSION FUND LIMITED,SM003010,LIC PENSION FUND SCHEME G - TIER II,10.5544
04/07/2014,PFM003,LIC PENSION FUND LIMITED,SM003010,LIC PENSION FUND SCHEME G - TIER II,10.5134
04/04/2014,PFM003,LIC PENSION FUND LIMITED,SM003010,LIC PENSION FUND SCHEME G - TIER II,10.5166
04/03/2014,PFM003,LIC PENSION FUND LIMITED,SM003010,LIC PENSION FUND SCHEME G - TIER II,10.554
04/02/2014,PFM003,LIC PENSION FUND LIMITED,SM003010,LIC PENSION FUND SCHEME G - TIER II,10.5869
03/28/2014,PFM003,LIC PENSION FUND LIMITED,SM003010,LIC PENSION FUND SCHEME G - TIER II,10.7032
03/27/2014,PFM003,LIC PENSION FUND LIMITED,SM003010,LIC PENSION FUND SCHEME G - TIER II,10.6933
03/26/2014,PFM003,LIC PENSION FUND LIMITED,SM003010,LIC PENSION FUND SCHEME G - TIER II,10.7099
03/25/2014,PFM003,LIC PENSION FUND LIMITED,SM003010,LIC PENSION FUND SCHEME G - TIER II,10.6988
03/24/2014,PFM003,LIC PENSION FUND LIMITED,SM003010,LIC PENSION FUND SCHEME G - TIER II,10.6998
03/23/2014,PFM003,LIC PENSION FUND LIMITED,SM003010,LIC PENSION FUND SCHEME G - TIER II,12.806
03/21/2014,PFM003,LIC PENSION FUND LIMITED,SM003010,LIC PENSION FUND SCHEME G - TIER II,10.6832
03/20/2014,PFM003,LIC PENSION FUND LIMITED,SM003010,LIC PENSION FUND SCHEME G - TIER II,10.6551
03/19/2014,PFM003,LIC PENSION FUND LIMITED,SM003010,LIC PENSION FUND SCHEME G - TIER II,10.6712
03/18/2014,PFM003,LIC PENSION FUND LIMITED,SM003010,LIC PENSION FUND SCHEME G - TIER II,10.6496
03/14/2014,PFM003,LIC PENSION FUND LIMITED,SM003010,LIC PENSION FUND SCHEME G - TIER II,10.6277
03/13/2014,PFM003,LIC PENSION FUND LIMITED,SM003010,LIC PENSION FUND SCHEME G - TIER II,10.6423
03/12/2014,PFM003,LIC PENSION FUND LIMITED,SM003010,LIC PENSION FUND SCHEME G - TIER II,10.6467
03/11/2014,PFM003,LIC PENSION FUND LIMITED,SM003010,LIC PENSION FUND SCHEME G - TIER II,10.6326
03/10/2014,PFM003,LIC PENSION FUND LIMITED,SM003010,LIC PENSION FUND SCHEME G - TIER II,10.5982
03/07/2014,PFM003,LIC PENSION FUND LIMITED,SM003010,LIC PENSION FUND SCHEME G - TIER II,10.5742
03/06/2014,PFM003,LIC PENSION FUND LIMITED,SM003010,LIC PENSION FUND SCHEME G - TIER II,10.5702
03/05/2014,PFM003,LIC PENSION FUND LIMITED,SM003010,LIC PENSION FUND SCHEME G - TIER II,10.545
03/04/2014,PFM003,LIC PENSION FUND LIMITED,SM003010,LIC PENSION FUND SCHEME G - TIER II,10.5408
03/03/2014,PFM003,LIC PENSION FUND LIMITED,SM003010,LIC PENSION FUND SCHEME G - TIER II,10.5203
02/28/2014,PFM003,LIC PENSION FUND LIMITED,SM003010,LIC PENSION FUND SCHEME G - TIER II,10.5285
02/26/2014,PFM003,LIC PENSION FUND LIMITED,SM003010,LIC PENSION FUND SCHEME G - TIER II,10.4866
02/25/2014,PFM003,LIC PENSION FUND LIMITED,SM003010,LIC PENSION FUND SCHEME G - TIER II,10.4975
02/24/2014,PFM003,LIC PENSION FUND LIMITED,SM003010,LIC PENSION FUND SCHEME G - TIER II,10.4883
02/24/2014,PFM003,LIC PENSION FUND LIMITED,SM003010,LIC PENSION FUND SCHEME G - TIER II,12.8435
02/21/2014,PFM003,LIC PENSION FUND LIMITED,SM003010,LIC PENSION FUND SCHEME G - TIER II,10.5218
02/20/2014,PFM003,LIC PENSION FUND LIMITED,SM003010,LIC PENSION FUND SCHEME G - TIER II,10.5193
02/18/2014,PFM003,LIC PENSION FUND LIMITED,SM003010,LIC PENSION FUND SCHEME G - TIER II,10.5154
02/17/2014,PFM003,LIC PENSION FUND LIMITED,SM003010,LIC PENSION FUND SCHEME G - TIER II,10.494
02/14/2014,PFM003,LIC PENSION FUND LIMITED,SM003010,LIC PENSION FUND SCHEME G - TIER II,10.4931
02/13/2014,PFM003,LIC PENSION FUND LIMITED,SM003010,LIC PENSION FUND SCHEME G - TIER II,10.4662
02/12/2014,PFM003,LIC PENSION FUND LIMITED,SM003010,LIC PENSION FUND SCHEME G - TIER II,10.4924
02/11/2014,PFM003,LIC PENSION FUND LIMITED,SM003010,LIC PENSION FUND SCHEME G - TIER II,10.5471
02/10/2014,PFM003,LIC PENSION FUND LIMITED,SM003010,LIC PENSION FUND SCHEME G - TIER II,10.5854
02/07/2014,PFM003,LIC PENSION FUND LIMITED,SM003010,LIC PENSION FUND SCHEME G - TIER II,10.5591
02/06/2014,PFM003,LIC PENSION FUND LIMITED,SM003010,LIC PENSION FUND SCHEME G - TIER II,10.5681
02/05/2014,PFM003,LIC PENSION FUND LIMITED,SM003010,LIC PENSION FUND SCHEME G - TIER II,10.5577
02/04/2014,PFM003,LIC PENSION FUND LIMITED,SM003010,LIC PENSION FUND SCHEME G - TIER II,10.5791
02/03/2014,PFM003,LIC PENSION FUND LIMITED,SM003010,LIC PENSION FUND SCHEME G - TIER II,10.529
01/31/2014,PFM003,LIC PENSION FUND LIMITED,SM003010,LIC PENSION FUND SCHEME G - TIER II,10.4985
01/30/2014,PFM003,LIC PENSION FUND LIMITED,SM003010,LIC PENSION FUND SCHEME G - TIER II,10.4825
01/29/2014,PFM003,LIC PENSION FUND LIMITED,SM003010,LIC PENSION FUND SCHEME G - TIER II,10.5184
01/28/2014,PFM003,LIC PENSION FUND LIMITED,SM003010,LIC PENSION FUND SCHEME G - TIER II,10.5362
01/27/2014,PFM003,LIC PENSION FUND LIMITED,SM003010,LIC PENSION FUND SCHEME G - TIER II,10.5522
01/24/2014,PFM003,LIC PENSION FUND LIMITED,SM003010,LIC PENSION FUND SCHEME G - TIER II,10.5705
01/23/2014,PFM003,LIC PENSION FUND LIMITED,SM003010,LIC PENSION FUND SCHEME G - TIER II,10.6282
01/22/2014,PFM003,LIC PENSION FUND LIMITED,SM003010,LIC PENSION FUND SCHEME G - TIER II,10.6464
01/21/2014,PFM003,LIC PENSION FUND LIMITED,SM003010,LIC PENSION FUND SCHEME G - TIER II,10.6535
01/20/2014,PFM003,LIC PENSION FUND LIMITED,SM003010,LIC PENSION FUND SCHEME G - TIER II,10.6804
01/17/2014,PFM003,LIC PENSION FUND LIMITED,SM003010,LIC PENSION FUND SCHEME G - TIER II,10.6092
01/16/2014,PFM003,LIC PENSION FUND LIMITED,SM003010,LIC PENSION FUND SCHEME G - TIER II,10.6359
01/15/2014,PFM003,LIC PENSION FUND LIMITED,SM003010,LIC PENSION FUND SCHEME G - TIER II,10.6022
01/13/2014,PFM003,LIC PENSION FUND LIMITED,SM003010,LIC PENSION FUND SCHEME G - TIER II,10.5339
01/10/2014,PFM003,LIC PENSION FUND LIMITED,SM003010,LIC PENSION FUND SCHEME G - TIER II,10.4923
01/09/2014,PFM003,LIC PENSION FUND LIMITED,SM003010,LIC PENSION FUND SCHEME G - TIER II,10.4689
01/08/2014,PFM003,LIC PENSION FUND LIMITED,SM003010,LIC PENSION FUND SCHEME G - TIER II,10.4253
01/07/2014,PFM003,LIC PENSION FUND LIMITED,SM003010,LIC PENSION FUND SCHEME G - TIER II,10.4339
01/06/2014,PFM003,LIC PENSION FUND LIMITED,SM003010,LIC PENSION FUND SCHEME G - TIER II,10.4337
01/03/2014,PFM003,LIC PENSION FUND LIMITED,SM003010,LIC PENSION FUND SCHEME G - TIER II,10.3768
01/02/2014,PFM003,LIC PENSION FUND LIMITED,SM003010,LIC PENSION FUND SCHEME G - TIER II,10.3682
01/01/2014,PFM003,LIC PENSION FUND LIMITED,SM003010,LIC PENSION FUND SCHEME G - TIER II,10.3684
12/31/2013,PFM003,LIC PENSION FUND LIMITED,SM003010,LIC PENSION FUND SCHEME G - TIER II,10.3791
12/30/2013,PFM003,LIC PENSION FUND LIMITED,SM003010,LIC PENSION FUND SCHEME G - TIER II,10.35
12/27/2013,PFM003,LIC PENSION FUND LIMITED,SM003010,LIC PENSION FUND SCHEME G - TIER II,10.3136
12/26/2013,PFM003,LIC PENSION FUND LIMITED,SM003010,LIC PENSION FUND SCHEME G - TIER II,10.3253
12/24/2013,PFM003,LIC PENSION FUND LIMITED,SM003010,LIC PENSION FUND SCHEME G - TIER II,10.3269
12/23/2013,PFM003,LIC PENSION FUND LIMITED,SM003010,LIC PENSION FUND SCHEME G - TIER II,10.3417
12/20/2013,PFM003,LIC PENSION FUND LIMITED,SM003010,LIC PENSION FUND SCHEME G - TIER II,10.3495
12/19/2013,PFM003,LIC PENSION FUND LIMITED,SM003010,LIC PENSION FUND SCHEME G - TIER II,10.3554
12/18/2013,PFM003,LIC PENSION FUND LIMITED,SM003010,LIC PENSION FUND SCHEME G - TIER II,10.2881
12/17/2013,PFM003,LIC PENSION FUND LIMITED,SM003010,LIC PENSION FUND SCHEME G - TIER II,10.2104
12/16/2013,PFM003,LIC PENSION FUND LIMITED,SM003010,LIC PENSION FUND SCHEME G - TIER II,10.2319
12/13/2013,PFM003,LIC PENSION FUND LIMITED,SM003010,LIC PENSION FUND SCHEME G - TIER II,10.2103
12/12/2013,PFM003,LIC PENSION FUND LIMITED,SM003010,LIC PENSION FUND SCHEME G - TIER II,10.2436
12/11/2013,PFM003,LIC PENSION FUND LIMITED,SM003010,LIC PENSION FUND SCHEME G - TIER II,10.247
12/10/2013,PFM003,LIC PENSION FUND LIMITED,SM003010,LIC PENSION FUND SCHEME G - TIER II,10.2488
12/09/2013,PFM003,LIC PENSION FUND LIMITED,SM003010,LIC PENSION FUND SCHEME G - TIER II,10.2383
12/06/2013,PFM003,LIC PENSION FUND LIMITED,SM003010,LIC PENSION FUND SCHEME G - TIER II,10.2622
12/05/2013,PFM003,LIC PENSION FUND LIMITED,SM003010,LIC PENSION FUND SCHEME G - TIER II,10.2947
12/04/2013,PFM003,LIC PENSION FUND LIMITED,SM003010,LIC PENSION FUND SCHEME G - TIER II,10.3058
12/03/2013,PFM003,LIC PENSION FUND LIMITED,SM003010,LIC PENSION FUND SCHEME G - TIER II,10.3226
12/02/2013,PFM003,LIC PENSION FUND LIMITED,SM003010,LIC PENSION FUND SCHEME G - TIER II,10.3334
11/29/2013,PFM003,LIC PENSION FUND LIMITED,SM003010,LIC PENSION FUND SCHEME G - TIER II,10.316
11/28/2013,PFM003,LIC PENSION FUND LIMITED,SM003010,LIC PENSION FUND SCHEME G - TIER II,10.3308
11/27/2013,PFM003,LIC PENSION FUND LIMITED,SM003010,LIC PENSION FUND SCHEME G - TIER II,10.3414
11/26/2013,PFM003,LIC PENSION FUND LIMITED,SM003010,LIC PENSION FUND SCHEME G - TIER II,10.302
11/25/2013,PFM003,LIC PENSION FUND LIMITED,SM003010,LIC PENSION FUND SCHEME G - TIER II,10.2822
11/22/2013,PFM003,LIC PENSION FUND LIMITED,SM003010,LIC PENSION FUND SCHEME G - TIER II,10.2805
11/21/2013,PFM003,LIC PENSION FUND LIMITED,SM003010,LIC PENSION FUND SCHEME G - TIER II,10.3087
11/20/2013,PFM003,LIC PENSION FUND LIMITED,SM003010,LIC PENSION FUND SCHEME G - TIER II,10.3329
11/19/2013,PFM003,LIC PENSION FUND LIMITED,SM003010,LIC PENSION FUND SCHEME G - TIER II,10.3431
11/18/2013,PFM003,LIC PENSION FUND LIMITED,SM003010,LIC PENSION FUND SCHEME G - TIER II,10.2721
11/14/2013,PFM003,LIC PENSION FUND LIMITED,SM003010,LIC PENSION FUND SCHEME G - TIER II,10.24
11/13/2013,PFM003,LIC PENSION FUND LIMITED,SM003010,LIC PENSION FUND SCHEME G - TIER II,10.2693
11/12/2013,PFM003,LIC PENSION FUND LIMITED,SM003010,LIC PENSION FUND SCHEME G - TIER II,10.2111
11/11/2013,PFM003,LIC PENSION FUND LIMITED,SM003010,LIC PENSION FUND SCHEME G - TIER II,10.2409
11/08/2013,PFM003,LIC PENSION FUND LIMITED,SM003010,LIC PENSION FUND SCHEME G - TIER II,10.2053
11/07/2013,PFM003,LIC PENSION FUND LIMITED,SM003010,LIC PENSION FUND SCHEME G - TIER II,10.2028
11/06/2013,PFM003,LIC PENSION FUND LIMITED,SM003010,LIC PENSION FUND SCHEME G - TIER II,10.2003
11/05/2013,PFM003,LIC PENSION FUND LIMITED,SM003010,LIC PENSION FUND SCHEME G - TIER II,10.1979
11/01/2013,PFM003,LIC PENSION FUND LIMITED,SM003010,LIC PENSION FUND SCHEME G - TIER II,10.188
10/31/2013,PFM003,LIC PENSION FUND LIMITED,SM003010,LIC PENSION FUND SCHEME G - TIER II,10.1854
10/30/2013,PFM003,LIC PENSION FUND LIMITED,SM003010,LIC PENSION FUND SCHEME G - TIER II,10.1829
10/29/2013,PFM003,LIC PENSION FUND LIMITED,SM003010,LIC PENSION FUND SCHEME G - TIER II,10.1804
10/28/2013,PFM003,LIC PENSION FUND LIMITED,SM003010,LIC PENSION FUND SCHEME G - TIER II,10.1779
10/25/2013,PFM003,LIC PENSION FUND LIMITED,SM003010,LIC PENSION FUND SCHEME G - TIER II,10.1705
10/24/2013,PFM003,LIC PENSION FUND LIMITED,SM003010,LIC PENSION FUND SCHEME G - TIER II,10.168
10/23/2013,PFM003,LIC PENSION FUND LIMITED,SM003010,LIC PENSION FUND SCHEME G - TIER II,10.1654
10/22/2013,PFM003,LIC PENSION FUND LIMITED,SM003010,LIC PENSION FUND SCHEME G - TIER II,10.1627
10/21/2013,PFM003,LIC PENSION FUND LIMITED,SM003010,LIC PENSION FUND SCHEME G - TIER II,10.16
10/18/2013,PFM003,LIC PENSION FUND LIMITED,SM003010,LIC PENSION FUND SCHEME G - TIER II,10.1516
10/17/2013,PFM003,LIC PENSION FUND LIMITED,SM003010,LIC PENSION FUND SCHEME G - TIER II,10.1489
10/15/2013,PFM003,LIC PENSION FUND LIMITED,SM003010,LIC PENSION FUND SCHEME G - TIER II,10.1438
10/14/2013,PFM003,LIC PENSION FUND LIMITED,SM003010,LIC PENSION FUND SCHEME G - TIER II,10.1411
10/11/2013,PFM003,LIC PENSION FUND LIMITED,SM003010,LIC PENSION FUND SCHEME G - TIER II,10.133
10/10/2013,PFM003,LIC PENSION FUND LIMITED,SM003010,LIC PENSION FUND SCHEME G - TIER II,10.1303
10/09/2013,PFM003,LIC PENSION FUND LIMITED,SM003010,LIC PENSION FUND SCHEME G - TIER II,10.1276
10/08/2013,PFM003,LIC PENSION FUND LIMITED,SM003010,LIC PENSION FUND SCHEME G - TIER II,10.1243
10/07/2013,PFM003,LIC PENSION FUND LIMITED,SM003010,LIC PENSION FUND SCHEME G - TIER II,10.1223
10/04/2013,PFM003,LIC PENSION FUND LIMITED,SM003010,LIC PENSION FUND SCHEME G - TIER II,10.1162
10/03/2013,PFM003,LIC PENSION FUND LIMITED,SM003010,LIC PENSION FUND SCHEME G - TIER II,10.1139
10/01/2013,PFM003,LIC PENSION FUND LIMITED,SM003010,LIC PENSION FUND SCHEME G - TIER II,10.1083
09/30/2013,PFM003,LIC PENSION FUND LIMITED,SM003010,LIC PENSION FUND SCHEME G - TIER II,10.1011
09/27/2013,PFM003,LIC PENSION FUND LIMITED,SM003010,LIC PENSION FUND SCHEME G - TIER II,10.0932
09/26/2013,PFM003,LIC PENSION FUND LIMITED,SM003010,LIC PENSION FUND SCHEME G - TIER II,10.0904
09/25/2013,PFM003,LIC PENSION FUND LIMITED,SM003010,LIC PENSION FUND SCHEME G - TIER II,10.0875
09/24/2013,PFM003,LIC PENSION FUND LIMITED,SM003010,LIC PENSION FUND SCHEME G - TIER II,10.0847
09/23/2013,PFM003,LIC PENSION FUND LIMITED,SM003010,LIC PENSION FUND SCHEME G - TIER II,10.0821
09/20/2013,PFM003,LIC PENSION FUND LIMITED,SM003010,LIC PENSION FUND SCHEME G - TIER II,10.0739
09/19/2013,PFM003,LIC PENSION FUND LIMITED,SM003010,LIC PENSION FUND SCHEME G - TIER II,10.0709
09/18/2013,PFM003,LIC PENSION FUND LIMITED,SM003010,LIC PENSION FUND SCHEME G - TIER II,10.0679
09/16/2013,PFM003,LIC PENSION FUND LIMITED,SM003010,LIC PENSION FUND SCHEME G - TIER II,10.0624
09/13/2013,PFM003,LIC PENSION FUND LIMITED,SM003010,LIC PENSION FUND SCHEME G - TIER II,10.0544
09/12/2013,PFM003,LIC PENSION FUND LIMITED,SM003010,LIC PENSION FUND SCHEME G - TIER II,10.0517
09/11/2013,PFM003,LIC PENSION FUND LIMITED,SM003010,LIC PENSION FUND SCHEME G - TIER II,10.0491
09/10/2013,PFM003,LIC PENSION FUND LIMITED,SM003010,LIC PENSION FUND SCHEME G - TIER II,10.0462
09/06/2013,PFM003,LIC PENSION FUND LIMITED,SM003010,LIC PENSION FUND SCHEME G - TIER II,10.0357
09/05/2013,PFM003,LIC PENSION FUND LIMITED,SM003010,LIC PENSION FUND SCHEME G - TIER II,10.0337
09/04/2013,PFM003,LIC PENSION FUND LIMITED,SM003010,LIC PENSION FUND SCHEME G - TIER II,10.0316
09/03/2013,PFM003,LIC PENSION FUND LIMITED,SM003010,LIC PENSION FUND SCHEME G - TIER II,10.0296
09/02/2013,PFM003,LIC PENSION FUND LIMITED,SM003010,LIC PENSION FUND SCHEME G - TIER II,10.0276
08/30/2013,PFM003,LIC PENSION FUND LIMITED,SM003010,LIC PENSION FUND SCHEME G - TIER II,10.0215
08/29/2013,PFM003,LIC PENSION FUND LIMITED,SM003010,LIC PENSION FUND SCHEME G - TIER II,10.0194
08/28/2013,PFM003,LIC PENSION FUND LIMITED,SM003010,LIC PENSION FUND SCHEME G - TIER II,10.0174
08/27/2013,PFM003,LIC PENSION FUND LIMITED,SM003010,LIC PENSION FUND SCHEME G - TIER II,10.0154
08/26/2013,PFM003,LIC PENSION FUND LIMITED,SM003010,LIC PENSION FUND SCHEME G - TIER II,10.0133
08/23/2013,PFM003,LIC PENSION FUND LIMITED,SM003010,LIC PENSION FUND SCHEME G - TIER II,10.0073
08/22/2013,PFM003,LIC PENSION FUND LIMITED,SM003010,LIC PENSION FUND SCHEME G - TIER II,10.0053
08/21/2013,PFM003,LIC PENSION FUND LIMITED,SM003010,LIC PENSION FUND SCHEME G - TIER II,10.0033
08/20/2013,PFM003,LIC PENSION FUND LIMITED,SM003010,LIC PENSION FUND SCHEME G - TIER II,10.0013
08/19/2013,PFM003,LIC PENSION FUND LIMITED,SM003010,LIC PENSION FUND SCHEME G - TIER II,9.9992
08/16/2013,PFM003,LIC PENSION FUND LIMITED,SM003010,LIC PENSION FUND SCHEME G - TIER II,9.9995
08/14/2013,PFM003,LIC PENSION FUND LIMITED,SM003010,LIC PENSION FUND SCHEME G - TIER II,9.9997
08/13/2013,PFM003,LIC PENSION FUND LIMITED,SM003010,LIC PENSION FUND SCHEME G - TIER II,9.9998
08/12/2013,PFM003,LIC PENSION FUND LIMITED,SM003010,LIC PENSION FUND SCHEME G - TIER II,10
08/08/2013,PFM003,LIC PENSION FUND LIMITED,SM003010,LIC PENSION FUND SCHEME G - TIER II,10
08/07/2013,PFM003,LIC PENSION FUND LIMITED,SM003010,LIC PENSION FUND SCHEME G - TIER II,10
08/06/2013,PFM003,LIC PENSION FUND LIMITED,SM003010,LIC PENSION FUND SCHEME G - TIER II,10
08/05/2013,PFM003,LIC PENSION FUND LIMITED,SM003010,LIC PENSION FUND SCHEME G - TIER II,10
08/02/2013,PFM003,LIC PENSION FUND LIMITED,SM003010,LIC PENSION FUND SCHEME G - TIER II,10
08/01/2013,PFM003,LIC PENSION FUND LIMITED,SM003010,LIC PENSION FUND SCHEME G - TIER II,10
07/31/2013,PFM003,LIC PENSION FUND LIMITED,SM003010,LIC PENSION FUND SCHEME G - TIER II,10
07/30/2013,PFM003,LIC PENSION FUND LIMITED,SM003010,LIC PENSION FUND SCHEME G - TIER II,10
07/29/2013,PFM003,LIC PENSION FUND LIMITED,SM003010,LIC PENSION FUND SCHEME G - TIER II,10
07/25/2013,PFM003,LIC PENSION FUND LIMITED,SM003010,LIC PENSION FUND SCHEME G - TIER II,10
07/24/2013,PFM003,LIC PENSION FUND LIMITED,SM003010,LIC PENSION FUND SCHEME G - TIER II,10
07/23/2013,PFM003,LIC PENSION FUND LIMITED,SM003010,LIC PENSION FUND SCHEME G - TIER II,10
07/22/2013,PFM003,LIC PENSION FUND LIMITED,SM003010,LIC PENSION FUND SCHEME G - TIER II,10
07/19/2013,PFM003,LIC PENSION FUND LIMITED,SM003010,LIC PENSION FUND SCHEME G - TIER II,10
07/18/2013,PFM003,LIC PENSION FUND LIMITED,SM003010,LIC PENSION FUND SCHEME G - TIER II,10
07/17/2013,PFM003,LIC PENSION FUND LIMITED,SM003010,LIC PENSION FUND SCHEME G - TIER II,10
07/16/2013,PFM003,LIC PENSION FUND LIMITED,SM003010,LIC PENSION FUND SCHEME G - TIER II,10
07/15/2013,PFM003,LIC PENSION FUND LIMITED,SM003010,LIC PENSION FUND SCHEME G - TIER II,10
07/12/2013,PFM003,LIC PENSION FUND LIMITED,SM003010,LIC PENSION FUND SCHEME G - TIER II,10
07/11/2013,PFM003,LIC PENSION FUND LIMITED,SM003010,LIC PENSION FUND SCHEME G - TIER II,10
07/10/2013,PFM003,LIC PENSION FUND LIMITED,SM003010,LIC PENSION FUND SCHEME G - TIER II,10
07/09/2013,PFM003,LIC PENSION FUND LIMITED,SM003010,LIC PENSION FUND SCHEME G - TIER II,10
07/08/2013,PFM003,LIC PENSION FUND LIMITED,SM003010,LIC PENSION FUND SCHEME G - TIER II,10
07/05/2013,PFM003,LIC PENSION FUND LIMITED,SM003010,LIC PENSION FUND SCHEME G - TIER II,10
07/04/2013,PFM003,LIC PENSION FUND LIMITED,SM003010,LIC PENSION FUND SCHEME G - TIER II,10
07/03/2013,PFM003,LIC PENSION FUND LIMITED,SM003010,LIC PENSION FUND SCHEME G - TIER II,10
07/02/2013,PFM003,LIC PENSION FUND LIMITED,SM003010,LIC PENSION FUND SCHEME G - TIER II,10
07/01/2013,PFM003,LIC PENSION FUND LIMITED,SM003010,LIC PENSION FUND SCHEME G - TIER II,10
06/28/2013,PFM003,LIC PENSION FUND LIMITED,SM003010,LIC PENSION FUND SCHEME G - TIER II,10
06/27/2013,PFM003,LIC PENSION FUND LIMITED,SM003010,LIC PENSION FUND SCHEME G - TIER II,10
06/26/2013,PFM003,LIC PENSION FUND LIMITED,SM003010,LIC PENSION FUND SCHEME G - TIER II,10
06/25/2013,PFM003,LIC PENSION FUND LIMITED,SM003010,LIC PENSION FUND SCHEME G - TIER II,10
06/24/2013,PFM003,LIC PENSION FUND LIMITED,SM003010,LIC PENSION FUND SCHEME G - TIER II,10
06/21/2013,PFM003,LIC PENSION FUND LIMITED,SM003010,LIC PENSION FUND SCHEME G - TIER II,10
06/20/2013,PFM003,LIC PENSION FUND LIMITED,SM003010,LIC PENSION FUND SCHEME G - TIER II,10
06/19/2013,PFM003,LIC PENSION FUND LIMITED,SM003010,LIC PENSION FUND SCHEME G - TIER II,10
06/18/2013,PFM003,LIC PENSION FUND LIMITED,SM003010,LIC PENSION FUND SCHEME G - TIER II,10
06/17/2013,PFM003,LIC PENSION FUND LIMITED,SM003010,LIC PENSION FUND SCHEME G - TIER II,10
06/14/2013,PFM003,LIC PENSION FUND LIMITED,SM003010,LIC PENSION FUND SCHEME G - TIER II,10
06/13/2013,PFM003,LIC PENSION FUND LIMITED,SM003010,LIC PENSION FUND SCHEME G - TIER II,10
06/12/2013,PFM003,LIC PENSION FUND LIMITED,SM003010,LIC PENSION FUND SCHEME G - TIER II,10
06/11/2013,PFM003,LIC PENSION FUND LIMITED,SM003010,LIC PENSION FUND SCHEME G - TIER II,10
06/10/2013,PFM003,LIC PENSION FUND LIMITED,SM003010,LIC PENSION FUND SCHEME G - TIER II,10
06/07/2013,PFM003,LIC PENSION FUND LIMITED,SM003010,LIC PENSION FUND SCHEME G - TIER II,10
